row_id,split
0,train
1,test
2,train
3,test
4,train
5,train
6,train
7,train
8,train
9,train
10,train
11,train
12,train
13,train
14,test
15,train
16,train
17,train
18,train
19,val
20,train
21,train
22,test
23,train
24,train
25,train
26,train
27,train
28,train
29,test
30,train
31,val
32,train
33,val
34,train
35,train
36,test
37,test
38,train
39,val
40,train
41,train
42,train
43,train
44,test
45,train
46,val
47,train
48,train
49,train
50,train
51,train
52,train
53,train
54,test
55,train
56,train
57,test
58,train
59,train
60,train
61,train
62,val
63,train
64,train
65,train
66,train
67,train
68,train
69,train
70,train
71,train
72,train
73,train
74,train
75,val
76,test
77,train
78,val
79,train
80,val
81,val
82,train
83,train
84,test
85,train
86,train
87,val
88,test
89,train
90,train
91,train
92,train
93,test
94,test
95,train
96,train
97,test
98,train
99,train
100,val
101,train
102,test
103,train
104,train
105,train
106,val
107,train
108,train
109,train
110,val
111,test
112,val
113,val
114,val
115,test
116,train
117,train
118,val
119,train
120,train
121,train
122,train
123,train
124,train
125,test
126,train
127,val
128,train
129,test
130,train
131,val
132,train
133,train
134,test
135,test
136,test
137,test
138,train
139,val
140,test
141,train
142,val
143,train
144,val
145,train
146,test
147,train
148,train
149,test
150,train
151,val
152,train
153,test
154,test
155,train
156,train
157,val
158,val
159,train
160,train
161,train
162,train
163,train
164,train
165,train
166,test
167,train
168,test
169,train
170,test
171,train
172,train
173,train
174,val
175,test
176,train
177,train
178,train
179,train
180,test
181,test
182,train
183,train
184,test
185,train
186,train
187,test
188,train
189,val
190,train
191,val
192,train
193,test
194,train
195,test
196,train
197,train
198,train
199,train
200,train
201,test
202,test
203,train
204,train
205,train
206,train
207,train
208,train
209,val
210,train
211,train
212,train
213,train
214,train
215,val
216,train
217,train
218,test
219,train
220,train
221,train
222,train
223,train
224,test
225,val
226,train
227,test
228,train
229,train
230,train
231,val
232,test
233,val
234,test
235,train
236,val
237,train
238,train
239,test
240,test
241,train
242,val
243,train
244,val
245,train
246,val
247,val
248,val
249,train
250,train
251,train
252,train
253,test
254,train
255,test
256,train
257,train
258,train
259,train
260,train
261,train
262,train
263,train
264,train
265,val
266,train
267,train
268,train
269,test
270,train
271,train
272,train
273,train
274,train
275,test
276,train
277,val
278,train
279,val
280,train
281,val
282,val
283,val
284,train
285,train
286,train
287,val
288,train
289,train
290,train
291,train
292,train
293,val
294,train
295,train
296,train
297,train
298,train
299,train
300,train
301,test
302,train
303,train
304,train
305,train
306,train
307,train
308,train
309,train
310,train
311,train
312,train
313,train
314,val
315,train
316,test
317,train
318,train
319,train
320,train
321,train
322,train
323,train
324,train
325,val
326,test
327,train
328,val
329,train
330,train
331,val
332,train
333,test
334,train
335,test
336,train
337,val
338,test
339,test
340,train
341,val
342,val
343,train
344,train
345,train
346,train
347,train
348,train
349,train
350,train
351,train
352,train
353,test
354,train
355,train
356,test
357,test
358,train
359,train
360,test
361,train
362,train
363,test
364,test
365,train
366,train
367,train
368,train
369,train
370,train
371,train
372,val
373,train
374,train
375,train
376,train
377,train
378,train
379,train
380,train
381,train
382,train
383,train
384,train
385,train
386,val
387,train
388,val
389,train
390,val
391,test
392,train
393,test
394,train
395,train
396,train
397,train
398,train
399,train
400,train
401,train
402,val
403,train
404,train
405,train
406,val
407,train
408,val
409,val
410,train
411,val
412,train
413,train
414,train
415,train
416,train
417,train
418,test
419,test
420,train
421,val
422,train
423,train
424,test
425,train
426,train
427,train
428,val
429,test
430,train
431,train
432,train
433,train
434,test
435,test
436,train
437,val
438,train
439,train
440,train
441,val
442,train
443,train
444,val
445,val
446,val
447,train
448,train
449,train
450,train
451,train
452,train
453,train
454,test
455,train
456,train
457,val
458,train
459,train
460,train
461,train
462,train
463,train
464,train
465,train
466,test
467,train
468,train
469,test
470,train
471,train
472,train
473,train
474,val
475,val
476,train
477,train
478,test
479,train
480,train
481,train
482,train
483,train
484,train
485,val
486,train
487,train
488,train
489,test
490,train
491,train
492,train
493,val
494,train
495,train
496,train
497,train
498,train
499,train
500,train
501,train
502,train
503,train
504,train
505,train
506,train
507,train
508,train
509,train
510,train
511,val
512,val
513,train
514,train
515,train
516,train
517,train
518,train
519,train
520,train
521,train
522,train
523,train
524,train
525,train
526,test
527,train
528,train
529,test
530,test
531,test
532,val
533,train
534,train
535,test
536,train
537,train
538,train
539,train
540,train
541,val
542,train
543,train
544,val
545,train
546,train
547,train
548,train
549,val
550,val
551,train
552,test
553,test
554,test
555,train
556,train
557,test
558,train
559,train
560,val
561,val
562,train
563,train
564,val
565,train
566,train
567,train
568,train
569,test
570,train
571,val
572,val
573,train
574,train
575,train
576,train
577,train
578,train
579,train
580,train
581,train
582,train
583,train
584,train
585,train
586,val
587,val
588,train
589,test
590,train
591,train
592,train
593,val
594,train
595,train
596,train
597,test
598,test
599,train
600,train
601,val
602,test
603,train
604,train
605,val
606,test
607,train
608,train
609,train
610,train
611,train
612,train
613,train
614,train
615,train
616,train
617,test
618,train
619,train
620,test
621,train
622,train
623,val
624,train
625,train
626,train
627,val
628,train
629,train
630,train
631,val
632,train
633,train
634,train
635,test
636,train
637,test
638,test
639,val
640,train
641,train
642,val
643,train
644,val
645,train
646,train
647,train
648,test
649,train
650,train
651,train
652,train
653,train
654,train
655,train
656,train
657,train
658,test
659,train
660,train
661,train
662,train
663,train
664,train
665,test
666,train
667,val
668,test
669,train
670,train
671,val
672,val
673,train
674,train
675,test
676,train
677,train
678,train
679,train
680,val
681,train
682,train
683,test
684,train
685,val
686,train
687,val
688,test
689,val
690,train
691,test
692,train
693,test
694,train
695,train
696,test
697,train
698,train
699,train
700,val
701,train
702,train
703,val
704,train
705,train
706,train
707,train
708,test
709,train
710,val
711,test
712,test
713,train
714,train
715,val
716,val
717,train
718,train
719,val
720,train
721,train
722,train
723,train
724,train
725,train
726,train
727,train
728,train
729,val
730,val
731,train
732,train
733,train
734,train
735,test
736,val
737,train
738,train
739,train
740,train
741,train
742,train
743,train
744,test
745,train
746,train
747,val
748,val
749,test
750,train
751,train
752,train
753,train
754,train
755,train
756,train
757,train
758,train
759,test
760,test
761,train
762,train
763,test
764,test
765,val
766,train
767,train
768,train
769,val
770,train
771,val
772,train
773,train
774,train
775,train
776,train
777,train
778,train
779,train
780,train
781,train
782,train
783,train
784,train
785,train
786,train
787,test
788,train
789,train
790,train
791,train
792,train
793,train
794,test
795,val
796,train
797,train
798,train
799,train
800,train
801,val
802,train
803,train
804,test
805,test
806,train
807,train
808,train
809,test
810,val
811,train
812,test
813,train
814,train
815,train
816,val
817,train
818,train
819,train
820,train
821,train
822,train
823,val
824,train
825,val
826,test
827,train
828,test
829,train
830,train
831,train
832,train
833,val
834,train
835,train
836,test
837,train
838,train
839,train
840,train
841,train
842,train
843,train
844,val
845,train
846,train
847,train
848,val
849,test
850,train
851,train
852,train
853,train
854,test
855,train
856,test
857,train
858,val
859,train
860,train
861,train
862,train
863,train
864,train
865,train
866,train
867,train
868,train
869,train
870,train
871,train
872,val
873,val
874,train
875,train
876,train
877,train
878,train
879,train
880,train
881,test
882,train
883,train
884,train
885,train
886,train
887,train
888,train
889,train
890,train
891,train
892,train
893,train
894,train
895,train
896,val
897,train
898,val
899,train
900,train
901,train
902,train
903,train
904,train
905,val
906,test
907,train
908,train
909,test
910,train
911,train
912,val
913,train
914,val
915,train
916,train
917,test
918,train
919,train
920,test
921,val
922,val
923,val
924,train
925,train
926,train
927,train
928,train
929,test
930,train
931,test
932,train
933,train
934,train
935,train
936,train
937,train
938,train
939,train
940,train
941,train
942,train
943,val
944,val
945,test
946,train
947,train
948,test
949,val
950,train
951,train
952,train
953,train
954,test
955,test
956,test
957,train
958,train
959,train
960,test
961,train
962,val
963,train
964,train
965,train
966,train
967,train
968,train
969,train
970,test
971,train
972,train
973,val
974,test
975,test
976,train
977,train
978,val
979,train
980,train
981,train
982,train
983,val
984,test
985,train
986,val
987,train
988,test
989,train
990,train
991,val
992,test
993,train
994,train
995,val
996,train
997,val
998,train
999,test
1000,train
1001,train
1002,test
1003,val
1004,train
1005,train
1006,test
1007,val
1008,val
1009,train
1010,train
1011,train
1012,train
1013,train
1014,test
1015,val
1016,train
1017,test
1018,val
1019,train
1020,val
1021,train
1022,train
1023,train
1024,train
1025,test
1026,train
1027,test
1028,train
1029,train
1030,train
1031,train
1032,train
1033,train
1034,val
1035,train
1036,test
1037,test
1038,train
1039,train
1040,train
1041,test
1042,test
1043,train
1044,train
1045,train
1046,train
1047,train
1048,train
1049,train
1050,train
1051,train
1052,val
1053,train
1054,train
1055,train
1056,train
1057,train
1058,test
1059,train
1060,train
1061,train
1062,train
1063,train
1064,train
1065,train
1066,val
1067,train
1068,train
1069,val
1070,test
1071,train
1072,val
1073,train
1074,test
1075,test
1076,train
1077,val
1078,train
1079,train
1080,train
1081,train
1082,train
1083,train
1084,test
1085,train
1086,train
1087,train
1088,train
1089,val
1090,train
1091,train
1092,train
1093,test
1094,train
1095,train
1096,val
1097,train
1098,train
1099,train
1100,train
1101,train
1102,train
1103,train
1104,train
1105,train
1106,train
1107,train
1108,train
1109,train
1110,train
1111,test
1112,train
1113,train
1114,train
1115,train
1116,test
1117,train
1118,train
1119,test
1120,train
1121,train
1122,val
1123,train
1124,val
1125,train
1126,train
1127,train
1128,test
1129,train
1130,train
1131,train
1132,test
1133,val
1134,val
1135,train
1136,train
1137,train
1138,train
1139,train
1140,train
1141,train
1142,train
1143,train
1144,train
1145,train
1146,val
1147,train
1148,train
1149,train
1150,train
1151,train
1152,train
1153,test
1154,train
1155,train
1156,test
1157,train
1158,train
1159,train
1160,val
1161,test
1162,train
1163,train
1164,val
1165,train
1166,train
1167,val
1168,train
1169,test
1170,train
1171,train
1172,train
1173,train
1174,train
1175,train
1176,train
1177,test
1178,val
1179,train
1180,train
1181,test
1182,train
1183,train
1184,train
1185,train
1186,train
1187,val
1188,train
1189,train
1190,train
1191,train
1192,test
1193,train
1194,test
1195,train
1196,train
1197,val
1198,train
1199,train
1200,train
1201,test
1202,train
1203,train
1204,train
1205,train
1206,train
1207,train
1208,test
1209,train
1210,test
1211,train
1212,train
1213,train
1214,train
1215,train
1216,train
1217,train
1218,val
1219,train
1220,train
1221,train
1222,train
1223,train
1224,test
1225,train
1226,train
1227,train
1228,train
1229,train
1230,train
1231,train
1232,train
1233,test
1234,train
1235,train
1236,train
1237,train
1238,train
1239,train
1240,val
1241,train
1242,test
1243,train
1244,train
1245,train
1246,train
1247,train
1248,train
1249,test
1250,test
1251,val
1252,train
1253,train
1254,val
1255,val
1256,test
1257,train
1258,train
1259,test
1260,train
1261,train
1262,train
1263,test
1264,train
1265,train
1266,train
1267,val
1268,train
1269,train
1270,train
1271,val
1272,test
1273,test
1274,test
1275,val
1276,val
1277,train
1278,train
1279,train
1280,val
1281,train
1282,train
1283,train
1284,train
1285,train
1286,train
1287,test
1288,train
1289,test
1290,train
1291,train
1292,val
1293,train
1294,test
1295,train
1296,train
1297,test
1298,val
1299,train
1300,train
1301,train
1302,train
1303,train
1304,test
1305,train
1306,test
1307,train
1308,train
1309,train
1310,train
1311,train
1312,train
1313,train
1314,test
1315,train
1316,train
1317,train
1318,train
1319,train
1320,train
1321,train
1322,train
1323,train
1324,train
1325,val
1326,train
1327,train
1328,train
1329,train
1330,train
1331,train
1332,train
1333,train
1334,test
1335,train
1336,train
1337,train
1338,val
1339,train
1340,test
1341,train
1342,train
1343,train
1344,train
1345,test
1346,train
1347,train
1348,val
1349,train
1350,val
1351,train
1352,val
1353,test
1354,train
1355,train
1356,val
1357,train
1358,train
1359,train
1360,val
1361,train
1362,train
1363,train
1364,train
1365,test
1366,train
1367,train
1368,test
1369,val
1370,train
1371,val
1372,train
1373,train
1374,val
1375,train
1376,train
1377,val
1378,val
1379,train
1380,train
1381,train
1382,train
1383,test
1384,train
1385,train
1386,train
1387,train
1388,train
1389,test
1390,val
1391,train
1392,train
1393,train
1394,test
1395,train
1396,train
1397,train
1398,train
1399,train
1400,train
1401,train
1402,train
1403,train
1404,val
1405,test
1406,train
1407,test
1408,train
1409,train
1410,train
1411,train
1412,train
1413,test
1414,train
1415,train
1416,train
1417,test
1418,train
1419,train
1420,train
1421,train
1422,train
1423,train
1424,train
1425,train
1426,train
1427,train
1428,train
1429,test
1430,val
1431,test
1432,val
1433,train
1434,train
1435,train
1436,train
1437,test
1438,val
1439,train
1440,val
1441,train
1442,train
1443,test
1444,train
1445,test
1446,val
1447,val
1448,train
1449,train
1450,train
1451,test
1452,train
1453,train
1454,train
1455,train
1456,train
1457,train
1458,train
1459,train
1460,train
1461,train
1462,val
1463,train
1464,train
1465,train
1466,train
1467,train
1468,train
1469,train
1470,train
1471,train
1472,train
1473,train
1474,train
1475,train
1476,train
1477,val
1478,train
1479,train
1480,test
1481,train
1482,val
1483,val
1484,train
1485,train
1486,val
1487,train
1488,train
1489,train
1490,train
1491,train
1492,test
1493,val
1494,train
1495,test
1496,train
1497,test
1498,train
1499,test
1500,train
1501,train
1502,train
1503,train
1504,train
1505,train
1506,train
1507,train
1508,train
1509,train
1510,val
1511,train
1512,val
1513,train
1514,test
1515,train
1516,train
1517,train
1518,train
1519,train
1520,train
1521,test
1522,test
1523,val
1524,val
1525,test
1526,train
1527,train
1528,val
1529,test
1530,val
1531,train
1532,val
1533,val
1534,train
1535,val
1536,train
1537,train
1538,train
1539,test
1540,train
1541,train
1542,val
1543,train
1544,val
1545,test
1546,train
1547,train
1548,train
1549,train
1550,val
1551,train
1552,test
1553,train
1554,train
1555,train
1556,train
1557,train
1558,train
1559,train
1560,train
1561,train
1562,test
1563,train
1564,train
1565,train
1566,test
1567,train
1568,train
1569,train
1570,train
1571,train
1572,test
1573,test
1574,test
1575,val
1576,train
1577,train
1578,train
1579,train
1580,train
1581,train
1582,train
1583,train
1584,train
1585,val
1586,train
1587,train
1588,train
1589,train
1590,val
1591,test
1592,train
1593,train
1594,train
1595,train
1596,train
1597,train
1598,train
1599,train
1600,train
1601,test
1602,train
1603,train
1604,train
1605,train
1606,test
1607,train
1608,train
1609,train
1610,train
1611,test
1612,val
1613,train
1614,train
1615,train
1616,train
1617,train
1618,train
1619,train
1620,test
1621,train
1622,train
1623,test
1624,train
1625,train
1626,val
1627,train
1628,train
1629,val
1630,val
1631,train
1632,test
1633,test
1634,test
1635,train
1636,train
1637,train
1638,train
1639,test
1640,val
1641,test
1642,train
1643,train
1644,train
1645,train
1646,train
1647,train
1648,train
1649,train
1650,val
1651,train
1652,val
1653,train
1654,train
1655,val
1656,test
1657,test
1658,val
1659,train
1660,train
1661,train
1662,train
1663,test
1664,train
1665,test
1666,train
1667,train
1668,val
1669,train
1670,train
1671,train
1672,train
1673,train
1674,test
1675,val
1676,train
1677,train
1678,train
1679,train
1680,train
1681,train
1682,train
1683,test
1684,train
1685,test
1686,test
1687,train
1688,train
1689,train
1690,train
1691,train
1692,train
1693,train
1694,val
1695,train
1696,train
1697,val
1698,val
1699,train
1700,train
1701,train
1702,train
1703,train
1704,train
1705,val
1706,train
1707,train
1708,val
1709,train
1710,val
1711,val
1712,train
1713,test
1714,val
1715,train
1716,train
1717,train
1718,val
1719,train
1720,val
1721,train
1722,test
1723,train
1724,train
1725,train
1726,val
1727,train
1728,train
1729,train
1730,train
1731,train
1732,val
1733,train
1734,val
1735,train
1736,train
1737,train
1738,val
1739,test
1740,train
1741,train
1742,train
1743,train
1744,val
1745,test
1746,train
1747,train
1748,train
1749,train
1750,train
1751,test
1752,train
1753,test
1754,train
1755,train
1756,train
1757,val
1758,train
1759,train
1760,train
1761,train
1762,train
1763,train
1764,train
1765,train
1766,train
1767,test
1768,train
1769,val
1770,train
1771,train
1772,val
1773,train
1774,train
1775,test
1776,train
1777,train
1778,train
1779,train
1780,train
1781,train
1782,test
1783,train
1784,val
1785,train
1786,val
1787,test
1788,train
1789,val
1790,train
1791,train
1792,train
1793,val
1794,train
1795,test
1796,train
1797,test
1798,train
1799,train
1800,train
1801,train
1802,val
1803,train
1804,train
1805,train
1806,val
1807,train
1808,train
1809,train
1810,val
1811,train
1812,train
1813,val
1814,val
1815,train
1816,train
1817,val
1818,train
1819,train
1820,train
1821,val
1822,train
1823,train
1824,train
1825,test
1826,test
1827,train
1828,test
1829,val
1830,test
1831,train
1832,train
1833,train
1834,train
1835,test
1836,train
1837,train
1838,val
1839,train
1840,train
1841,train
1842,test
1843,train
1844,train
1845,train
1846,val
1847,test
1848,train
1849,val
1850,train
1851,train
1852,val
1853,train
1854,train
1855,test
1856,val
1857,train
1858,train
1859,train
1860,val
1861,test
1862,test
1863,train
1864,train
1865,val
1866,train
1867,test
1868,val
1869,test
1870,test
1871,val
1872,train
1873,val
1874,train
1875,train
1876,val
1877,train
1878,train
1879,test
1880,test
1881,train
1882,train
1883,train
1884,train
1885,train
1886,train
1887,train
1888,train
1889,val
1890,train
1891,test
1892,train
1893,test
1894,train
1895,train
1896,test
1897,train
1898,train
1899,train
1900,val
1901,train
1902,train
1903,train
1904,train
1905,train
1906,train
1907,train
1908,train
1909,train
1910,train
1911,train
1912,train
1913,train
1914,train
1915,train
1916,train
1917,test
1918,train
1919,train
1920,train
1921,train
1922,train
1923,train
1924,val
1925,test
1926,test
1927,test
1928,train
1929,test
1930,train
1931,train
1932,train
1933,test
1934,val
1935,test
1936,train
1937,train
1938,train
1939,train
1940,train
1941,train
1942,train
1943,test
1944,val
1945,train
1946,val
1947,train
1948,test
1949,train
1950,val
1951,train
1952,train
1953,train
1954,train
1955,test
1956,train
1957,test
1958,train
1959,train
1960,val
1961,train
1962,train
1963,train
1964,train
1965,train
1966,train
1967,test
1968,train
1969,train
1970,test
1971,val
1972,train
1973,train
1974,train
1975,train
1976,train
1977,val
1978,test
1979,train
1980,train
1981,train
1982,test
1983,train
1984,test
1985,train
1986,train
1987,train
1988,train
1989,train
1990,train
1991,train
1992,train
1993,train
1994,train
1995,train
1996,train
1997,train
1998,train
1999,train
2000,train
2001,train
2002,test
2003,train
2004,train
2005,train
2006,val
2007,train
2008,train
2009,train
2010,train
2011,train
2012,train
2013,train
2014,test
2015,train
2016,val
2017,train
2018,train
2019,test
2020,train
2021,test
2022,test
2023,train
2024,train
2025,test
2026,test
2027,train
2028,test
2029,train
2030,test
2031,train
2032,val
2033,train
2034,train
2035,test
2036,train
2037,train
2038,test
2039,train
2040,train
2041,train
2042,train
2043,train
2044,test
2045,train
2046,train
2047,test
2048,train
2049,train
2050,train
2051,test
2052,val
2053,test
2054,train
2055,train
2056,train
2057,train
2058,train
2059,train
2060,train
2061,train
2062,train
2063,val
2064,test
2065,test
2066,val
2067,train
2068,test
2069,train
2070,train
2071,train
2072,test
2073,train
2074,test
2075,train
2076,val
2077,test
2078,test
2079,train
2080,train
2081,train
2082,train
2083,test
2084,train
2085,train
2086,train
2087,train
2088,train
2089,train
2090,test
2091,val
2092,train
2093,train
2094,train
2095,train
2096,train
2097,train
2098,val
2099,val
2100,train
2101,test
2102,train
2103,test
2104,train
2105,train
2106,train
2107,train
2108,train
2109,train
2110,train
2111,train
2112,train
2113,train
2114,train
2115,train
2116,train
2117,train
2118,val
2119,train
2120,train
2121,test
2122,train
2123,train
2124,train
2125,val
2126,val
2127,val
2128,train
2129,train
2130,train
2131,train
2132,val
2133,train
2134,test
2135,train
2136,train
2137,train
2138,train
2139,train
2140,train
2141,val
2142,train
2143,train
2144,train
2145,train
2146,train
2147,train
2148,train
2149,val
2150,train
2151,test
2152,train
2153,val
2154,val
2155,train
2156,train
2157,train
2158,train
2159,val
2160,train
2161,train
2162,train
2163,train
2164,train
2165,train
2166,test
2167,train
2168,train
2169,train
2170,train
2171,val
2172,train
2173,test
2174,train
2175,train
2176,train
2177,train
2178,train
2179,train
2180,train
2181,val
2182,train
2183,train
2184,train
2185,train
2186,val
2187,train
2188,test
2189,train
2190,test
2191,train
2192,train
2193,val
2194,train
2195,val
2196,train
2197,test
2198,train
2199,train
2200,train
2201,train
2202,train
2203,train
2204,train
2205,train
2206,test
2207,train
2208,val
2209,train
2210,test
2211,train
2212,train
2213,train
2214,train
2215,test
2216,test
2217,train
2218,val
2219,train
2220,train
2221,val
2222,train
2223,train
2224,train
2225,test
2226,test
2227,train
2228,train
2229,train
2230,train
2231,train
2232,train
2233,train
2234,train
2235,test
2236,train
2237,train
2238,train
2239,train
2240,train
2241,train
2242,train
2243,train
2244,val
2245,train
2246,train
2247,train
2248,train
2249,train
2250,train
2251,train
2252,train
2253,train
2254,test
2255,val
2256,test
2257,test
2258,val
2259,train
2260,train
2261,train
2262,train
2263,train
2264,train
2265,train
2266,train
2267,test
2268,train
2269,val
2270,test
2271,train
2272,train
2273,train
2274,test
2275,train
2276,train
2277,val
2278,train
2279,train
2280,train
2281,train
2282,test
2283,val
2284,train
2285,train
2286,train
2287,train
2288,val
2289,val
2290,train
2291,test
2292,train
2293,train
2294,train
2295,val
2296,val
2297,test
2298,train
2299,train
2300,val
2301,train
2302,test
2303,train
2304,train
2305,train
2306,train
2307,train
2308,train
2309,train
2310,train
2311,train
2312,train
2313,train
2314,train
2315,train
2316,train
2317,train
2318,train
2319,val
2320,train
2321,train
2322,train
2323,val
2324,test
2325,train
2326,train
2327,train
2328,train
2329,train
2330,val
2331,train
2332,train
2333,train
2334,train
2335,val
2336,train
2337,test
2338,train
2339,train
2340,val
2341,val
2342,train
2343,train
2344,train
2345,test
2346,train
2347,test
2348,train
2349,test
2350,val
2351,test
2352,test
2353,train
2354,train
2355,test
2356,train
2357,train
2358,val
2359,train
2360,train
2361,train
2362,train
2363,train
2364,test
2365,train
2366,test
2367,train
2368,train
2369,train
2370,train
2371,train
2372,train
2373,val
2374,train
2375,train
2376,train
2377,val
2378,val
2379,val
2380,train
2381,train
2382,train
2383,val
2384,train
2385,train
2386,train
2387,train
2388,train
2389,test
2390,train
2391,train
2392,train
2393,train
2394,train
2395,train
2396,train
2397,train
2398,train
2399,train
2400,test
2401,test
2402,train
2403,val
2404,train
2405,train
2406,train
2407,train
2408,val
2409,train
2410,train
2411,train
2412,test
2413,test
2414,val
2415,test
2416,train
2417,test
2418,train
2419,train
2420,test
2421,train
2422,val
2423,test
2424,train
2425,train
2426,train
2427,train
2428,train
2429,train
2430,val
2431,val
2432,train
2433,train
2434,test
2435,val
2436,val
2437,val
2438,test
2439,val
2440,train
2441,train
2442,train
2443,train
2444,train
2445,train
2446,train
2447,train
2448,train
2449,train
2450,train
2451,train
2452,train
2453,train
2454,train
2455,train
2456,train
2457,train
2458,train
2459,train
2460,train
2461,train
2462,train
2463,train
2464,val
2465,test
2466,train
2467,val
2468,train
2469,val
2470,train
2471,train
2472,train
2473,test
2474,train
2475,train
2476,val
2477,train
2478,train
2479,train
2480,test
2481,train
2482,train
2483,train
2484,test
2485,train
2486,val
2487,train
2488,test
2489,train
2490,train
2491,train
2492,val
2493,train
2494,train
2495,train
2496,train
2497,train
2498,train
2499,train
2500,train
2501,train
2502,train
2503,train
2504,val
2505,train
2506,test
2507,train
2508,train
2509,train
2510,train
2511,train
2512,test
2513,train
2514,train
2515,train
2516,val
2517,train
2518,train
2519,test
2520,train
2521,train
2522,train
2523,val
2524,train
2525,train
2526,train
2527,val
2528,test
2529,val
2530,train
2531,train
2532,train
2533,train
2534,test
2535,train
2536,train
2537,train
2538,val
2539,train
2540,train
2541,train
2542,train
2543,train
2544,train
2545,train
2546,train
2547,train
2548,train
2549,train
2550,test
2551,train
2552,train
2553,train
2554,train
2555,train
2556,train
2557,train
2558,train
2559,train
2560,test
2561,train
2562,test
2563,train
2564,train
2565,val
2566,val
2567,train
2568,train
2569,val
2570,test
2571,train
2572,train
2573,test
2574,train
2575,train
2576,test
2577,train
2578,train
2579,train
2580,train
2581,val
2582,train
2583,train
2584,train
2585,train
2586,train
2587,test
2588,train
2589,val
2590,test
2591,train
2592,train
2593,train
2594,test
2595,val
2596,train
2597,val
2598,test
2599,train
2600,train
2601,train
2602,train
2603,train
2604,train
2605,test
2606,train
2607,train
2608,train
2609,train
2610,train
2611,train
2612,train
2613,train
2614,test
2615,train
2616,train
2617,train
2618,train
2619,train
2620,test
2621,val
2622,train
2623,train
2624,train
2625,train
2626,train
2627,train
2628,train
2629,train
2630,train
2631,train
2632,train
2633,train
2634,test
2635,val
2636,train
2637,train
2638,val
2639,train
2640,train
2641,train
2642,val
2643,train
2644,test
2645,val
2646,val
2647,train
2648,train
2649,train
2650,val
2651,train
2652,val
2653,val
2654,train
2655,test
2656,train
2657,test
2658,val
2659,train
2660,train
2661,test
2662,test
2663,train
2664,train
2665,train
2666,train
2667,test
2668,val
2669,train
2670,train
2671,train
2672,test
2673,test
2674,train
2675,train
2676,train
2677,train
2678,train
2679,train
2680,train
2681,train
2682,train
2683,train
2684,train
2685,train
2686,train
2687,train
2688,train
2689,train
2690,train
2691,train
2692,train
2693,train
2694,val
2695,val
2696,train
2697,train
2698,test
2699,train
2700,train
2701,train
2702,test
2703,train
2704,val
2705,train
2706,val
2707,train
2708,train
2709,train
2710,train
2711,train
2712,val
2713,val
2714,train
2715,val
2716,train
2717,val
2718,train
2719,val
2720,train
2721,val
2722,test
2723,train
2724,train
2725,train
2726,train
2727,test
2728,val
2729,train
2730,val
2731,train
2732,train
2733,val
2734,train
2735,train
2736,test
2737,test
2738,train
2739,train
2740,train
2741,train
2742,val
2743,train
2744,train
2745,train
2746,train
2747,test
2748,test
2749,train
2750,train
2751,test
2752,train
2753,train
2754,train
2755,train
2756,val
2757,train
2758,train
2759,train
2760,train
2761,val
2762,train
2763,test
2764,val
2765,train
2766,test
2767,train
2768,train
2769,train
2770,train
2771,train
2772,train
2773,val
2774,test
2775,train
2776,train
2777,train
2778,train
2779,test
2780,train
2781,test
2782,test
2783,train
2784,train
2785,train
2786,train
2787,train
2788,val
2789,train
2790,val
2791,train
2792,train
2793,train
2794,train
2795,train
2796,train
2797,train
2798,train
2799,train
2800,train
2801,train
2802,val
2803,train
2804,train
2805,train
2806,train
2807,train
2808,val
2809,test
2810,train
2811,train
2812,test
2813,train
2814,train
2815,train
2816,train
2817,train
2818,train
2819,train
2820,train
2821,train
2822,train
2823,test
2824,train
2825,train
2826,val
2827,train
2828,train
2829,train
2830,train
2831,train
2832,train
2833,val
2834,val
2835,train
2836,train
2837,train
2838,test
2839,train
2840,train
2841,train
2842,train
2843,train
2844,train
2845,train
2846,train
2847,train
2848,train
2849,test
2850,train
2851,val
2852,test
2853,test
2854,train
2855,train
2856,val
2857,train
2858,train
2859,val
2860,train
2861,train
2862,train
2863,val
2864,train
2865,train
2866,test
2867,train
2868,train
2869,test
2870,train
2871,train
2872,train
2873,train
2874,train
2875,train
2876,train
2877,train
2878,train
2879,train
2880,val
2881,train
2882,train
2883,train
2884,train
2885,val
2886,test
2887,test
2888,train
2889,train
2890,train
2891,train
2892,train
2893,val
2894,train
2895,train
2896,train
2897,test
2898,train
2899,train
2900,train
2901,train
2902,train
2903,train
2904,train
2905,test
2906,test
2907,val
2908,val
2909,test
2910,test
2911,test
2912,test
2913,val
2914,test
2915,train
2916,test
2917,train
2918,train
2919,test
2920,train
2921,test
2922,test
2923,train
2924,val
2925,val
2926,train
2927,train
2928,val
2929,train
2930,test
2931,val
2932,train
2933,train
2934,test
2935,train
2936,train
2937,train
2938,train
2939,train
2940,train
2941,train
2942,train
2943,val
2944,test
2945,train
2946,test
2947,train
2948,train
2949,train
2950,train
2951,train
2952,train
2953,train
2954,train
2955,train
2956,val
2957,train
2958,train
2959,train
2960,train
2961,val
2962,train
2963,train
2964,val
2965,val
2966,train
2967,val
2968,train
2969,train
2970,train
2971,train
2972,test
2973,train
2974,train
2975,train
2976,train
2977,train
2978,test
2979,train
2980,train
2981,test
2982,train
2983,train
2984,train
2985,train
2986,train
2987,train
2988,train
2989,train
2990,train
2991,train
2992,val
2993,val
2994,train
2995,train
2996,train
2997,train
2998,test
2999,train
3000,train
3001,train
3002,train
3003,train
3004,train
3005,test
3006,test
3007,train
3008,test
3009,test
3010,train
3011,train
3012,train
3013,train
3014,train
3015,train
3016,train
3017,test
3018,train
3019,test
3020,train
3021,train
3022,val
3023,train
3024,train
3025,train
3026,train
3027,train
3028,val
3029,train
3030,train
3031,train
3032,train
3033,train
3034,train
3035,train
3036,train
3037,train
3038,val
3039,train
3040,train
3041,train
3042,train
3043,train
3044,train
3045,train
3046,test
3047,train
3048,train
3049,train
3050,train
3051,train
3052,train
3053,train
3054,train
3055,train
3056,val
3057,train
3058,train
3059,test
3060,train
3061,train
3062,val
3063,train
3064,train
3065,test
3066,train
3067,train
3068,train
3069,train
3070,test
3071,train
3072,test
3073,test
3074,train
3075,train
3076,val
3077,train
3078,train
3079,train
3080,train
3081,train
3082,train
3083,val
3084,train
3085,train
3086,test
3087,train
3088,train
3089,train
3090,train
3091,train
3092,train
3093,train
3094,val
3095,train
3096,train
3097,test
3098,train
3099,train
3100,train
3101,val
3102,train
3103,val
3104,train
3105,train
3106,train
3107,train
3108,train
3109,train
3110,test
3111,test
3112,val
3113,train
3114,train
3115,train
3116,val
3117,train
3118,train
3119,train
3120,train
3121,train
3122,val
3123,train
3124,train
3125,train
3126,train
3127,test
3128,train
3129,test
3130,test
3131,train
3132,train
3133,train
3134,test
3135,train
3136,train
3137,test
3138,train
3139,val
3140,test
3141,val
3142,test
3143,train
3144,val
3145,train
3146,train
3147,test
3148,train
3149,train
3150,train
3151,train
3152,train
3153,train
3154,train
3155,val
3156,train
3157,train
3158,val
3159,train
3160,train
3161,train
3162,train
3163,val
3164,train
3165,train
3166,train
3167,train
3168,train
3169,train
3170,train
3171,train
3172,train
3173,test
3174,train
3175,train
3176,train
3177,train
3178,val
3179,train
3180,train
3181,train
3182,test
3183,train
3184,train
3185,test
3186,train
3187,val
3188,val
3189,train
3190,train
3191,train
3192,val
3193,train
3194,train
3195,test
3196,train
3197,train
3198,train
3199,train
3200,train
3201,test
3202,train
3203,train
3204,train
3205,test
3206,train
3207,val
3208,train
3209,train
3210,val
3211,train
3212,train
3213,val
3214,train
3215,val
3216,train
3217,test
3218,train
3219,train
3220,train
3221,train
3222,train
3223,test
3224,train
3225,train
3226,val
3227,train
3228,train
3229,train
3230,train
3231,test
3232,train
3233,val
3234,train
3235,train
3236,train
3237,test
3238,val
3239,val
3240,test
3241,train
3242,train
3243,train
3244,test
3245,val
3246,train
3247,train
3248,train
3249,train
3250,train
3251,test
3252,val
3253,train
3254,train
3255,test
3256,val
3257,train
3258,train
3259,train
3260,train
3261,val
3262,train
3263,train
3264,train
3265,train
3266,train
3267,train
3268,train
3269,test
3270,train
3271,train
3272,train
3273,train
3274,train
3275,val
3276,train
3277,train
3278,val
3279,train
3280,test
3281,train
3282,train
3283,train
3284,train
3285,train
3286,val
3287,val
3288,train
3289,train
3290,train
3291,train
3292,train
3293,train
3294,train
3295,train
3296,train
3297,test
3298,train
3299,train
3300,train
3301,train
3302,train
3303,train
3304,train
3305,test
3306,train
3307,train
3308,val
3309,train
3310,train
3311,train
3312,train
3313,val
3314,train
3315,train
3316,train
3317,train
3318,train
3319,train
3320,val
3321,train
3322,val
3323,test
3324,test
3325,train
3326,train
3327,train
3328,test
3329,train
3330,train
3331,test
3332,train
3333,train
3334,train
3335,val
3336,test
3337,train
3338,train
3339,train
3340,val
3341,train
3342,train
3343,train
3344,train
3345,train
3346,train
3347,train
3348,test
3349,train
3350,train
3351,test
3352,test
3353,train
3354,train
3355,train
3356,train
3357,train
3358,test
3359,train
3360,train
3361,train
3362,train
3363,train
3364,train
3365,train
3366,test
3367,train
3368,train
3369,test
3370,train
3371,train
3372,train
3373,test
3374,train
3375,train
3376,test
3377,train
3378,train
3379,val
3380,val
3381,test
3382,train
3383,train
3384,val
3385,train
3386,val
3387,train
3388,train
3389,train
3390,test
3391,train
3392,train
3393,test
3394,train
3395,train
3396,train
3397,train
3398,train
3399,train
3400,train
3401,train
3402,train
3403,train
3404,train
3405,train
3406,train
3407,val
3408,test
3409,train
3410,train
3411,test
3412,train
3413,train
3414,val
3415,test
3416,train
3417,train
3418,val
3419,train
3420,test
3421,train
3422,test
3423,test
3424,test
3425,val
3426,train
3427,train
3428,val
3429,test
3430,train
3431,train
3432,train
3433,test
3434,train
3435,train
3436,test
3437,train
3438,train
3439,train
3440,val
3441,train
3442,val
3443,train
3444,train
3445,val
3446,train
3447,train
3448,train
3449,val
3450,test
3451,train
3452,train
3453,train
3454,val
3455,val
3456,train
3457,train
3458,train
3459,train
3460,train
3461,test
3462,train
3463,train
3464,test
3465,train
3466,train
3467,train
3468,train
3469,val
3470,train
3471,train
3472,train
3473,train
3474,train
3475,val
3476,val
3477,train
3478,train
3479,train
3480,train
3481,train
3482,train
3483,train
3484,train
3485,val
3486,test
3487,train
3488,train
3489,train
3490,val
3491,train
3492,train
3493,val
3494,val
3495,val
3496,train
3497,train
3498,train
3499,train
3500,val
3501,test
3502,train
3503,train
3504,train
3505,train
3506,train
3507,train
3508,train
3509,val
3510,val
3511,test
3512,train
3513,train
3514,test
3515,train
3516,train
3517,train
3518,train
3519,train
3520,test
3521,val
3522,train
3523,train
3524,train
3525,train
3526,test
3527,train
3528,val
3529,train
3530,train
3531,train
3532,train
3533,test
3534,train
3535,train
3536,train
3537,train
3538,train
3539,train
3540,train
3541,train
3542,train
3543,train
3544,val
3545,train
3546,train
3547,train
3548,train
3549,train
3550,test
3551,test
3552,train
3553,val
3554,test
3555,train
3556,train
3557,test
3558,test
3559,train
3560,train
3561,val
3562,val
3563,train
3564,train
3565,train
3566,val
3567,val
3568,val
3569,train
3570,train
3571,train
3572,train
3573,train
3574,train
3575,train
3576,train
3577,train
3578,train
3579,train
3580,train
3581,train
3582,train
3583,train
3584,test
3585,train
3586,train
3587,train
3588,train
3589,train
3590,test
3591,train
3592,train
3593,val
3594,train
3595,train
3596,val
3597,test
3598,train
3599,train
3600,val
3601,train
3602,train
3603,train
3604,train
3605,train
3606,train
3607,train
3608,train
3609,train
3610,train
3611,train
3612,train
3613,test
3614,train
3615,train
3616,train
3617,test
3618,train
3619,val
3620,train
3621,test
3622,train
3623,test
3624,test
3625,test
3626,train
3627,train
3628,train
3629,train
3630,train
3631,train
3632,test
3633,train
3634,train
3635,train
3636,test
3637,train
3638,train
3639,train
3640,train
3641,train
3642,train
3643,train
3644,train
3645,train
3646,train
3647,val
3648,train
3649,test
3650,train
3651,train
3652,train
3653,train
3654,test
3655,val
3656,train
3657,test
3658,train
3659,train
3660,val
3661,train
3662,val
3663,train
3664,train
3665,test
3666,test
3667,val
3668,train
3669,train
3670,val
3671,train
3672,train
3673,train
3674,train
3675,train
3676,test
3677,train
3678,train
3679,val
3680,val
3681,val
3682,train
3683,train
3684,train
3685,train
3686,test
3687,train
3688,train
3689,val
3690,train
3691,train
3692,train
3693,train
3694,train
3695,train
3696,train
3697,train
3698,val
3699,train
3700,train
3701,train
3702,train
3703,train
3704,train
3705,train
3706,train
3707,train
3708,test
3709,test
3710,train
3711,train
3712,train
3713,test
3714,train
3715,train
3716,train
3717,train
3718,test
3719,train
3720,train
3721,test
3722,test
3723,train
3724,train
3725,train
3726,train
3727,train
3728,train
3729,train
3730,train
3731,train
3732,train
3733,train
3734,test
3735,train
3736,train
3737,train
3738,train
3739,test
3740,train
3741,train
3742,train
3743,train
3744,train
3745,train
3746,train
3747,train
3748,train
3749,train
3750,train
3751,val
3752,train
3753,train
3754,train
3755,train
3756,train
3757,train
3758,train
3759,train
3760,train
3761,train
3762,train
3763,test
3764,train
3765,train
3766,train
3767,train
3768,val
3769,train
3770,test
3771,val
3772,val
3773,train
3774,train
3775,test
3776,train
3777,train
3778,train
3779,train
3780,train
3781,train
3782,train
3783,val
3784,test
3785,val
3786,train
3787,train
3788,train
3789,train
3790,train
3791,val
3792,train
3793,train
3794,train
3795,val
3796,test
3797,train
3798,train
3799,train
3800,test
3801,train
3802,train
3803,train
3804,train
3805,train
3806,train
3807,test
3808,train
3809,train
3810,test
3811,train
3812,train
3813,train
3814,train
3815,train
3816,train
3817,val
3818,train
3819,test
3820,train
3821,train
3822,test
3823,train
3824,test
3825,train
3826,val
3827,val
3828,val
3829,train
3830,train
3831,train
3832,train
3833,train
3834,train
3835,train
3836,test
3837,test
3838,train
3839,train
3840,train
3841,test
3842,train
3843,train
3844,train
3845,train
3846,train
3847,train
3848,train
3849,test
3850,val
3851,val
3852,train
3853,train
3854,train
3855,train
3856,val
3857,val
3858,train
3859,val
3860,test
3861,train
3862,train
3863,train
3864,train
3865,train
3866,test
3867,train
3868,test
3869,train
3870,train
3871,train
3872,train
3873,train
3874,train
3875,train
3876,train
3877,test
3878,train
3879,test
3880,val
3881,train
3882,val
3883,val
3884,train
3885,train
3886,val
3887,train
3888,train
3889,train
3890,train
3891,train
3892,train
3893,train
3894,train
3895,train
3896,train
3897,val
3898,train
3899,val
3900,train
3901,val
3902,train
3903,train
3904,val
3905,train
3906,test
3907,val
3908,train
3909,val
3910,train
3911,train
3912,train
3913,train
3914,train
3915,train
3916,train
3917,val
3918,train
3919,train
3920,train
3921,val
3922,train
3923,train
3924,val
3925,train
3926,test
3927,train
3928,train
3929,train
3930,train
3931,train
3932,val
3933,train
3934,train
3935,val
3936,train
3937,train
3938,train
3939,train
3940,val
3941,train
3942,train
3943,train
3944,train
3945,train
3946,train
3947,train
3948,val
3949,train
3950,train
3951,train
3952,train
3953,test
3954,train
3955,val
3956,train
3957,val
3958,val
3959,train
3960,train
3961,train
3962,test
3963,test
3964,train
3965,val
3966,train
3967,train
3968,train
3969,train
3970,test
3971,train
3972,train
3973,train
3974,test
3975,train
3976,train
3977,train
3978,train
3979,train
3980,train
3981,train
3982,val
3983,train
3984,train
3985,train
3986,train
3987,train
3988,train
3989,train
3990,train
3991,test
3992,train
3993,train
3994,train
3995,train
3996,test
3997,train
3998,train
3999,train
4000,train
4001,val
4002,train
4003,train
4004,test
4005,val
4006,train
4007,train
4008,train
4009,train
4010,train
4011,train
4012,train
4013,train
4014,test
4015,test
4016,train
4017,train
4018,train
4019,train
4020,train
4021,train
4022,train
4023,val
4024,train
4025,train
4026,train
4027,train
4028,train
4029,train
4030,val
4031,test
4032,val
4033,test
4034,train
4035,val
4036,train
4037,train
4038,train
4039,train
4040,train
4041,train
4042,train
4043,test
4044,test
4045,train
4046,train
4047,val
4048,train
4049,train
4050,train
4051,train
4052,test
4053,val
4054,val
4055,val
4056,train
4057,test
4058,train
4059,test
4060,train
4061,train
4062,train
4063,train
4064,train
4065,val
4066,train
4067,train
4068,test
4069,test
4070,train
4071,train
4072,train
4073,train
4074,train
4075,train
4076,train
4077,train
4078,test
4079,train
4080,val
4081,train
4082,train
4083,train
4084,train
4085,test
4086,train
4087,test
4088,train
4089,val
4090,test
4091,train
4092,train
4093,train
4094,test
4095,train
4096,train
4097,train
4098,train
4099,test
4100,test
4101,train
4102,train
4103,val
4104,train
4105,train
4106,train
4107,val
4108,train
4109,train
4110,train
4111,train
4112,train
4113,train
4114,train
4115,train
4116,train
4117,train
4118,test
4119,train
4120,val
4121,train
4122,test
4123,train
4124,val
4125,train
4126,train
4127,val
4128,train
4129,train
4130,train
4131,train
4132,val
4133,train
4134,val
4135,train
4136,train
4137,train
4138,test
4139,test
4140,train
4141,train
4142,test
4143,val
4144,train
4145,val
4146,train
4147,train
4148,val
4149,val
4150,train
4151,train
4152,train
4153,test
4154,train
4155,train
4156,train
4157,train
4158,test
4159,train
4160,val
4161,train
4162,train
4163,train
4164,train
4165,train
4166,train
4167,train
4168,train
4169,train
4170,val
4171,train
4172,train
4173,train
4174,train
4175,train
4176,train
4177,train
4178,train
4179,train
4180,train
4181,train
4182,train
4183,train
4184,train
4185,train
4186,train
4187,val
4188,test
4189,train
4190,train
4191,test
4192,train
4193,train
4194,train
4195,val
4196,val
4197,train
4198,train
4199,train
4200,val
4201,val
4202,train
4203,train
4204,train
4205,val
4206,train
4207,train
4208,train
4209,train
4210,test
4211,test
4212,train
4213,train
4214,train
4215,test
4216,train
4217,train
4218,train
4219,train
4220,train
4221,train
4222,train
4223,train
4224,train
4225,test
4226,test
4227,val
4228,val
4229,train
4230,train
4231,val
4232,train
4233,train
4234,train
4235,val
4236,train
4237,train
4238,train
4239,train
4240,train
4241,train
4242,train
4243,val
4244,val
4245,test
4246,train
4247,train
4248,val
4249,train
4250,val
4251,train
4252,train
4253,train
4254,train
4255,train
4256,train
4257,train
4258,test
4259,val
4260,train
4261,train
4262,train
4263,train
4264,train
4265,val
4266,train
4267,train
4268,train
4269,train
4270,train
4271,train
4272,test
4273,train
4274,train
4275,test
4276,val
4277,train
4278,test
4279,val
4280,train
4281,train
4282,train
4283,train
4284,test
4285,train
4286,train
4287,train
4288,train
4289,test
4290,train
4291,train
4292,train
4293,train
4294,test
4295,train
4296,train
4297,train
4298,train
4299,train
4300,val
4301,val
4302,train
4303,train
4304,train
4305,train
4306,test
4307,train
4308,val
4309,train
4310,train
4311,train
4312,train
4313,test
4314,val
4315,train
4316,train
4317,test
4318,val
4319,train
4320,train
4321,train
4322,train
4323,train
4324,train
4325,val
4326,val
4327,train
4328,train
4329,train
4330,train
4331,val
4332,train
4333,train
4334,test
4335,train
4336,train
4337,train
4338,test
4339,train
4340,train
4341,train
4342,val
4343,train
4344,train
4345,test
4346,train
4347,train
4348,train
4349,train
4350,train
4351,train
4352,val
4353,train
4354,train
4355,train
4356,train
4357,train
4358,train
4359,val
4360,train
4361,train
4362,train
4363,train
4364,train
4365,train
4366,train
4367,train
4368,train
4369,val
4370,val
4371,test
4372,train
4373,train
4374,test
4375,train
4376,train
4377,train
4378,train
4379,train
4380,train
4381,train
4382,train
4383,train
4384,train
4385,test
4386,val
4387,train
4388,train
4389,train
4390,train
4391,train
4392,train
4393,train
4394,val
4395,train
4396,train
4397,train
4398,train
4399,train
4400,val
4401,train
4402,train
4403,test
4404,val
4405,train
4406,train
4407,train
4408,train
4409,train
4410,train
4411,train
4412,val
4413,val
4414,train
4415,train
4416,train
4417,train
4418,train
4419,val
4420,val
4421,train
4422,train
4423,train
4424,val
4425,train
4426,train
4427,train
4428,val
4429,train
4430,train
4431,val
4432,train
4433,train
4434,train
4435,test
4436,train
4437,train
4438,train
4439,train
4440,train
4441,val
4442,val
4443,val
4444,train
4445,val
4446,train
4447,test
4448,train
4449,train
4450,val
4451,test
4452,test
4453,train
4454,train
4455,train
4456,train
4457,train
4458,test
4459,val
4460,train
4461,val
4462,train
4463,train
4464,test
4465,test
4466,train
4467,train
4468,train
4469,val
4470,train
4471,train
4472,val
4473,train
4474,train
4475,train
4476,test
4477,train
4478,train
4479,train
4480,train
4481,test
4482,val
4483,train
4484,train
4485,train
4486,train
4487,train
4488,test
4489,test
4490,train
4491,train
4492,val
4493,val
4494,train
4495,train
4496,train
4497,train
4498,train
4499,train
4500,val
4501,train
4502,train
4503,train
4504,train
4505,val
4506,train
4507,train
4508,val
4509,train
4510,test
4511,train
4512,train
4513,val
4514,val
4515,train
4516,train
4517,val
4518,train
4519,val
4520,train
4521,val
4522,train
4523,train
4524,train
4525,val
4526,train
4527,train
4528,train
4529,train
4530,test
4531,train
4532,train
4533,test
4534,train
4535,val
4536,train
4537,val
4538,train
4539,train
4540,train
4541,train
4542,test
4543,train
4544,train
4545,train
4546,val
4547,train
4548,train
4549,test
4550,test
4551,train
4552,train
4553,train
4554,train
4555,train
4556,train
4557,train
4558,test
4559,train
4560,train
4561,val
4562,val
4563,val
4564,train
4565,train
4566,train
4567,val
4568,test
4569,train
4570,test
4571,train
4572,train
4573,train
4574,train
4575,train
4576,test
4577,train
4578,train
4579,val
4580,train
4581,val
4582,train
4583,train
4584,train
4585,val
4586,train
4587,test
4588,train
4589,train
4590,train
4591,train
4592,train
4593,train
4594,train
4595,train
4596,train
4597,train
4598,val
4599,test
4600,train
4601,train
4602,train
4603,val
4604,test
4605,train
4606,train
4607,train
4608,val
4609,train
4610,test
4611,train
4612,train
4613,train
4614,train
4615,train
4616,train
4617,train
4618,test
4619,train
4620,train
4621,test
4622,val
4623,test
4624,train
4625,train
4626,train
4627,train
4628,val
4629,train
4630,train
4631,train
4632,val
4633,train
4634,train
4635,train
4636,train
4637,test
4638,train
4639,val
4640,train
4641,val
4642,train
4643,train
4644,train
4645,train
4646,train
4647,train
4648,train
4649,test
4650,val
4651,train
4652,test
4653,train
4654,train
4655,test
4656,train
4657,train
4658,train
4659,train
4660,train
4661,test
4662,train
4663,train
4664,train
4665,train
4666,train
4667,train
4668,train
4669,test
4670,train
4671,test
4672,val
4673,train
4674,train
4675,val
4676,val
4677,train
4678,train
4679,train
4680,train
4681,test
4682,train
4683,train
4684,test
4685,train
4686,train
4687,train
4688,train
4689,val
4690,train
4691,test
4692,test
4693,train
4694,train
4695,test
4696,test
4697,train
4698,test
4699,train
4700,val
4701,train
4702,train
4703,test
4704,train
4705,val
4706,val
4707,train
4708,test
4709,val
4710,train
4711,train
4712,train
4713,train
4714,test
4715,test
4716,val
4717,val
4718,val
4719,test
4720,train
4721,train
4722,train
4723,train
4724,train
4725,train
4726,train
4727,train
4728,train
4729,test
4730,train
4731,train
4732,train
4733,train
4734,test
4735,test
4736,train
4737,val
4738,train
4739,train
4740,train
4741,train
4742,train
4743,train
4744,train
4745,test
4746,train
4747,val
4748,train
4749,train
4750,val
4751,train
4752,test
4753,train
4754,test
4755,val
4756,train
4757,val
4758,train
4759,train
4760,train
4761,val
4762,train
4763,train
4764,train
4765,train
4766,val
4767,test
4768,val
4769,val
4770,train
4771,train
4772,train
4773,train
4774,train
4775,train
4776,train
4777,train
4778,train
4779,train
4780,test
4781,train
4782,train
4783,val
4784,train
4785,train
4786,train
4787,train
4788,train
4789,test
4790,val
4791,train
4792,train
4793,train
4794,train
4795,train
4796,train
4797,train
4798,train
4799,val
4800,train
4801,train
4802,train
4803,val
4804,train
4805,val
4806,test
4807,train
4808,train
4809,test
4810,train
4811,train
4812,train
4813,val
4814,val
4815,train
4816,train
4817,train
4818,train
4819,train
4820,train
4821,val
4822,train
4823,val
4824,train
4825,train
4826,train
4827,train
4828,train
4829,train
4830,val
4831,train
4832,train
4833,train
4834,val
4835,val
4836,test
4837,train
4838,train
4839,train
4840,train
4841,train
4842,train
4843,train
4844,train
4845,val
4846,train
4847,val
4848,train
4849,test
4850,train
4851,val
4852,test
4853,train
4854,test
4855,train
4856,train
4857,train
4858,val
4859,train
4860,val
4861,train
4862,test
4863,train
4864,train
4865,train
4866,val
4867,val
4868,train
4869,val
4870,train
4871,train
4872,test
4873,train
4874,train
4875,train
4876,train
4877,train
4878,train
4879,test
4880,train
4881,test
4882,train
4883,train
4884,train
4885,val
4886,test
4887,train
4888,train
4889,train
4890,train
4891,train
4892,val
4893,train
4894,train
4895,train
4896,train
4897,train
4898,test
4899,train
4900,train
4901,train
4902,val
4903,train
4904,test
4905,train
4906,train
4907,train
4908,train
4909,test
4910,train
4911,train
4912,train
4913,train
4914,train
4915,train
4916,val
4917,train
4918,val
4919,train
4920,test
4921,train
4922,val
4923,train
4924,train
4925,train
4926,train
4927,train
4928,train
4929,train
4930,train
4931,val
4932,train
4933,train
4934,train
4935,val
4936,train
4937,train
4938,train
4939,train
4940,train
4941,train
4942,train
4943,train
4944,test
4945,train
4946,train
4947,train
4948,train
4949,train
4950,train
4951,test
4952,train
4953,val
4954,test
4955,train
4956,train
4957,train
4958,train
4959,train
4960,train
4961,train
4962,train
4963,train
4964,train
4965,train
4966,test
4967,train
4968,train
4969,train
4970,train
4971,train
4972,train
4973,test
4974,train
4975,train
4976,train
4977,train
4978,train
4979,train
4980,train
4981,train
4982,train
4983,train
4984,train
4985,train
4986,val
4987,train
4988,train
4989,train
4990,train
4991,train
4992,val
4993,train
4994,test
4995,val
4996,train
4997,train
4998,train
4999,train
5000,val
5001,train
5002,train
5003,test
5004,test
5005,train
5006,train
5007,train
5008,train
5009,train
5010,train
5011,train
5012,val
5013,test
5014,train
5015,val
5016,train
5017,test
5018,train
5019,test
5020,train
5021,train
5022,test
5023,val
5024,train
5025,train
5026,train
5027,train
5028,train
5029,train
5030,train
5031,val
5032,test
5033,train
5034,train
5035,val
5036,train
5037,val
5038,train
5039,train
5040,val
5041,val
5042,train
5043,test
5044,train
5045,train
5046,val
5047,train
5048,test
5049,test
5050,test
5051,test
5052,val
5053,test
5054,train
5055,train
5056,train
5057,train
5058,test
5059,train
5060,train
5061,train
5062,train
5063,train
5064,test
5065,train
5066,train
5067,val
5068,train
5069,train
5070,train
5071,train
5072,test
5073,val
5074,train
5075,train
5076,train
5077,test
5078,train
5079,train
5080,train
5081,train
5082,train
5083,train
5084,train
5085,train
5086,train
5087,train
5088,test
5089,train
5090,train
5091,train
5092,train
5093,train
5094,val
5095,train
5096,train
5097,train
5098,train
5099,test
5100,train
5101,test
5102,test
5103,test
5104,train
5105,train
5106,val
5107,train
5108,val
5109,train
5110,train
5111,train
5112,train
5113,train
5114,train
5115,train
5116,train
5117,train
5118,train
5119,train
5120,test
5121,train
5122,train
5123,test
5124,train
5125,test
5126,val
5127,train
5128,train
5129,train
5130,test
5131,train
5132,val
5133,train
5134,test
5135,train
5136,test
5137,test
5138,train
5139,train
5140,val
5141,train
5142,train
5143,test
5144,train
5145,train
5146,val
5147,train
5148,train
5149,test
5150,train
5151,train
5152,train
5153,val
5154,train
5155,train
5156,train
5157,train
5158,train
5159,train
5160,train
5161,test
5162,train
5163,train
5164,train
5165,train
5166,train
5167,train
5168,train
5169,train
5170,train
5171,train
5172,train
5173,train
5174,train
5175,train
5176,test
5177,train
5178,train
5179,val
5180,test
5181,train
5182,test
5183,train
5184,test
5185,train
5186,train
5187,train
5188,test
5189,train
5190,val
5191,train
5192,val
5193,train
5194,test
5195,val
5196,train
5197,train
5198,train
5199,train
5200,train
5201,train
5202,train
5203,train
5204,train
5205,train
5206,val
5207,train
5208,train
5209,train
5210,train
5211,val
5212,train
5213,train
5214,train
5215,val
5216,train
5217,test
5218,train
5219,train
5220,train
5221,train
5222,train
5223,train
5224,train
5225,train
5226,train
5227,val
5228,val
5229,train
5230,train
5231,val
5232,train
5233,train
5234,test
5235,train
5236,train
5237,train
5238,val
5239,train
5240,train
5241,train
5242,train
5243,train
5244,train
5245,train
5246,train
5247,train
5248,test
5249,val
5250,train
5251,train
5252,train
5253,train
5254,val
5255,train
5256,train
5257,test
5258,train
5259,test
5260,train
5261,train
5262,val
5263,train
5264,train
5265,train
5266,train
5267,val
5268,train
5269,train
5270,train
5271,test
5272,test
5273,test
5274,val
5275,train
5276,train
5277,train
5278,val
5279,train
5280,train
5281,train
5282,train
5283,val
5284,train
5285,train
5286,val
5287,train
5288,train
5289,test
5290,test
5291,train
5292,train
5293,test
5294,val
5295,val
5296,train
5297,train
5298,train
5299,val
5300,train
5301,test
5302,train
5303,val
5304,val
5305,train
5306,train
5307,train
5308,train
5309,train
5310,train
5311,test
5312,test
5313,train
5314,val
5315,train
5316,train
5317,train
5318,val
5319,train
5320,test
5321,train
5322,train
5323,train
5324,train
5325,train
5326,train
5327,train
5328,val
5329,train
5330,train
5331,train
5332,train
5333,train
5334,train
5335,train
5336,train
5337,train
5338,train
5339,train
5340,val
5341,train
5342,train
5343,train
5344,train
5345,train
5346,val
5347,test
5348,train
5349,test
5350,train
5351,test
5352,train
5353,val
5354,train
5355,val
5356,val
5357,train
5358,train
5359,test
5360,train
5361,train
5362,train
5363,test
5364,train
5365,test
5366,train
5367,train
5368,train
5369,train
5370,train
5371,train
5372,train
5373,train
5374,train
5375,train
5376,train
5377,train
5378,val
5379,train
5380,train
5381,train
5382,val
5383,train
5384,train
5385,test
5386,train
5387,train
5388,train
5389,val
5390,train
5391,train
5392,train
5393,train
5394,train
5395,train
5396,val
5397,train
5398,val
5399,val
5400,train
5401,train
5402,train
5403,train
5404,test
5405,train
5406,train
5407,train
5408,test
5409,train
5410,train
5411,train
5412,test
5413,train
5414,train
5415,train
5416,val
5417,train
5418,test
5419,train
5420,val
5421,test
5422,val
5423,train
5424,val
5425,train
5426,train
5427,train
5428,train
5429,train
5430,train
5431,train
5432,val
5433,train
5434,train
5435,test
5436,train
5437,test
5438,train
5439,train
5440,train
5441,test
5442,train
5443,train
5444,train
5445,train
5446,test
5447,train
5448,train
5449,train
5450,train
5451,train
5452,test
5453,train
5454,train
5455,train
5456,train
5457,train
5458,val
5459,train
5460,train
5461,val
5462,train
5463,train
5464,train
5465,train
5466,train
5467,train
5468,train
5469,train
5470,train
5471,test
5472,train
5473,val
5474,test
5475,train
5476,val
5477,train
5478,train
5479,test
5480,test
5481,train
5482,train
5483,train
5484,train
5485,train
5486,train
5487,train
5488,train
5489,test
5490,train
5491,train
5492,test
5493,test
5494,train
5495,train
5496,train
5497,train
5498,train
5499,test
5500,train
5501,train
5502,test
5503,train
5504,train
5505,train
5506,train
5507,train
5508,train
5509,train
5510,train
5511,train
5512,train
5513,train
5514,val
5515,test
5516,test
5517,train
5518,train
5519,train
5520,train
5521,val
5522,train
5523,train
5524,test
5525,train
5526,train
5527,train
5528,train
5529,test
5530,train
5531,train
5532,train
5533,train
5534,train
5535,val
5536,train
5537,train
5538,train
5539,train
5540,train
5541,train
5542,train
5543,val
5544,train
5545,train
5546,val
5547,test
5548,train
5549,val
5550,train
5551,train
5552,train
5553,train
5554,train
5555,train
5556,train
5557,train
5558,train
5559,train
5560,train
5561,val
5562,train
5563,train
5564,train
5565,test
5566,test
5567,train
5568,train
5569,train
5570,train
5571,train
5572,train
5573,test
5574,train
5575,train
5576,val
5577,val
5578,train
5579,train
5580,train
5581,train
5582,train
5583,train
5584,train
5585,train
5586,train
5587,test
5588,train
5589,train
5590,train
5591,train
5592,train
5593,test
5594,train
5595,train
5596,train
5597,test
5598,train
5599,val
5600,test
5601,train
5602,train
5603,train
5604,train
5605,train
5606,train
5607,train
5608,train
5609,val
5610,train
5611,train
5612,test
5613,train
5614,train
5615,train
5616,train
5617,val
5618,test
5619,val
5620,train
5621,train
5622,test
5623,train
5624,train
5625,train
5626,train
5627,train
5628,val
5629,train
5630,train
5631,train
5632,train
5633,val
5634,train
5635,test
5636,train
5637,train
5638,train
5639,test
5640,train
5641,train
5642,train
5643,train
5644,train
5645,train
5646,train
5647,train
5648,train
5649,train
5650,train
5651,train
5652,train
5653,train
5654,train
5655,train
5656,val
5657,train
5658,train
5659,train
5660,train
5661,train
5662,train
5663,test
5664,train
5665,train
5666,val
5667,train
5668,train
5669,val
5670,train
5671,train
5672,train
5673,train
5674,val
5675,val
5676,train
5677,train
5678,train
5679,train
5680,train
5681,val
5682,val
5683,train
5684,val
5685,train
5686,train
5687,train
5688,train
5689,train
5690,test
5691,train
5692,train
5693,train
5694,train
5695,train
5696,test
5697,train
5698,train
5699,train
5700,train
5701,test
5702,test
5703,val
5704,val
5705,train
5706,train
5707,train
5708,train
5709,train
5710,test
5711,train
5712,train
5713,train
5714,train
5715,train
5716,val
5717,train
5718,test
5719,val
5720,train
5721,train
5722,val
5723,train
5724,val
5725,train
5726,train
5727,val
5728,train
5729,test
5730,train
5731,train
5732,train
5733,train
5734,train
5735,train
5736,train
5737,test
5738,test
5739,train
5740,train
5741,train
5742,train
5743,val
5744,train
5745,train
5746,train
5747,train
5748,train
5749,train
5750,train
5751,train
5752,test
5753,train
5754,train
5755,val
5756,train
5757,val
5758,train
5759,train
5760,train
5761,test
5762,train
5763,train
5764,train
5765,train
5766,train
5767,test
5768,test
5769,train
5770,train
5771,val
5772,train
5773,val
5774,val
5775,test
5776,train
5777,train
5778,train
5779,test
5780,train
5781,train
5782,train
5783,val
5784,train
5785,train
5786,train
5787,val
5788,val
5789,test
5790,val
5791,train
5792,train
5793,train
5794,val
5795,val
5796,train
5797,train
5798,train
5799,train
5800,val
5801,train
5802,test
5803,val
5804,train
5805,train
5806,train
5807,train
5808,train
5809,train
5810,train
5811,train
5812,train
5813,train
5814,train
5815,train
5816,test
5817,test
5818,test
5819,train
5820,test
5821,val
5822,train
5823,train
5824,train
5825,val
5826,train
5827,test
5828,val
5829,train
5830,test
5831,test
5832,train
5833,train
5834,val
5835,train
5836,train
5837,train
5838,val
5839,train
5840,train
5841,val
5842,val
5843,train
5844,train
5845,test
5846,train
5847,train
5848,val
5849,train
5850,train
5851,train
5852,train
5853,train
5854,train
5855,val
5856,train
5857,val
5858,train
5859,train
5860,train
5861,train
5862,train
5863,train
5864,val
5865,train
5866,test
5867,train
5868,train
5869,train
5870,test
5871,val
5872,val
5873,val
5874,val
5875,val
5876,train
5877,test
5878,val
5879,train
5880,train
5881,train
5882,train
5883,val
5884,test
5885,train
5886,val
5887,test
5888,train
5889,test
5890,train
5891,train
5892,train
5893,train
5894,val
5895,train
5896,train
5897,train
5898,train
5899,val
5900,train
5901,train
5902,test
5903,test
5904,train
5905,test
5906,train
5907,train
5908,train
5909,train
5910,train
5911,train
5912,train
5913,train
5914,train
5915,train
5916,train
5917,train
5918,train
5919,train
5920,train
5921,train
5922,train
5923,train
5924,train
5925,train
5926,train
5927,train
5928,train
5929,train
5930,train
5931,train
5932,train
5933,val
5934,train
5935,train
5936,train
5937,train
5938,train
5939,train
5940,train
5941,val
5942,test
5943,train
5944,val
5945,test
5946,train
5947,val
5948,train
5949,train
5950,train
5951,train
5952,train
5953,train
5954,train
5955,train
5956,train
5957,test
5958,test
5959,train
5960,train
5961,train
5962,train
5963,train
5964,train
5965,val
5966,val
5967,val
5968,train
5969,train
5970,test
5971,test
5972,train
5973,test
5974,val
5975,train
5976,train
5977,val
5978,val
5979,val
5980,train
5981,val
5982,train
5983,test
5984,train
5985,train
5986,train
5987,val
5988,test
5989,train
5990,train
5991,val
5992,train
5993,train
5994,train
5995,train
5996,test
5997,train
5998,test
5999,test
6000,train
6001,train
6002,val
6003,train
6004,train
6005,train
6006,train
6007,val
6008,train
6009,train
6010,val
6011,val
6012,train
6013,val
6014,train
6015,val
6016,train
6017,train
6018,train
6019,train
6020,train
6021,train
6022,train
6023,train
6024,train
6025,train
6026,train
6027,train
6028,train
6029,train
6030,train
6031,train
6032,test
6033,val
6034,train
6035,train
6036,train
6037,train
6038,train
6039,train
6040,test
6041,train
6042,train
6043,train
6044,test
6045,train
6046,val
6047,train
6048,train
6049,train
6050,train
6051,train
6052,train
6053,train
6054,train
6055,train
6056,train
6057,train
6058,train
6059,test
6060,train
6061,train
6062,train
6063,test
6064,train
6065,val
6066,val
6067,train
6068,train
6069,val
6070,train
6071,val
6072,train
6073,train
6074,train
6075,train
6076,val
6077,test
6078,val
6079,train
6080,test
6081,train
6082,train
6083,train
6084,train
6085,train
6086,test
6087,train
6088,test
6089,train
6090,test
6091,test
6092,train
6093,train
6094,train
6095,val
6096,train
6097,train
6098,test
6099,train
6100,train
6101,train
6102,train
6103,val
6104,test
6105,train
6106,test
6107,test
6108,train
6109,train
6110,train
6111,val
6112,train
6113,train
6114,train
6115,test
6116,val
6117,train
6118,train
6119,train
6120,train
6121,test
6122,test
6123,test
6124,train
6125,test
6126,train
6127,train
6128,val
6129,train
6130,train
6131,train
6132,test
6133,train
6134,train
6135,train
6136,test
6137,test
6138,train
6139,train
6140,train
6141,val
6142,train
6143,train
6144,val
6145,train
6146,train
6147,train
6148,train
6149,train
6150,val
6151,train
6152,test
6153,test
6154,train
6155,train
6156,train
6157,test
6158,train
6159,train
6160,train
6161,val
6162,train
6163,train
6164,val
6165,test
6166,train
6167,train
6168,train
6169,train
6170,train
6171,train
6172,test
6173,test
6174,test
6175,val
6176,train
6177,train
6178,train
6179,val
6180,train
6181,train
6182,train
6183,train
6184,train
6185,train
6186,val
6187,train
6188,train
6189,train
6190,train
6191,train
6192,train
6193,val
6194,train
6195,train
6196,val
6197,val
6198,test
6199,train
6200,train
6201,val
6202,train
6203,train
6204,train
6205,train
6206,train
6207,train
6208,train
6209,test
6210,val
6211,train
6212,test
6213,train
6214,train
6215,val
6216,train
6217,train
6218,val
6219,train
6220,train
6221,train
6222,train
6223,train
6224,train
6225,val
6226,train
6227,val
6228,test
6229,train
6230,train
6231,train
6232,train
6233,train
6234,train
6235,train
6236,train
6237,train
6238,train
6239,train
6240,train
6241,test
6242,val
6243,train
6244,test
6245,train
6246,train
6247,train
6248,train
6249,train
6250,test
6251,test
6252,train
6253,train
6254,val
6255,val
6256,train
6257,train
6258,train
6259,train
6260,val
6261,test
6262,train
6263,train
6264,train
6265,train
6266,train
6267,train
6268,train
6269,val
6270,train
6271,train
6272,val
6273,train
6274,train
6275,train
6276,train
6277,test
6278,train
6279,train
6280,val
6281,train
6282,val
6283,train
6284,train
6285,train
6286,train
6287,test
6288,train
6289,val
6290,train
6291,val
6292,train
6293,val
6294,test
6295,train
6296,train
6297,train
6298,train
6299,test
6300,val
6301,train
6302,train
6303,train
6304,train
6305,train
6306,test
6307,val
6308,train
6309,train
6310,train
6311,train
6312,train
6313,train
6314,train
6315,val
6316,val
6317,train
6318,train
6319,train
6320,train
6321,train
6322,train
6323,train
6324,train
6325,train
6326,train
6327,train
6328,train
6329,train
6330,train
6331,train
6332,train
6333,val
6334,train
6335,test
6336,train
6337,train
6338,val
6339,val
6340,train
6341,train
6342,val
6343,train
6344,test
6345,val
6346,train
6347,train
6348,train
6349,train
6350,train
6351,train
6352,val
6353,test
6354,train
6355,train
6356,train
6357,test
6358,train
6359,train
6360,test
6361,train
6362,train
6363,train
6364,train
6365,val
6366,train
6367,train
6368,train
6369,test
6370,test
6371,train
6372,test
6373,train
6374,train
6375,test
6376,train
6377,train
6378,train
6379,val
6380,val
6381,train
6382,train
6383,train
6384,train
6385,train
6386,train
6387,val
6388,train
6389,test
6390,train
6391,train
6392,train
6393,train
6394,train
6395,train
6396,train
6397,train
6398,train
6399,train
6400,train
6401,train
6402,train
6403,train
6404,train
6405,test
6406,train
6407,val
6408,train
6409,val
6410,train
6411,train
6412,train
6413,val
6414,train
6415,train
6416,test
6417,test
6418,train
6419,val
6420,train
6421,train
6422,train
6423,train
6424,train
6425,train
6426,train
6427,train
6428,val
6429,train
6430,train
6431,train
6432,train
6433,test
6434,train
6435,test
6436,train
6437,val
6438,train
6439,train
6440,train
6441,val
6442,val
6443,test
6444,test
6445,train
6446,val
6447,train
6448,train
6449,train
6450,train
6451,train
6452,train
6453,train
6454,train
6455,train
6456,train
6457,val
6458,train
6459,test
6460,train
6461,test
6462,train
6463,train
6464,val
6465,test
6466,val
6467,test
6468,train
6469,train
6470,train
6471,train
6472,val
6473,val
6474,train
6475,train
6476,train
6477,train
6478,train
6479,train
6480,val
6481,val
6482,train
6483,train
6484,train
6485,test
6486,train
6487,train
6488,val
6489,train
6490,train
6491,train
6492,train
6493,train
6494,train
6495,test
6496,val
6497,train
6498,train
6499,train
6500,train
6501,test
6502,train
6503,val
6504,test
6505,train
6506,train
6507,train
6508,train
6509,val
6510,train
6511,train
6512,train
6513,train
6514,train
6515,train
6516,train
6517,train
6518,val
6519,train
6520,train
6521,val
6522,train
6523,train
6524,train
6525,train
6526,train
6527,train
6528,train
6529,train
6530,train
6531,train
6532,train
6533,val
6534,train
6535,train
6536,train
6537,train
6538,train
6539,train
6540,test
6541,train
6542,train
6543,train
6544,train
6545,train
6546,train
6547,train
6548,train
6549,train
6550,train
6551,train
6552,train
6553,val
6554,val
6555,train
6556,train
6557,test
6558,train
6559,test
6560,train
6561,train
6562,train
6563,train
6564,train
6565,test
6566,train
6567,val
6568,train
6569,train
6570,train
6571,val
6572,val
6573,train
6574,train
6575,train
6576,val
6577,train
6578,train
6579,test
6580,train
6581,train
6582,test
6583,train
6584,train
6585,train
6586,train
6587,train
6588,test
6589,test
6590,test
6591,val
6592,train
6593,train
6594,train
6595,train
6596,train
6597,train
6598,val
6599,test
6600,train
6601,train
6602,test
6603,test
6604,train
6605,val
6606,train
6607,train
6608,val
6609,test
6610,train
6611,train
6612,val
6613,val
6614,test
6615,train
6616,train
6617,train
6618,train
6619,test
6620,val
6621,train
6622,train
6623,test
6624,val
6625,val
6626,train
6627,train
6628,test
6629,train
6630,train
6631,train
6632,train
6633,val
6634,train
6635,train
6636,train
6637,val
6638,train
6639,train
6640,train
6641,train
6642,train
6643,val
6644,train
6645,train
6646,train
6647,train
6648,train
6649,val
6650,train
6651,test
6652,train
6653,val
6654,test
6655,test
6656,train
6657,train
6658,train
6659,train
6660,train
6661,train
6662,train
6663,train
6664,train
6665,train
6666,train
6667,test
6668,train
6669,test
6670,train
6671,train
6672,train
6673,train
6674,train
6675,train
6676,train
6677,train
6678,train
6679,train
6680,train
6681,val
6682,test
6683,train
6684,train
6685,test
6686,val
6687,train
6688,train
6689,train
6690,train
6691,train
6692,test
6693,train
6694,train
6695,train
6696,train
6697,val
6698,train
6699,train
6700,train
6701,train
6702,train
6703,test
6704,val
6705,train
6706,test
6707,test
6708,val
6709,train
6710,train
6711,test
6712,val
6713,test
6714,test
6715,val
6716,train
6717,test
6718,train
6719,train
6720,train
6721,train
6722,train
6723,test
6724,train
6725,val
6726,train
6727,train
6728,val
6729,train
6730,train
6731,test
6732,train
6733,test
6734,train
6735,train
6736,train
6737,train
6738,val
6739,train
6740,val
6741,train
6742,train
6743,val
6744,test
6745,train
6746,train
6747,val
6748,test
6749,train
6750,train
6751,train
6752,train
6753,val
6754,test
6755,val
6756,train
6757,train
6758,train
6759,train
6760,train
6761,test
6762,test
6763,test
6764,train
6765,train
6766,train
6767,train
6768,val
6769,train
6770,train
6771,test
6772,train
6773,test
6774,train
6775,val
6776,train
6777,train
6778,train
6779,val
6780,val
6781,train
6782,train
6783,test
6784,train
6785,test
6786,train
6787,train
6788,train
6789,train
6790,train
6791,test
6792,train
6793,train
6794,train
6795,test
6796,train
6797,train
6798,test
6799,test
6800,train
6801,train
6802,train
6803,train
6804,train
6805,test
6806,train
6807,train
6808,val
6809,test
6810,train
6811,train
6812,train
6813,train
6814,train
6815,train
6816,train
6817,test
6818,train
6819,train
6820,train
6821,train
6822,train
6823,train
6824,train
6825,val
6826,train
6827,train
6828,train
6829,test
6830,train
6831,train
6832,val
6833,train
6834,test
6835,train
6836,train
6837,train
6838,test
6839,train
6840,test
6841,val
6842,test
6843,train
6844,test
6845,train
6846,train
6847,train
6848,train
6849,train
6850,train
6851,train
6852,val
6853,train
6854,test
6855,test
6856,train
6857,train
6858,train
6859,val
6860,train
6861,test
6862,train
6863,train
6864,test
6865,train
6866,train
6867,train
6868,train
6869,train
6870,train
6871,test
6872,train
6873,train
6874,val
6875,train
6876,train
6877,train
6878,train
6879,train
6880,test
6881,test
6882,val
6883,train
6884,train
6885,train
6886,train
6887,train
6888,train
6889,train
6890,train
6891,val
6892,train
6893,val
6894,train
6895,train
6896,train
6897,train
6898,train
6899,train
6900,val
6901,val
6902,train
6903,train
6904,train
6905,train
6906,val
6907,train
6908,train
6909,train
6910,train
6911,test
6912,val
6913,test
6914,train
6915,train
6916,train
6917,train
6918,test
6919,test
6920,val
6921,train
6922,train
6923,train
6924,train
6925,train
6926,train
6927,train
6928,train
6929,train
6930,train
6931,train
6932,val
6933,train
6934,val
6935,train
6936,train
6937,train
6938,train
6939,val
6940,train
6941,train
6942,train
6943,val
6944,train
6945,test
6946,train
6947,train
6948,train
6949,test
6950,test
6951,train
6952,test
6953,test
6954,val
6955,train
6956,train
6957,val
6958,train
6959,train
6960,train
6961,train
6962,train
6963,train
6964,test
6965,train
6966,train
6967,train
6968,train
6969,val
6970,train
6971,train
6972,train
6973,train
6974,train
6975,train
6976,train
6977,train
6978,val
6979,train
6980,train
6981,train
6982,val
6983,val
6984,val
6985,train
6986,val
6987,val
6988,train
6989,val
6990,train
6991,train
6992,val
6993,test
6994,train
6995,train
6996,train
6997,train
6998,train
6999,train
7000,train
7001,val
7002,train
7003,train
7004,test
7005,train
7006,test
7007,train
7008,train
7009,train
7010,train
7011,train
7012,train
7013,train
7014,train
7015,train
7016,train
7017,train
7018,train
7019,train
7020,train
7021,train
7022,train
7023,train
7024,train
7025,train
7026,train
7027,train
7028,train
7029,val
7030,train
7031,train
7032,train
7033,train
7034,test
7035,train
7036,train
7037,train
7038,train
7039,train
7040,val
7041,train
7042,train
7043,test
7044,train
7045,test
7046,train
7047,val
7048,test
7049,val
7050,train
7051,train
7052,train
7053,test
7054,train
7055,test
7056,train
7057,train
7058,train
7059,test
7060,train
7061,train
7062,train
7063,train
7064,train
7065,train
7066,train
7067,train
7068,train
7069,train
7070,train
7071,train
7072,train
7073,train
7074,train
7075,val
7076,train
7077,test
7078,val
7079,train
7080,train
7081,val
7082,train
7083,train
7084,test
7085,train
7086,train
7087,test
7088,train
7089,test
7090,train
7091,val
7092,test
7093,train
7094,train
7095,test
7096,val
7097,train
7098,val
7099,val
7100,train
7101,train
7102,train
7103,val
7104,train
7105,train
7106,train
7107,train
7108,val
7109,train
7110,train
7111,train
7112,train
7113,train
7114,train
7115,val
7116,val
7117,val
7118,val
7119,train
7120,train
7121,test
7122,train
7123,train
7124,train
7125,test
7126,train
7127,train
7128,train
7129,train
7130,train
7131,test
7132,train
7133,train
7134,train
7135,test
7136,val
7137,train
7138,train
7139,train
7140,train
7141,train
7142,train
7143,train
7144,train
7145,train
7146,val
7147,train
7148,train
7149,train
7150,test
7151,train
7152,train
7153,test
7154,test
7155,train
7156,train
7157,train
7158,val
7159,test
7160,train
7161,train
7162,val
7163,test
7164,train
7165,train
7166,test
7167,test
7168,train
7169,train
7170,test
7171,train
7172,test
7173,train
7174,val
7175,train
7176,val
7177,val
7178,train
7179,train
7180,train
7181,train
7182,val
7183,train
7184,train
7185,val
7186,train
7187,train
7188,val
7189,train
7190,val
7191,train
7192,train
7193,train
7194,train
7195,train
7196,train
7197,test
7198,test
7199,train
7200,train
7201,train
7202,train
7203,train
7204,train
7205,val
7206,train
7207,train
7208,test
7209,train
7210,train
7211,train
7212,val
7213,train
7214,train
7215,val
7216,train
7217,train
7218,train
7219,train
7220,train
7221,train
7222,train
7223,val
7224,test
7225,train
7226,train
7227,test
7228,train
7229,train
7230,test
7231,train
7232,train
7233,train
7234,train
7235,train
7236,train
7237,train
7238,train
7239,train
7240,train
7241,train
7242,train
7243,train
7244,train
7245,train
7246,val
7247,train
7248,train
7249,train
7250,train
7251,train
7252,train
7253,train
7254,train
7255,train
7256,test
7257,train
7258,val
7259,train
7260,train
7261,train
7262,train
7263,test
7264,test
7265,train
7266,train
7267,train
7268,train
7269,train
7270,val
7271,train
7272,val
7273,train
7274,train
7275,train
7276,train
7277,train
7278,train
7279,train
7280,test
7281,train
7282,train
7283,train
7284,train
7285,train
7286,train
7287,train
7288,val
7289,train
7290,train
7291,train
7292,train
7293,train
7294,train
7295,train
7296,train
7297,train
7298,test
7299,test
7300,train
7301,val
7302,train
7303,train
7304,train
7305,train
7306,val
7307,train
7308,train
7309,train
7310,train
7311,test
7312,test
7313,train
7314,train
7315,train
7316,train
7317,train
7318,val
7319,train
7320,train
7321,val
7322,train
7323,train
7324,train
7325,train
7326,train
7327,train
7328,val
7329,train
7330,train
7331,train
7332,train
7333,train
7334,train
7335,val
7336,train
7337,val
7338,train
7339,train
7340,train
7341,val
7342,train
7343,test
7344,test
7345,train
7346,train
7347,train
7348,train
7349,train
7350,val
7351,train
7352,val
7353,train
7354,train
7355,train
7356,val
7357,train
7358,train
7359,train
7360,train
7361,train
7362,train
7363,test
7364,train
7365,train
7366,train
7367,val
7368,train
7369,test
7370,val
7371,train
7372,train
7373,train
7374,val
7375,train
7376,train
7377,test
7378,val
7379,test
7380,train
7381,test
7382,train
7383,train
7384,test
7385,train
7386,train
7387,train
7388,train
7389,train
7390,train
7391,test
7392,train
7393,train
7394,test
7395,train
7396,val
7397,train
7398,test
7399,test
7400,train
7401,train
7402,val
7403,train
7404,val
7405,train
7406,train
7407,test
7408,test
7409,train
7410,train
7411,train
7412,train
7413,train
7414,train
7415,val
7416,train
7417,train
7418,val
7419,train
7420,train
7421,train
7422,train
7423,train
7424,train
7425,train
7426,test
7427,train
7428,test
7429,train
7430,train
7431,train
7432,test
7433,test
7434,train
7435,train
7436,train
7437,train
7438,train
7439,train
7440,train
7441,train
7442,train
7443,train
7444,train
7445,test
7446,val
7447,test
7448,val
7449,train
7450,test
7451,val
7452,train
7453,test
7454,train
7455,train
7456,train
7457,train
7458,train
7459,train
7460,train
7461,train
7462,train
7463,val
7464,train
7465,train
7466,test
7467,train
7468,train
7469,train
7470,train
7471,train
7472,train
7473,train
7474,train
7475,val
7476,train
7477,test
7478,train
7479,train
7480,train
7481,train
7482,train
7483,train
7484,train
7485,train
7486,train
7487,val
7488,train
7489,train
7490,train
7491,train
7492,train
7493,val
7494,train
7495,train
7496,train
7497,train
7498,train
7499,train
7500,test
7501,train
7502,test
7503,train
7504,test
7505,train
7506,train
7507,test
7508,train
7509,test
7510,train
7511,train
7512,train
7513,test
7514,train
7515,train
7516,train
7517,train
7518,train
7519,test
7520,train
7521,test
7522,train
7523,test
7524,train
7525,val
7526,train
7527,test
7528,train
7529,train
7530,val
7531,train
7532,train
7533,train
7534,train
7535,train
7536,train
7537,train
7538,train
7539,train
7540,train
7541,train
7542,train
7543,train
7544,train
7545,train
7546,test
7547,train
7548,train
7549,train
7550,test
7551,train
7552,train
7553,train
7554,train
7555,train
7556,train
7557,train
7558,train
7559,train
7560,train
7561,train
7562,train
7563,train
7564,train
7565,val
7566,test
7567,train
7568,train
7569,train
7570,train
7571,train
7572,val
7573,train
7574,train
7575,train
7576,train
7577,val
7578,train
7579,train
7580,val
7581,train
7582,train
7583,test
7584,train
7585,test
7586,train
7587,train
7588,train
7589,train
7590,test
7591,train
7592,val
7593,train
7594,train
7595,train
7596,train
7597,train
7598,train
7599,val
7600,train
7601,train
7602,train
7603,train
7604,train
7605,val
7606,train
7607,train
7608,test
7609,train
7610,train
7611,train
7612,train
7613,val
7614,val
7615,val
7616,train
7617,val
7618,val
7619,train
7620,train
7621,train
7622,train
7623,train
7624,train
7625,train
7626,train
7627,train
7628,train
7629,train
7630,test
7631,train
7632,train
7633,train
7634,train
7635,val
7636,test
7637,val
7638,train
7639,train
7640,train
7641,test
7642,val
7643,val
7644,train
7645,train
7646,train
7647,train
7648,val
7649,test
7650,train
7651,train
7652,train
7653,train
7654,train
7655,test
7656,train
7657,val
7658,train
7659,train
7660,test
7661,train
7662,train
7663,test
7664,train
7665,train
7666,train
7667,train
7668,train
7669,test
7670,train
7671,train
7672,train
7673,val
7674,train
7675,train
7676,train
7677,train
7678,train
7679,train
7680,train
7681,train
7682,train
7683,val
7684,train
7685,train
7686,train
7687,train
7688,train
7689,train
7690,train
7691,test
7692,val
7693,train
7694,val
7695,val
7696,train
7697,train
7698,test
7699,test
7700,train
7701,val
7702,train
7703,test
7704,test
7705,train
7706,val
7707,val
7708,train
7709,test
7710,val
7711,train
7712,val
7713,test
7714,train
7715,train
7716,test
7717,train
7718,train
7719,train
7720,val
7721,train
7722,train
7723,train
7724,train
7725,train
7726,train
7727,val
7728,test
7729,train
7730,train
7731,train
7732,val
7733,test
7734,test
7735,val
7736,train
7737,train
7738,train
7739,test
7740,val
7741,train
7742,train
7743,train
7744,val
7745,train
7746,train
7747,train
7748,train
7749,train
7750,train
7751,train
7752,train
7753,val
7754,train
7755,train
7756,train
7757,train
7758,train
7759,val
7760,test
7761,train
7762,train
7763,test
7764,train
7765,test
7766,val
7767,train
7768,train
7769,train
7770,val
7771,test
7772,train
7773,test
7774,train
7775,train
7776,train
7777,train
7778,test
7779,val
7780,train
7781,train
7782,train
7783,train
7784,test
7785,train
7786,train
7787,test
7788,train
7789,val
7790,val
7791,train
7792,train
7793,train
7794,val
7795,test
7796,train
7797,train
7798,test
7799,test
7800,train
7801,train
7802,test
7803,train
7804,train
7805,train
7806,train
7807,test
7808,train
7809,test
7810,train
7811,train
7812,train
7813,train
7814,train
7815,train
7816,test
7817,train
7818,val
7819,train
7820,val
7821,train
7822,train
7823,val
7824,test
7825,train
7826,test
7827,train
7828,val
7829,test
7830,train
7831,train
7832,train
7833,train
7834,train
7835,val
7836,test
7837,val
7838,train
7839,train
7840,train
7841,train
7842,val
7843,train
7844,train
7845,train
7846,train
7847,train
7848,val
7849,train
7850,train
7851,train
7852,train
7853,val
7854,test
7855,test
7856,train
7857,train
7858,train
7859,train
7860,test
7861,val
7862,val
7863,train
7864,train
7865,train
7866,train
7867,train
7868,train
7869,train
7870,train
7871,train
7872,test
7873,train
7874,train
7875,train
7876,train
7877,val
7878,train
7879,train
7880,train
7881,train
7882,test
7883,train
7884,test
7885,train
7886,train
7887,train
7888,train
7889,train
7890,train
7891,train
7892,train
7893,train
7894,val
7895,train
7896,train
7897,train
7898,train
7899,val
7900,train
7901,train
7902,val
7903,val
7904,train
7905,test
7906,test
7907,train
7908,test
7909,test
7910,train
7911,train
7912,val
7913,val
7914,train
7915,train
7916,train
7917,train
7918,train
7919,train
7920,train
7921,val
7922,train
7923,test
7924,train
7925,train
7926,train
7927,train
7928,val
7929,test
7930,train
7931,train
7932,train
7933,val
7934,train
7935,train
7936,test
7937,train
7938,val
7939,train
7940,train
7941,val
7942,train
7943,val
7944,train
7945,val
7946,train
7947,train
7948,val
7949,train
7950,val
7951,train
7952,test
7953,train
7954,val
7955,train
7956,train
7957,val
7958,train
7959,train
7960,train
7961,train
7962,test
7963,train
7964,train
7965,train
7966,train
7967,train
7968,val
7969,val
7970,train
7971,test
7972,train
7973,test
7974,train
7975,val
7976,train
7977,test
7978,train
7979,train
7980,val
7981,train
7982,val
7983,test
7984,train
7985,train
7986,train
7987,train
7988,train
7989,train
7990,val
7991,train
7992,train
7993,val
7994,train
7995,train
7996,train
7997,val
7998,train
7999,train
8000,train
8001,train
8002,train
8003,train
8004,train
8005,test
8006,train
8007,val
8008,train
8009,train
8010,test
8011,val
8012,train
8013,train
8014,train
8015,train
8016,train
8017,val
8018,val
8019,train
8020,train
8021,train
8022,train
8023,val
8024,val
8025,train
8026,test
8027,test
8028,train
8029,test
8030,train
8031,train
8032,train
8033,train
8034,train
8035,test
8036,train
8037,train
8038,train
8039,train
8040,train
8041,train
8042,test
8043,train
8044,train
8045,train
8046,train
8047,train
8048,train
8049,val
8050,test
8051,test
8052,train
8053,train
8054,train
8055,train
8056,test
8057,train
8058,test
8059,train
8060,val
8061,train
8062,train
8063,train
8064,train
8065,test
8066,train
8067,train
8068,train
8069,train
8070,train
8071,test
8072,train
8073,train
8074,train
8075,test
8076,train
8077,train
8078,val
8079,train
8080,train
8081,val
8082,train
8083,train
8084,train
8085,train
8086,train
8087,train
8088,train
8089,train
8090,train
8091,train
8092,val
8093,val
8094,train
8095,val
8096,train
8097,val
8098,train
8099,test
8100,test
8101,val
8102,train
8103,train
8104,train
8105,train
8106,test
8107,val
8108,val
8109,val
8110,train
8111,train
8112,train
8113,train
8114,train
8115,test
8116,train
8117,test
8118,train
8119,train
8120,test
8121,train
8122,train
8123,train
8124,train
8125,val
8126,test
8127,train
8128,train
8129,train
8130,train
8131,train
8132,val
8133,val
8134,train
8135,train
8136,train
8137,train
8138,train
8139,train
8140,train
8141,train
8142,val
8143,val
8144,test
8145,train
8146,train
8147,train
8148,val
8149,train
8150,val
8151,val
8152,train
8153,train
8154,val
8155,train
8156,train
8157,train
8158,test
8159,train
8160,train
8161,train
8162,train
8163,train
8164,test
8165,train
8166,train
8167,val
8168,train
8169,val
8170,train
8171,train
8172,train
8173,test
8174,train
8175,train
8176,train
8177,train
8178,train
8179,train
8180,train
8181,val
8182,train
8183,val
8184,train
8185,train
8186,train
8187,train
8188,train
8189,train
8190,train
8191,test
8192,train
8193,val
8194,train
8195,train
8196,train
8197,train
8198,train
8199,test
8200,train
8201,train
8202,val
8203,test
8204,train
8205,test
8206,train
8207,test
8208,train
8209,train
8210,test
8211,train
8212,train
8213,val
8214,train
8215,test
8216,train
8217,train
8218,train
8219,train
8220,train
8221,val
8222,test
8223,train
8224,train
8225,train
8226,train
8227,train
8228,train
8229,train
8230,train
8231,train
8232,train
8233,train
8234,train
8235,train
8236,train
8237,train
8238,train
8239,train
8240,train
8241,train
8242,test
8243,train
8244,train
8245,train
8246,train
8247,test
8248,train
8249,train
8250,train
8251,train
8252,train
8253,train
8254,val
8255,train
8256,train
8257,val
8258,train
8259,train
8260,train
8261,train
8262,test
8263,train
8264,test
8265,test
8266,val
8267,train
8268,val
8269,val
8270,train
8271,val
8272,test
8273,train
8274,train
8275,train
8276,test
8277,train
8278,train
8279,train
8280,train
8281,val
8282,val
8283,val
8284,val
8285,train
8286,train
8287,train
8288,val
8289,train
8290,val
8291,train
8292,train
8293,val
8294,test
8295,test
8296,train
8297,train
8298,test
8299,test
8300,train
8301,test
8302,test
8303,train
8304,train
8305,train
8306,train
8307,train
8308,test
8309,test
8310,train
8311,train
8312,train
8313,train
8314,val
8315,train
8316,test
8317,train
8318,train
8319,train
8320,train
8321,val
8322,train
8323,train
8324,val
8325,test
8326,train
8327,train
8328,val
8329,train
8330,train
8331,test
8332,train
8333,train
8334,test
8335,test
8336,val
8337,train
8338,train
8339,train
8340,train
8341,train
8342,train
8343,test
8344,train
8345,test
8346,train
8347,val
8348,test
8349,val
8350,train
8351,train
8352,train
8353,test
8354,train
8355,train
8356,test
8357,train
8358,val
8359,val
8360,train
8361,train
8362,train
8363,train
8364,train
8365,val
8366,val
8367,train
8368,train
8369,train
8370,train
8371,val
8372,train
8373,train
8374,train
8375,val
8376,test
8377,train
8378,train
8379,val
8380,train
8381,train
8382,test
8383,val
8384,train
8385,train
8386,train
8387,train
8388,train
8389,train
8390,val
8391,train
8392,val
8393,val
8394,train
8395,train
8396,train
8397,train
8398,train
8399,train
8400,test
8401,train
8402,train
8403,train
8404,val
8405,train
8406,train
8407,train
8408,val
8409,train
8410,train
8411,val
8412,test
8413,train
8414,test
8415,train
8416,val
8417,train
8418,train
8419,val
8420,train
8421,train
8422,train
8423,train
8424,train
8425,train
8426,train
8427,val
8428,test
8429,train
8430,train
8431,train
8432,train
8433,train
8434,train
8435,val
8436,test
8437,train
8438,train
8439,train
8440,val
8441,test
8442,train
8443,test
8444,train
8445,train
8446,train
8447,train
8448,val
8449,train
8450,train
8451,train
8452,train
8453,train
8454,test
8455,train
8456,val
8457,test
8458,train
8459,train
8460,test
8461,train
8462,train
8463,train
8464,train
8465,train
8466,train
8467,train
8468,train
8469,train
8470,train
8471,train
8472,train
8473,train
8474,train
8475,train
8476,train
8477,train
8478,train
8479,train
8480,val
8481,train
8482,train
8483,train
8484,val
8485,train
8486,train
8487,train
8488,train
8489,test
8490,train
8491,train
8492,train
8493,train
8494,train
8495,train
8496,train
8497,test
8498,train
8499,train
8500,train
8501,test
8502,train
8503,test
8504,train
8505,train
8506,train
8507,val
8508,train
8509,val
8510,train
8511,train
8512,train
8513,train
8514,train
8515,train
8516,train
8517,val
8518,train
8519,train
8520,train
8521,train
8522,train
8523,test
8524,train
8525,train
8526,val
8527,train
8528,train
8529,train
8530,val
8531,val
8532,val
8533,val
8534,train
8535,train
8536,train
8537,train
8538,train
8539,train
8540,train
8541,train
8542,train
8543,val
8544,train
8545,train
8546,train
8547,test
8548,val
8549,val
8550,train
8551,train
8552,train
8553,test
8554,train
8555,train
8556,train
8557,train
8558,train
8559,train
8560,train
8561,train
8562,train
8563,test
8564,val
8565,train
8566,test
8567,val
8568,train
8569,train
8570,val
8571,train
8572,train
8573,train
8574,train
8575,train
8576,train
8577,test
8578,train
8579,train
8580,test
8581,test
8582,val
8583,train
8584,train
8585,train
8586,train
8587,train
8588,val
8589,val
8590,train
8591,train
8592,train
8593,train
8594,train
8595,train
8596,train
8597,val
8598,train
8599,train
8600,train
8601,train
8602,train
8603,train
8604,train
8605,val
8606,val
8607,test
8608,train
8609,train
8610,train
8611,train
8612,train
8613,train
8614,test
8615,val
8616,test
8617,train
8618,train
8619,train
8620,train
8621,test
8622,train
8623,test
8624,train
8625,val
8626,train
8627,train
8628,train
8629,train
8630,test
8631,train
8632,train
8633,train
8634,train
8635,train
8636,train
8637,train
8638,test
8639,train
8640,train
8641,val
8642,train
8643,test
8644,test
8645,train
8646,train
8647,train
8648,train
8649,test
8650,val
8651,test
8652,val
8653,train
8654,train
8655,train
8656,val
8657,test
8658,train
8659,test
8660,train
8661,val
8662,train
8663,train
8664,val
8665,train
8666,train
8667,train
8668,train
8669,train
8670,train
8671,train
8672,train
8673,test
8674,train
8675,train
8676,test
8677,train
8678,test
8679,train
8680,train
8681,train
8682,train
8683,train
8684,val
8685,train
8686,train
8687,train
8688,train
8689,test
8690,train
8691,train
8692,test
8693,train
8694,val
8695,train
8696,train
8697,train
8698,train
8699,val
8700,test
8701,train
8702,train
8703,train
8704,train
8705,train
8706,test
8707,train
8708,val
8709,train
8710,test
8711,train
8712,test
8713,val
8714,test
8715,val
8716,val
8717,train
8718,test
8719,val
8720,test
8721,train
8722,val
8723,train
8724,train
8725,train
8726,train
8727,test
8728,val
8729,val
8730,train
8731,train
8732,val
8733,train
8734,train
8735,train
8736,train
8737,train
8738,train
8739,train
8740,train
8741,train
8742,train
8743,test
8744,val
8745,train
8746,train
8747,train
8748,train
8749,test
8750,train
8751,train
8752,val
8753,train
8754,val
8755,train
8756,test
8757,train
8758,train
8759,train
8760,train
8761,train
8762,test
8763,test
8764,val
8765,train
8766,test
8767,test
8768,train
8769,train
8770,train
8771,train
8772,train
8773,test
8774,train
8775,train
8776,test
8777,train
8778,test
8779,train
8780,val
8781,train
8782,train
8783,val
8784,val
8785,test
8786,val
8787,train
8788,val
8789,train
8790,train
8791,train
8792,train
8793,train
8794,val
8795,train
8796,train
8797,test
8798,train
8799,train
8800,train
8801,train
8802,train
8803,test
8804,train
8805,train
8806,test
8807,train
8808,test
8809,train
8810,test
8811,test
8812,test
8813,train
8814,train
8815,train
8816,train
8817,test
8818,train
8819,test
8820,val
8821,train
8822,train
8823,test
8824,train
8825,val
8826,test
8827,test
8828,val
8829,train
8830,train
8831,train
8832,val
8833,train
8834,test
8835,test
8836,train
8837,train
8838,train
8839,test
8840,train
8841,train
8842,train
8843,test
8844,val
8845,train
8846,train
8847,test
8848,train
8849,train
8850,train
8851,train
8852,val
8853,train
8854,val
8855,train
8856,train
8857,train
8858,train
8859,test
8860,train
8861,test
8862,test
8863,test
8864,train
8865,val
8866,train
8867,train
8868,train
8869,train
8870,train
8871,train
8872,test
8873,test
8874,test
8875,train
8876,train
8877,test
8878,test
8879,train
8880,train
8881,train
8882,val
8883,train
8884,train
8885,val
8886,train
8887,train
8888,train
8889,train
8890,test
8891,train
8892,train
8893,train
8894,train
8895,train
8896,train
8897,train
8898,val
8899,val
8900,train
8901,train
8902,val
8903,val
8904,val
8905,train
8906,test
8907,train
8908,train
8909,train
8910,train
8911,train
8912,train
8913,train
8914,train
8915,train
8916,train
8917,test
8918,train
8919,val
8920,train
8921,val
8922,test
8923,val
8924,test
8925,train
8926,train
8927,train
8928,train
8929,val
8930,train
8931,train
8932,test
8933,train
8934,train
8935,train
8936,val
8937,test
8938,train
8939,train
8940,train
8941,train
8942,train
8943,train
8944,train
8945,val
8946,train
8947,train
8948,train
8949,test
8950,train
8951,test
8952,train
8953,val
8954,train
8955,train
8956,train
8957,train
8958,test
8959,train
8960,train
8961,train
8962,train
8963,val
8964,train
8965,train
8966,train
8967,train
8968,train
8969,val
8970,train
8971,train
8972,test
8973,test
8974,train
8975,train
8976,val
8977,train
8978,train
8979,train
8980,train
8981,train
8982,train
8983,val
8984,train
8985,train
8986,train
8987,train
8988,val
8989,test
8990,train
8991,train
8992,train
8993,train
8994,train
8995,test
8996,train
8997,train
8998,test
8999,train
9000,train
9001,train
9002,train
9003,train
9004,train
9005,test
9006,train
9007,train
9008,train
9009,train
9010,val
9011,test
9012,train
9013,train
9014,test
9015,train
9016,train
9017,test
9018,val
9019,train
9020,val
9021,train
9022,train
9023,train
9024,val
9025,train
9026,train
9027,train
9028,test
9029,train
9030,val
9031,train
9032,train
9033,train
9034,train
9035,train
9036,train
9037,train
9038,train
9039,train
9040,train
9041,train
9042,train
9043,train
9044,train
9045,val
9046,val
9047,test
9048,test
9049,train
9050,train
9051,train
9052,val
9053,train
9054,train
9055,test
9056,val
9057,train
9058,train
9059,train
9060,train
9061,train
9062,train
9063,train
9064,val
9065,train
9066,train
9067,train
9068,val
9069,val
9070,train
9071,val
9072,train
9073,val
9074,train
9075,train
9076,val
9077,test
9078,train
9079,train
9080,train
9081,train
9082,train
9083,val
9084,train
9085,train
9086,train
9087,train
9088,train
9089,val
9090,train
9091,train
9092,train
9093,train
9094,train
9095,test
9096,train
9097,train
9098,test
9099,test
9100,train
9101,train
9102,val
9103,train
9104,val
9105,train
9106,train
9107,train
9108,val
9109,test
9110,train
9111,train
9112,train
9113,train
9114,train
9115,val
9116,train
9117,train
9118,train
9119,val
9120,train
9121,val
9122,test
9123,train
9124,val
9125,train
9126,train
9127,train
9128,train
9129,train
9130,train
9131,train
9132,train
9133,train
9134,train
9135,train
9136,train
9137,train
9138,test
9139,train
9140,train
9141,val
9142,train
9143,train
9144,val
9145,train
9146,train
9147,val
9148,val
9149,train
9150,train
9151,val
9152,train
9153,train
9154,train
9155,train
9156,test
9157,train
9158,train
9159,train
9160,train
9161,test
9162,val
9163,train
9164,train
9165,val
9166,train
9167,train
9168,test
9169,train
9170,train
9171,train
9172,val
9173,train
9174,train
9175,val
9176,test
9177,train
9178,val
9179,test
9180,train
9181,train
9182,train
9183,train
9184,test
9185,val
9186,val
9187,train
9188,val
9189,train
9190,train
9191,train
9192,val
9193,train
9194,train
9195,train
9196,test
9197,train
9198,train
9199,val
9200,test
9201,test
9202,test
9203,test
9204,test
9205,train
9206,val
9207,train
9208,train
9209,test
9210,test
9211,val
9212,val
9213,train
9214,train
9215,train
9216,test
9217,train
9218,train
9219,train
9220,val
9221,train
9222,train
9223,val
9224,train
9225,train
9226,test
9227,train
9228,test
9229,train
9230,val
9231,train
9232,train
9233,train
9234,train
9235,val
9236,train
9237,train
9238,train
9239,train
9240,train
9241,train
9242,train
9243,test
9244,train
9245,val
9246,train
9247,train
9248,val
9249,train
9250,val
9251,train
9252,train
9253,train
9254,train
9255,train
9256,val
9257,test
9258,train
9259,test
9260,train
9261,train
9262,test
9263,train
9264,val
9265,train
9266,test
9267,train
9268,train
9269,test
9270,train
9271,train
9272,val
9273,train
9274,train
9275,train
9276,test
9277,train
9278,val
9279,train
9280,train
9281,train
9282,train
9283,train
9284,train
9285,train
9286,val
9287,train
9288,train
9289,train
9290,train
9291,train
9292,test
9293,train
9294,train
9295,val
9296,val
9297,train
9298,train
9299,train
9300,train
9301,train
9302,train
9303,train
9304,val
9305,train
9306,val
9307,train
9308,train
9309,test
9310,train
9311,train
9312,train
9313,train
9314,train
9315,test
9316,val
9317,train
9318,val
9319,train
9320,val
9321,test
9322,train
9323,train
9324,train
9325,train
9326,train
9327,val
9328,train
9329,test
9330,train
9331,train
9332,train
9333,val
9334,train
9335,train
9336,train
9337,train
9338,train
9339,train
9340,val
9341,train
9342,train
9343,train
9344,train
9345,train
9346,train
9347,train
9348,test
9349,val
9350,train
9351,train
9352,train
9353,train
9354,train
9355,train
9356,train
9357,train
9358,train
9359,train
9360,val
9361,train
9362,train
9363,val
9364,test
9365,train
9366,train
9367,train
9368,train
9369,train
9370,train
9371,train
9372,train
9373,train
9374,train
9375,train
9376,train
9377,train
9378,test
9379,train
9380,test
9381,train
9382,train
9383,val
9384,val
9385,train
9386,train
9387,train
9388,train
9389,train
9390,val
9391,test
9392,val
9393,val
9394,train
9395,train
9396,train
9397,val
9398,train
9399,train
9400,train
9401,test
9402,test
9403,train
9404,train
9405,test
9406,train
9407,train
9408,train
9409,train
9410,test
9411,val
9412,test
9413,val
9414,train
9415,train
9416,test
9417,train
9418,val
9419,train
9420,train
9421,test
9422,train
9423,train
9424,train
9425,train
9426,train
9427,train
9428,val
9429,train
9430,train
9431,train
9432,train
9433,val
9434,train
9435,train
9436,train
9437,val
9438,train
9439,test
9440,train
9441,val
9442,train
9443,test
9444,train
9445,train
9446,train
9447,train
9448,train
9449,test
9450,test
9451,train
9452,train
9453,test
9454,train
9455,train
9456,train
9457,train
9458,train
9459,train
9460,train
9461,train
9462,train
9463,val
9464,train
9465,test
9466,train
9467,test
9468,train
9469,train
9470,val
9471,train
9472,test
9473,train
9474,train
9475,train
9476,train
9477,train
9478,val
9479,val
9480,train
9481,train
9482,train
9483,test
9484,train
9485,test
9486,train
9487,test
9488,train
9489,train
9490,train
9491,train
9492,train
9493,train
9494,train
9495,train
9496,train
9497,train
9498,train
9499,val
9500,test
9501,val
9502,train
9503,val
9504,train
9505,val
9506,train
9507,train
9508,train
9509,train
9510,val
9511,val
9512,val
9513,train
9514,train
9515,train
9516,train
9517,train
9518,val
9519,val
9520,val
9521,train
9522,val
9523,train
9524,train
9525,train
9526,train
9527,train
9528,train
9529,train
9530,test
9531,train
9532,val
9533,test
9534,train
9535,val
9536,train
9537,train
9538,train
9539,train
9540,train
9541,test
9542,test
9543,train
9544,test
9545,train
9546,train
9547,train
9548,train
9549,train
9550,train
9551,test
9552,train
9553,train
9554,train
9555,train
9556,val
9557,train
9558,train
9559,train
9560,train
9561,train
9562,train
9563,val
9564,train
9565,train
9566,train
9567,test
9568,train
9569,train
9570,train
9571,train
9572,train
9573,train
9574,test
9575,test
9576,train
9577,train
9578,train
9579,train
9580,val
9581,train
9582,train
9583,train
9584,val
9585,test
9586,test
9587,val
9588,train
9589,test
9590,train
9591,train
9592,train
9593,train
9594,val
9595,val
9596,train
9597,val
9598,train
9599,train
9600,test
9601,train
9602,train
9603,train
9604,val
9605,test
9606,train
9607,train
9608,test
9609,train
9610,test
9611,train
9612,train
9613,train
9614,train
9615,test
9616,train
9617,val
9618,train
9619,train
9620,train
9621,train
9622,train
9623,train
9624,train
9625,train
9626,train
9627,val
9628,train
9629,train
9630,test
9631,train
9632,train
9633,train
9634,train
9635,test
9636,train
9637,train
9638,train
9639,test
9640,train
9641,train
9642,train
9643,val
9644,val
9645,val
9646,train
9647,train
9648,train
9649,train
9650,test
9651,val
9652,train
9653,train
9654,train
9655,train
9656,train
9657,val
9658,test
9659,val
9660,test
9661,train
9662,train
9663,val
9664,train
9665,train
9666,test
9667,train
9668,test
9669,test
9670,test
9671,train
9672,train
9673,train
9674,val
9675,train
9676,train
9677,val
9678,train
9679,train
9680,test
9681,train
9682,train
9683,train
9684,train
9685,train
9686,train
9687,train
9688,test
9689,train
9690,train
9691,test
9692,train
9693,val
9694,train
9695,train
9696,val
9697,train
9698,test
9699,train
9700,test
9701,train
9702,val
9703,train
9704,train
9705,test
9706,train
9707,test
9708,train
9709,train
9710,test
9711,train
9712,train
9713,test
9714,train
9715,test
9716,train
9717,test
9718,train
9719,train
9720,train
9721,train
9722,train
9723,val
9724,train
9725,train
9726,val
9727,test
9728,train
9729,train
9730,test
9731,train
9732,train
9733,train
9734,train
9735,train
9736,val
9737,train
9738,train
9739,train
9740,train
9741,test
9742,train
9743,train
9744,train
9745,train
9746,test
9747,train
9748,train
9749,test
9750,train
9751,train
9752,train
9753,train
9754,train
9755,test
9756,train
9757,test
9758,train
9759,train
9760,train
9761,train
9762,test
9763,val
9764,train
9765,train
9766,val
9767,train
9768,train
9769,train
9770,train
9771,train
9772,val
9773,train
9774,train
9775,val
9776,train
9777,test
9778,train
9779,train
9780,train
9781,test
9782,val
9783,train
9784,train
9785,train
9786,train
9787,train
9788,train
9789,train
9790,train
9791,val
9792,train
9793,train
9794,train
9795,train
9796,train
9797,test
9798,train
9799,train
9800,test
9801,train
9802,train
9803,train
9804,train
9805,train
9806,test
9807,train
9808,train
9809,train
9810,train
9811,train
9812,test
9813,test
9814,train
9815,val
9816,train
9817,val
9818,train
9819,train
9820,train
9821,train
9822,test
9823,test
9824,test
9825,test
9826,train
9827,train
9828,val
9829,val
9830,train
9831,train
9832,test
9833,train
9834,train
9835,train
9836,train
9837,train
9838,val
9839,val
9840,train
9841,val
9842,train
9843,train
9844,train
9845,train
9846,train
9847,train
9848,train
9849,test
9850,train
9851,train
9852,val
9853,train
9854,train
9855,train
9856,train
9857,test
9858,train
9859,train
9860,train
9861,train
9862,train
9863,test
9864,train
9865,val
9866,test
9867,train
9868,train
9869,train
9870,train
9871,val
9872,test
9873,test
9874,train
9875,train
9876,val
9877,train
9878,test
9879,train
9880,train
9881,test
9882,train
9883,train
9884,train
9885,val
9886,train
9887,train
9888,train
9889,train
9890,train
9891,train
9892,test
9893,train
9894,test
9895,train
9896,val
9897,train
9898,test
9899,train
9900,val
9901,train
9902,train
9903,train
9904,train
9905,train
9906,train
9907,train
9908,val
9909,train
9910,train
9911,train
9912,train
9913,test
9914,train
9915,train
9916,test
9917,val
9918,train
9919,train
9920,train
9921,train
9922,train
9923,train
9924,train
9925,train
9926,train
9927,train
9928,train
9929,val
9930,train
9931,train
9932,train
9933,train
9934,train
9935,val
9936,val
9937,test
9938,train
9939,train
9940,test
9941,train
9942,train
9943,train
9944,train
9945,val
9946,train
9947,train
9948,train
9949,val
9950,train
9951,train
9952,test
9953,train
9954,val
9955,train
9956,train
9957,val
9958,train
9959,train
9960,train
9961,train
9962,train
9963,train
9964,train
9965,test
9966,train
9967,test
9968,train
9969,train
9970,val
9971,train
9972,train
9973,val
9974,test
9975,train
9976,train
9977,train
9978,test
9979,train
9980,test
9981,val
9982,train
9983,train
9984,train
9985,train
9986,train
9987,train
9988,train
9989,test
9990,train
9991,test
9992,val
9993,train
9994,train
9995,train
9996,train
9997,train
9998,train
9999,train
10000,train
10001,test
10002,val
10003,train
10004,train
10005,train
10006,train
10007,train
10008,val
10009,train
10010,train
10011,val
10012,train
10013,val
10014,train
10015,test
10016,train
10017,train
10018,train
10019,train
10020,train
10021,train
10022,test
10023,train
10024,train
10025,test
10026,val
10027,train
10028,train
10029,train
10030,val
10031,train
10032,train
10033,train
10034,test
10035,train
10036,val
10037,train
10038,train
10039,val
10040,train
10041,train
10042,train
10043,val
10044,train
10045,train
10046,val
10047,train
10048,val
10049,train
10050,train
10051,train
10052,train
10053,test
10054,train
10055,test
10056,train
10057,val
10058,test
10059,val
10060,val
10061,train
10062,train
10063,train
10064,train
10065,train
10066,val
10067,test
10068,test
10069,train
10070,val
10071,train
10072,train
10073,train
10074,train
10075,train
10076,train
10077,train
10078,test
10079,train
10080,test
10081,train
10082,val
10083,test
10084,train
10085,train
10086,test
10087,val
10088,train
10089,train
10090,train
10091,train
10092,train
10093,train
10094,train
10095,train
10096,train
10097,train
10098,train
10099,train
10100,train
10101,val
10102,train
10103,train
10104,val
10105,train
10106,train
10107,train
10108,test
10109,val
10110,train
10111,train
10112,train
10113,train
10114,test
10115,val
10116,train
10117,train
10118,train
10119,val
10120,train
10121,train
10122,val
10123,train
10124,train
10125,val
10126,train
10127,train
10128,test
10129,train
10130,test
10131,train
10132,test
10133,test
10134,train
10135,val
10136,train
10137,train
10138,test
10139,train
10140,val
10141,train
10142,train
10143,test
10144,test
10145,train
10146,train
10147,val
10148,train
10149,train
10150,test
10151,train
10152,train
10153,train
10154,val
10155,train
10156,train
10157,val
10158,train
10159,train
10160,train
10161,val
10162,train
10163,val
10164,train
10165,test
10166,train
10167,train
10168,test
10169,val
10170,train
10171,val
10172,train
10173,train
10174,train
10175,train
10176,train
10177,val
10178,val
10179,test
10180,train
10181,val
10182,train
10183,val
10184,train
10185,train
10186,val
10187,train
10188,test
10189,train
10190,train
10191,test
10192,train
10193,test
10194,test
10195,train
10196,val
10197,train
10198,train
10199,test
10200,train
10201,val
10202,train
10203,train
10204,train
10205,train
10206,train
10207,val
10208,train
10209,train
10210,train
10211,train
10212,test
10213,test
10214,train
10215,train
10216,train
10217,train
10218,test
10219,test
10220,test
10221,train
10222,train
10223,train
10224,val
10225,train
10226,train
10227,test
10228,train
10229,train
10230,train
10231,train
10232,test
10233,train
10234,train
10235,train
10236,train
10237,train
10238,train
10239,train
10240,val
10241,train
10242,train
10243,train
10244,test
10245,train
10246,test
10247,val
10248,test
10249,val
10250,train
10251,train
10252,train
10253,train
10254,val
10255,train
10256,test
10257,val
10258,train
10259,val
10260,train
10261,train
10262,train
10263,train
10264,train
10265,val
10266,val
10267,train
10268,val
10269,test
10270,test
10271,train
10272,test
10273,test
10274,train
10275,val
10276,train
10277,train
10278,train
10279,train
10280,val
10281,val
10282,train
10283,train
10284,train
10285,train
10286,train
10287,train
10288,train
10289,train
10290,train
10291,val
10292,train
10293,train
10294,train
10295,val
10296,test
10297,train
10298,train
10299,train
10300,train
10301,test
10302,train
10303,train
10304,train
10305,train
10306,train
10307,train
10308,train
10309,val
10310,train
10311,train
10312,train
10313,train
10314,train
10315,train
10316,train
10317,train
10318,test
10319,train
10320,test
10321,train
10322,train
10323,train
10324,train
10325,train
10326,train
10327,test
10328,train
10329,val
10330,val
10331,train
10332,train
10333,val
10334,train
10335,train
10336,val
10337,train
10338,train
10339,train
10340,test
10341,train
10342,train
10343,train
10344,train
10345,val
10346,test
10347,train
10348,train
10349,train
10350,test
10351,val
10352,train
10353,train
10354,train
10355,train
10356,train
10357,train
10358,val
10359,train
10360,train
10361,val
10362,train
10363,train
10364,train
10365,train
10366,test
10367,train
10368,test
10369,train
10370,train
10371,train
10372,train
10373,train
10374,train
10375,train
10376,train
10377,train
10378,train
10379,train
10380,train
10381,train
10382,test
10383,train
10384,train
10385,train
10386,test
10387,train
10388,train
10389,train
10390,train
10391,train
10392,val
10393,train
10394,train
10395,val
10396,train
10397,train
10398,train
10399,train
10400,train
10401,train
10402,train
10403,train
10404,val
10405,val
10406,train
10407,train
10408,val
10409,train
10410,val
10411,train
10412,train
10413,train
10414,train
10415,train
10416,val
10417,test
10418,train
10419,train
10420,train
10421,train
10422,train
10423,train
10424,train
10425,val
10426,train
10427,train
10428,val
10429,train
10430,train
10431,train
10432,train
10433,test
10434,train
10435,train
10436,train
10437,train
10438,train
10439,val
10440,test
10441,val
10442,train
10443,train
10444,test
10445,train
10446,val
10447,train
10448,train
10449,train
10450,train
10451,train
10452,train
10453,val
10454,train
10455,train
10456,train
10457,test
10458,train
10459,val
10460,train
10461,val
10462,train
10463,train
10464,train
10465,train
10466,train
10467,train
10468,train
10469,train
10470,train
10471,val
10472,val
10473,train
10474,train
10475,train
10476,train
10477,train
10478,val
10479,train
10480,val
10481,test
10482,test
10483,test
10484,train
10485,train
10486,train
10487,test
10488,train
10489,train
10490,train
10491,test
10492,train
10493,train
10494,train
10495,test
10496,train
10497,val
10498,val
10499,train
10500,val
10501,train
10502,train
10503,train
10504,train
10505,test
10506,val
10507,train
10508,train
10509,train
10510,train
10511,train
10512,train
10513,train
10514,val
10515,test
10516,train
10517,train
10518,train
10519,val
10520,train
10521,train
10522,train
10523,train
10524,train
10525,val
10526,train
10527,train
10528,train
10529,val
10530,val
10531,train
10532,train
10533,train
10534,train
10535,test
10536,train
10537,train
10538,val
10539,val
10540,train
10541,train
10542,train
10543,test
10544,train
10545,val
10546,test
10547,train
10548,train
10549,test
10550,train
10551,train
10552,train
10553,test
10554,val
10555,test
10556,test
10557,train
10558,train
10559,test
10560,train
10561,train
10562,val
10563,train
10564,train
10565,train
10566,train
10567,train
10568,train
10569,test
10570,val
10571,train
10572,val
10573,val
10574,test
10575,train
10576,train
10577,train
10578,train
10579,train
10580,val
10581,train
10582,train
10583,train
10584,train
10585,train
10586,train
10587,train
10588,train
10589,test
10590,train
10591,train
10592,train
10593,train
10594,val
10595,val
10596,train
10597,train
10598,train
10599,train
10600,train
10601,train
10602,train
10603,train
10604,train
10605,test
10606,train
10607,val
10608,train
10609,train
10610,val
10611,train
10612,val
10613,train
10614,test
10615,train
10616,train
10617,train
10618,train
10619,train
10620,train
10621,train
10622,train
10623,train
10624,test
10625,train
10626,train
10627,train
10628,val
10629,train
10630,test
10631,train
10632,val
10633,test
10634,test
10635,train
10636,train
10637,train
10638,train
10639,train
10640,train
10641,test
10642,train
10643,train
10644,train
10645,train
10646,val
10647,val
10648,val
10649,train
10650,train
10651,val
10652,train
10653,test
10654,train
10655,val
10656,train
10657,train
10658,test
10659,test
10660,train
10661,train
10662,train
10663,train
10664,test
10665,train
10666,train
10667,train
10668,train
10669,train
10670,train
10671,train
10672,train
10673,test
10674,train
10675,val
10676,train
10677,train
10678,train
10679,train
10680,val
10681,train
10682,train
10683,test
10684,test
10685,train
10686,val
10687,test
10688,train
10689,train
10690,test
10691,train
10692,val
10693,train
10694,test
10695,train
10696,val
10697,test
10698,test
10699,train
10700,val
10701,train
10702,train
10703,test
10704,val
10705,train
10706,train
10707,train
10708,train
10709,train
10710,train
10711,train
10712,train
10713,val
10714,val
10715,test
10716,train
10717,val
10718,train
10719,test
10720,val
10721,train
10722,train
10723,train
10724,train
10725,train
10726,train
10727,train
10728,train
10729,train
10730,train
10731,train
10732,train
10733,train
10734,train
10735,train
10736,train
10737,train
10738,train
10739,train
10740,val
10741,train
10742,train
10743,train
10744,train
10745,train
10746,test
10747,train
10748,train
10749,test
10750,train
10751,test
10752,train
10753,train
10754,train
10755,train
10756,val
10757,train
10758,train
10759,train
10760,train
10761,train
10762,train
10763,train
10764,train
10765,train
10766,train
10767,train
10768,test
10769,train
10770,train
10771,val
10772,train
10773,test
10774,test
10775,val
10776,train
10777,val
10778,val
10779,train
10780,train
10781,test
10782,train
10783,val
10784,train
10785,train
10786,train
10787,train
10788,val
10789,train
10790,test
10791,train
10792,train
10793,train
10794,train
10795,train
10796,test
10797,train
10798,val
10799,val
10800,train
10801,train
10802,train
10803,train
10804,test
10805,train
10806,test
10807,train
10808,train
10809,train
10810,train
10811,train
10812,train
10813,train
10814,train
10815,train
10816,train
10817,train
10818,val
10819,train
10820,train
10821,val
10822,train
10823,val
10824,train
10825,val
10826,train
10827,train
10828,train
10829,val
10830,test
10831,val
10832,test
10833,train
10834,train
10835,train
10836,train
10837,train
10838,train
10839,train
10840,train
10841,train
10842,train
10843,train
10844,train
10845,train
10846,train
10847,val
10848,train
10849,train
10850,train
10851,test
10852,train
10853,train
10854,val
10855,train
10856,train
10857,train
10858,train
10859,train
10860,train
10861,train
10862,train
10863,train
10864,train
10865,val
10866,train
10867,val
10868,train
10869,train
10870,train
10871,test
10872,train
10873,train
10874,val
10875,train
10876,train
10877,val
10878,train
10879,train
10880,val
10881,train
10882,train
10883,train
10884,test
10885,train
10886,train
10887,train
10888,train
10889,train
10890,train
10891,train
10892,train
10893,train
10894,val
10895,train
10896,train
10897,test
10898,train
10899,test
10900,train
10901,train
10902,test
10903,train
10904,val
10905,train
10906,train
10907,val
10908,train
10909,test
10910,train
10911,train
10912,test
10913,train
10914,train
10915,train
10916,val
10917,train
10918,train
10919,train
10920,test
10921,train
10922,train
10923,test
10924,test
10925,train
10926,train
10927,train
10928,train
10929,train
10930,train
10931,train
10932,train
10933,test
10934,train
10935,test
10936,train
10937,test
10938,val
10939,train
10940,val
10941,train
10942,val
10943,train
10944,train
10945,train
10946,train
10947,train
10948,train
10949,train
10950,val
10951,train
10952,train
10953,val
10954,train
10955,train
10956,train
10957,test
10958,test
10959,train
10960,train
10961,train
10962,train
10963,train
10964,val
10965,train
10966,train
10967,val
10968,train
10969,train
10970,train
10971,train
10972,train
10973,train
10974,test
10975,val
10976,val
10977,train
10978,test
10979,train
10980,train
10981,train
10982,test
10983,train
10984,train
10985,test
10986,train
10987,val
10988,test
10989,val
10990,train
10991,test
10992,train
10993,train
10994,train
10995,train
10996,train
10997,train
10998,train
10999,train
11000,val
11001,test
11002,train
11003,train
11004,test
11005,train
11006,test
11007,test
11008,val
11009,train
11010,train
11011,train
11012,train
11013,val
11014,train
11015,train
11016,val
11017,train
11018,train
11019,train
11020,train
11021,train
11022,val
11023,train
11024,val
11025,val
11026,test
11027,train
11028,train
11029,train
11030,train
11031,val
11032,test
11033,test
11034,train
11035,train
11036,train
11037,train
11038,train
11039,test
11040,train
11041,test
11042,train
11043,train
11044,train
11045,train
11046,train
11047,test
11048,train
11049,test
11050,train
11051,test
11052,val
11053,train
11054,test
11055,test
11056,val
11057,test
11058,test
11059,train
11060,train
11061,train
11062,test
11063,train
11064,val
11065,test
11066,train
11067,test
11068,train
11069,train
11070,train
11071,test
11072,train
11073,test
11074,test
11075,val
11076,train
11077,train
11078,train
11079,train
11080,test
11081,train
11082,train
11083,val
11084,train
11085,train
11086,train
11087,val
11088,test
11089,train
11090,train
11091,train
11092,train
11093,train
11094,train
11095,train
11096,val
11097,val
11098,train
11099,train
11100,train
11101,test
11102,train
11103,train
11104,val
11105,train
11106,train
11107,train
11108,test
11109,train
11110,train
11111,train
11112,train
11113,val
11114,test
11115,val
11116,test
11117,test
11118,train
11119,val
11120,train
11121,train
11122,train
11123,train
11124,train
11125,val
11126,val
11127,val
11128,train
11129,train
11130,test
11131,train
11132,test
11133,train
11134,train
11135,train
11136,train
11137,test
11138,train
11139,train
11140,test
11141,train
11142,train
11143,val
11144,train
11145,train
11146,val
11147,val
11148,train
11149,train
11150,train
11151,train
11152,train
11153,train
11154,train
11155,test
11156,test
11157,test
11158,train
11159,train
11160,train
11161,val
11162,val
11163,val
11164,train
11165,train
11166,train
11167,test
11168,train
11169,test
11170,train
11171,train
11172,train
11173,train
11174,val
11175,test
11176,train
11177,train
11178,train
11179,train
11180,train
11181,train
11182,train
11183,train
11184,train
11185,train
11186,train
11187,test
11188,val
11189,train
11190,train
11191,val
11192,train
11193,train
11194,train
11195,train
11196,train
11197,val
11198,train
11199,val
11200,train
11201,test
11202,test
11203,test
11204,train
11205,val
11206,val
11207,train
11208,train
11209,train
11210,train
11211,train
11212,train
11213,test
11214,train
11215,train
11216,train
11217,train
11218,train
11219,val
11220,train
11221,val
11222,val
11223,train
11224,test
11225,train
11226,train
11227,train
11228,train
11229,val
11230,val
11231,test
11232,train
11233,val
11234,train
11235,train
11236,train
11237,train
11238,train
11239,train
11240,val
11241,train
11242,train
11243,val
11244,train
11245,train
11246,test
11247,train
11248,test
11249,train
11250,train
11251,train
11252,test
11253,test
11254,train
11255,test
11256,train
11257,val
11258,val
11259,val
11260,train
11261,train
11262,train
11263,val
11264,train
11265,val
11266,train
11267,val
11268,test
11269,train
11270,train
11271,train
11272,train
11273,val
11274,train
11275,train
11276,test
11277,train
11278,train
11279,test
11280,train
11281,val
11282,train
11283,train
11284,train
11285,test
11286,train
11287,train
11288,val
11289,train
11290,test
11291,test
11292,train
11293,train
11294,val
11295,train
11296,train
11297,train
11298,train
11299,train
11300,train
11301,val
11302,train
11303,val
11304,train
11305,test
11306,train
11307,train
11308,train
11309,train
11310,test
11311,train
11312,test
11313,val
11314,train
11315,test
11316,train
11317,test
11318,test
11319,train
11320,test
11321,val
11322,val
11323,train
11324,train
11325,train
11326,train
11327,train
11328,train
11329,train
11330,train
11331,test
11332,val
11333,test
11334,val
11335,train
11336,val
11337,val
11338,test
11339,train
11340,train
11341,train
11342,val
11343,val
11344,test
11345,val
11346,val
11347,train
11348,train
11349,train
11350,train
11351,test
11352,train
11353,test
11354,train
11355,train
11356,test
11357,test
11358,train
11359,test
11360,train
11361,train
11362,train
11363,test
11364,val
11365,train
11366,test
11367,train
11368,test
11369,val
11370,val
11371,test
11372,train
11373,train
11374,test
11375,test
11376,train
11377,test
11378,val
11379,val
11380,train
11381,train
11382,train
11383,train
11384,train
11385,train
11386,train
11387,train
11388,val
11389,train
11390,test
11391,val
11392,test
11393,train
11394,test
11395,train
11396,test
11397,train
11398,train
11399,test
11400,train
11401,train
11402,train
11403,test
11404,train
11405,train
11406,train
11407,train
11408,train
11409,train
11410,train
11411,test
11412,train
11413,train
11414,train
11415,train
11416,train
11417,train
11418,test
11419,train
11420,train
11421,train
11422,train
11423,train
11424,train
11425,train
11426,train
11427,train
11428,train
11429,train
11430,train
11431,train
11432,val
11433,train
11434,train
11435,train
11436,train
11437,train
11438,train
11439,test
11440,test
11441,val
11442,val
11443,train
11444,train
11445,train
11446,train
11447,train
11448,train
11449,val
11450,train
11451,train
11452,test
11453,test
11454,test
11455,train
11456,test
11457,train
11458,train
11459,train
11460,train
11461,train
11462,train
11463,train
11464,train
11465,train
11466,val
11467,train
11468,val
11469,train
11470,test
11471,train
11472,train
11473,train
11474,val
11475,train
11476,train
11477,train
11478,train
11479,train
11480,train
11481,train
11482,test
11483,train
11484,train
11485,train
11486,val
11487,val
11488,train
11489,train
11490,train
11491,test
11492,val
11493,train
11494,train
11495,train
11496,test
11497,train
11498,val
11499,test
11500,train
11501,train
11502,train
11503,val
11504,train
11505,test
11506,train
11507,train
11508,train
11509,train
11510,train
11511,train
11512,test
11513,train
11514,train
11515,train
11516,train
11517,train
11518,test
11519,train
11520,train
11521,val
11522,train
11523,train
11524,val
11525,val
11526,train
11527,val
11528,train
11529,test
11530,train
11531,val
11532,val
11533,train
11534,val
11535,train
11536,train
11537,train
11538,val
11539,train
11540,train
11541,val
11542,train
11543,train
11544,train
11545,train
11546,train
11547,val
11548,train
11549,train
11550,val
11551,train
11552,test
11553,val
11554,test
11555,train
11556,train
11557,train
11558,train
11559,train
11560,train
11561,train
11562,train
11563,train
11564,train
11565,train
11566,test
11567,val
11568,train
11569,val
11570,train
11571,test
11572,train
11573,train
11574,train
11575,val
11576,train
11577,train
11578,train
11579,test
11580,train
11581,train
11582,train
11583,train
11584,test
11585,train
11586,train
11587,train
11588,val
11589,test
11590,train
11591,val
11592,val
11593,train
11594,val
11595,test
11596,train
11597,train
11598,train
11599,test
11600,train
11601,val
11602,train
11603,test
11604,test
11605,train
11606,train
11607,train
11608,test
11609,train
11610,test
11611,test
11612,train
11613,train
11614,test
11615,test
11616,train
11617,val
11618,train
11619,train
11620,train
11621,train
11622,test
11623,val
11624,train
11625,train
11626,train
11627,val
11628,test
11629,train
11630,test
11631,train
11632,train
11633,train
11634,train
11635,train
11636,train
11637,train
11638,train
11639,test
11640,train
11641,train
11642,train
11643,train
11644,val
11645,train
11646,test
11647,train
11648,train
11649,test
11650,val
11651,train
11652,train
11653,val
11654,train
11655,test
11656,train
11657,val
11658,train
11659,train
11660,train
11661,train
11662,train
11663,train
11664,test
11665,val
11666,val
11667,train
11668,test
11669,train
11670,train
11671,train
11672,val
11673,val
11674,train
11675,train
11676,train
11677,train
11678,train
11679,val
11680,train
11681,train
11682,train
11683,test
11684,train
11685,train
11686,val
11687,val
11688,val
11689,train
11690,train
11691,test
11692,test
11693,train
11694,test
11695,train
11696,train
11697,train
11698,test
11699,train
11700,train
11701,test
11702,train
11703,val
11704,train
11705,train
11706,val
11707,train
11708,train
11709,test
11710,train
11711,train
11712,train
11713,train
11714,train
11715,train
11716,test
11717,train
11718,val
11719,test
11720,train
11721,test
11722,train
11723,val
11724,test
11725,test
11726,test
11727,test
11728,val
11729,train
11730,train
11731,train
11732,val
11733,train
11734,train
11735,train
11736,val
11737,train
11738,train
11739,train
11740,train
11741,train
11742,val
11743,val
11744,train
11745,test
11746,train
11747,val
11748,train
11749,train
11750,test
11751,train
11752,train
11753,train
11754,train
11755,val
11756,train
11757,train
11758,train
11759,train
11760,val
11761,train
11762,train
11763,val
11764,train
11765,val
11766,test
11767,test
11768,train
11769,train
11770,train
11771,train
11772,train
11773,train
11774,train
11775,train
11776,train
11777,val
11778,train
11779,val
11780,test
11781,train
11782,train
11783,train
11784,val
11785,train
11786,train
11787,val
11788,train
11789,train
11790,train
11791,val
11792,train
11793,train
11794,train
11795,val
11796,train
11797,train
11798,val
11799,train
11800,train
11801,test
11802,train
11803,train
11804,val
11805,train
11806,train
11807,train
11808,train
11809,test
11810,val
11811,val
11812,val
11813,train
11814,train
11815,val
11816,train
11817,test
11818,test
11819,train
11820,test
11821,train
11822,train
11823,train
11824,train
11825,test
11826,train
11827,train
11828,train
11829,train
11830,train
11831,train
11832,train
11833,train
11834,val
11835,train
11836,train
11837,train
11838,train
11839,train
11840,train
11841,train
11842,val
11843,train
11844,train
11845,test
11846,train
11847,train
11848,train
11849,train
11850,train
11851,test
11852,train
11853,val
11854,val
11855,test
11856,train
11857,train
11858,train
11859,train
11860,test
11861,test
11862,test
11863,train
11864,train
11865,val
11866,train
11867,test
11868,train
11869,test
11870,train
11871,train
11872,train
11873,train
11874,train
11875,test
11876,val
11877,train
11878,train
11879,train
11880,test
11881,test
11882,train
11883,train
11884,train
11885,train
11886,val
11887,train
11888,test
11889,train
11890,val
11891,train
11892,test
11893,train
11894,train
11895,train
11896,test
11897,train
11898,train
11899,train
11900,train
11901,test
11902,train
11903,train
11904,train
11905,train
11906,train
11907,train
11908,train
11909,test
11910,train
11911,test
11912,train
11913,train
11914,train
11915,train
11916,test
11917,train
11918,train
11919,val
11920,train
11921,train
11922,train
11923,train
11924,test
11925,train
11926,train
11927,train
11928,val
11929,test
11930,train
11931,test
11932,train
11933,val
11934,val
11935,train
11936,train
11937,train
11938,train
11939,train
11940,test
11941,test
11942,train
11943,train
11944,val
11945,train
11946,test
11947,val
11948,train
11949,val
11950,train
11951,val
11952,val
11953,train
11954,train
11955,test
11956,test
11957,train
11958,train
11959,train
11960,train
11961,train
11962,train
11963,train
11964,test
11965,train
11966,val
11967,train
11968,train
11969,val
11970,train
11971,test
11972,train
11973,val
11974,train
11975,train
11976,train
11977,train
11978,train
11979,test
11980,train
11981,train
11982,train
11983,train
11984,train
11985,train
11986,test
11987,train
11988,train
11989,train
11990,val
11991,train
11992,test
11993,train
11994,train
11995,train
11996,train
11997,train
11998,val
11999,train
12000,val
12001,train
12002,test
12003,test
12004,val
12005,train
12006,val
12007,train
12008,train
12009,train
12010,train
12011,train
12012,train
12013,train
12014,val
12015,train
12016,train
12017,test
12018,test
12019,train
12020,train
12021,train
12022,train
12023,test
12024,train
12025,val
12026,train
12027,train
12028,train
12029,train
12030,train
12031,train
12032,train
12033,train
12034,train
12035,train
12036,val
12037,train
12038,train
12039,train
12040,train
12041,train
12042,train
12043,test
12044,train
12045,train
12046,train
12047,train
12048,train
12049,train
12050,train
12051,val
12052,train
12053,train
12054,test
12055,train
12056,val
12057,train
12058,train
12059,train
12060,train
12061,train
12062,train
12063,val
12064,train
12065,train
12066,train
12067,train
12068,train
12069,val
12070,train
12071,train
12072,train
12073,train
12074,train
12075,train
12076,train
12077,train
12078,test
12079,val
12080,train
12081,train
12082,train
12083,train
12084,train
12085,train
12086,test
12087,train
12088,val
12089,train
12090,train
12091,test
12092,train
12093,train
12094,test
12095,val
12096,train
12097,train
12098,train
12099,train
12100,train
12101,train
12102,test
12103,train
12104,train
12105,train
12106,test
12107,train
12108,train
12109,train
12110,test
12111,train
12112,val
12113,train
12114,train
12115,train
12116,train
12117,train
12118,train
12119,train
12120,train
12121,train
12122,test
12123,train
12124,val
12125,test
12126,train
12127,train
12128,test
12129,train
12130,val
12131,train
12132,train
12133,train
12134,test
12135,train
12136,train
12137,train
12138,train
12139,train
12140,train
12141,train
12142,val
12143,train
12144,train
12145,train
12146,train
12147,train
12148,train
12149,test
12150,train
12151,train
12152,val
12153,train
12154,train
12155,val
12156,train
12157,train
12158,train
12159,test
12160,train
12161,test
12162,train
12163,val
12164,test
12165,val
12166,train
12167,test
12168,train
12169,train
12170,test
12171,val
12172,val
12173,train
12174,val
12175,val
12176,val
12177,test
12178,test
12179,train
12180,train
12181,train
12182,train
12183,train
12184,train
12185,train
12186,test
12187,test
12188,train
12189,val
12190,train
12191,train
12192,train
12193,test
12194,train
12195,train
12196,train
12197,train
12198,train
12199,train
12200,val
12201,val
12202,test
12203,train
12204,train
12205,train
12206,train
12207,train
12208,train
12209,train
12210,train
12211,test
12212,train
12213,val
12214,train
12215,train
12216,train
12217,train
12218,train
12219,val
12220,train
12221,train
12222,test
12223,train
12224,test
12225,train
12226,train
12227,test
12228,train
12229,train
12230,train
12231,train
12232,val
12233,val
12234,val
12235,train
12236,test
12237,train
12238,train
12239,train
12240,val
12241,train
12242,val
12243,train
12244,val
12245,train
12246,train
12247,train
12248,train
12249,train
12250,train
12251,train
12252,train
12253,train
12254,train
12255,test
12256,test
12257,train
12258,train
12259,test
12260,train
12261,train
12262,train
12263,train
12264,train
12265,train
12266,train
12267,val
12268,val
12269,train
12270,train
12271,train
12272,val
12273,train
12274,train
12275,val
12276,train
12277,train
12278,train
12279,val
12280,train
12281,train
12282,test
12283,train
12284,train
12285,train
12286,val
12287,train
12288,train
12289,train
12290,train
12291,test
12292,val
12293,test
12294,train
12295,train
12296,train
12297,train
12298,test
12299,train
12300,train
12301,train
12302,train
12303,train
12304,val
12305,train
12306,train
12307,train
12308,train
12309,train
12310,val
12311,train
12312,train
12313,train
12314,test
12315,train
12316,train
12317,train
12318,train
12319,test
12320,val
12321,test
12322,train
12323,train
12324,train
12325,train
12326,train
12327,train
12328,test
12329,train
12330,train
12331,train
12332,train
12333,test
12334,test
12335,train
12336,train
12337,train
12338,train
12339,test
12340,train
12341,train
12342,train
12343,train
12344,train
12345,train
12346,val
12347,train
12348,val
12349,test
12350,train
12351,train
12352,train
12353,train
12354,val
12355,train
12356,train
12357,val
12358,train
12359,train
12360,val
12361,val
12362,train
12363,val
12364,test
12365,train
12366,train
12367,test
12368,test
12369,train
12370,train
12371,train
12372,train
12373,train
12374,test
12375,train
12376,train
12377,train
12378,train
12379,test
12380,train
12381,test
12382,train
12383,train
12384,train
12385,val
12386,test
12387,train
12388,train
12389,train
12390,train
12391,test
12392,train
12393,train
12394,test
12395,val
12396,train
12397,train
12398,train
12399,test
12400,train
12401,train
12402,test
12403,train
12404,train
12405,train
12406,test
12407,val
12408,train
12409,test
12410,test
12411,train
12412,train
12413,test
12414,train
12415,test
12416,val
12417,train
12418,train
12419,train
12420,train
12421,train
12422,train
12423,train
12424,train
12425,train
12426,train
12427,train
12428,train
12429,train
12430,train
12431,train
12432,test
12433,train
12434,val
12435,train
12436,test
12437,test
12438,train
12439,val
12440,val
12441,train
12442,val
12443,test
12444,train
12445,train
12446,train
12447,test
12448,train
12449,train
12450,train
12451,train
12452,train
12453,train
12454,train
12455,train
12456,train
12457,train
12458,train
12459,train
12460,train
12461,train
12462,train
12463,val
12464,train
12465,train
12466,val
12467,test
12468,train
12469,train
12470,test
12471,train
12472,train
12473,val
12474,train
12475,train
12476,train
12477,train
12478,train
12479,val
12480,val
12481,val
12482,train
12483,train
12484,train
12485,test
12486,val
12487,train
12488,val
12489,train
12490,val
12491,test
12492,train
12493,train
12494,train
12495,val
12496,train
12497,test
12498,train
12499,train
12500,train
12501,test
12502,train
12503,train
12504,val
12505,train
12506,val
12507,train
12508,train
12509,train
12510,train
12511,val
12512,train
12513,train
12514,train
12515,train
12516,train
12517,train
12518,train
12519,val
12520,val
12521,test
12522,train
12523,train
12524,train
12525,train
12526,test
12527,train
12528,train
12529,train
12530,train
12531,val
12532,train
12533,train
12534,train
12535,train
12536,train
12537,train
12538,train
12539,train
12540,train
12541,train
12542,train
12543,train
12544,test
12545,train
12546,train
12547,train
12548,train
12549,val
12550,train
12551,train
12552,test
12553,train
12554,train
12555,val
12556,train
12557,train
12558,train
12559,train
12560,train
12561,test
12562,val
12563,train
12564,train
12565,val
12566,train
12567,train
12568,val
12569,test
12570,train
12571,train
12572,train
12573,train
12574,train
12575,train
12576,train
12577,train
12578,train
12579,test
12580,test
12581,train
12582,train
12583,train
12584,train
12585,train
12586,train
12587,train
12588,train
12589,test
12590,train
12591,train
12592,test
12593,test
12594,train
12595,train
12596,train
12597,train
12598,train
12599,train
12600,train
12601,test
12602,train
12603,test
12604,train
12605,train
12606,train
12607,train
12608,val
12609,train
12610,test
12611,train
12612,val
12613,train
12614,test
12615,test
12616,val
12617,val
12618,train
12619,train
12620,train
12621,train
12622,train
12623,train
12624,train
12625,train
12626,test
12627,train
12628,train
12629,train
12630,train
12631,train
12632,train
12633,test
12634,train
12635,train
12636,test
12637,train
12638,train
12639,train
12640,train
12641,train
12642,val
12643,val
12644,train
12645,test
12646,test
12647,train
12648,train
12649,train
12650,val
12651,test
12652,train
12653,train
12654,train
12655,test
12656,train
12657,val
12658,train
12659,train
12660,train
12661,train
12662,train
12663,train
12664,test
12665,train
12666,train
12667,train
12668,train
12669,val
12670,train
12671,train
12672,train
12673,train
12674,test
12675,test
12676,val
12677,train
12678,train
12679,test
12680,train
12681,train
12682,val
12683,train
12684,train
12685,val
12686,test
12687,train
12688,val
12689,val
12690,train
12691,val
12692,train
12693,train
12694,train
12695,train
12696,val
12697,test
12698,test
12699,train
12700,train
12701,train
12702,train
12703,train
12704,train
12705,train
12706,train
12707,test
12708,train
12709,val
12710,train
12711,train
12712,train
12713,test
12714,train
12715,train
12716,train
12717,val
12718,train
12719,test
12720,train
12721,train
12722,train
12723,train
12724,val
12725,train
12726,train
12727,train
12728,train
12729,test
12730,val
12731,test
12732,val
12733,train
12734,test
12735,val
12736,train
12737,train
12738,train
12739,train
12740,train
12741,test
12742,train
12743,train
12744,train
12745,val
12746,train
12747,train
12748,train
12749,test
12750,train
12751,train
12752,train
12753,test
12754,val
12755,train
12756,val
12757,val
12758,train
12759,train
12760,train
12761,train
12762,train
12763,train
12764,val
12765,train
12766,train
12767,train
12768,train
12769,train
12770,test
12771,train
12772,train
12773,val
12774,train
12775,train
12776,train
12777,test
12778,train
12779,train
12780,train
12781,train
12782,val
12783,train
12784,train
12785,train
12786,train
12787,train
12788,train
12789,train
12790,train
12791,train
12792,train
12793,train
12794,train
12795,train
12796,train
12797,train
12798,train
12799,val
12800,train
12801,val
12802,train
12803,train
12804,train
12805,train
12806,train
12807,train
12808,train
12809,test
12810,test
12811,train
12812,train
12813,val
12814,train
12815,train
12816,train
12817,train
12818,train
12819,train
12820,train
12821,val
12822,train
12823,train
12824,train
12825,val
12826,train
12827,train
12828,train
12829,train
12830,train
12831,train
12832,train
12833,train
12834,train
12835,train
12836,train
12837,train
12838,val
12839,test
12840,test
12841,train
12842,train
12843,val
12844,test
12845,train
12846,test
12847,test
12848,train
12849,test
12850,train
12851,train
12852,train
12853,train
12854,train
12855,val
12856,val
12857,test
12858,train
12859,train
12860,train
12861,train
12862,test
12863,test
12864,train
12865,val
12866,train
12867,test
12868,train
12869,train
12870,val
12871,train
12872,test
12873,val
12874,test
12875,train
12876,val
12877,train
12878,train
12879,train
12880,train
12881,train
12882,train
12883,val
12884,test
12885,train
12886,train
12887,val
12888,train
12889,train
12890,train
12891,train
12892,train
12893,train
12894,train
12895,train
12896,train
12897,test
12898,train
12899,train
12900,train
12901,val
12902,test
12903,train
12904,val
12905,train
12906,val
12907,train
12908,test
12909,test
12910,test
12911,train
12912,val
12913,train
12914,val
12915,test
12916,train
12917,val
12918,train
12919,train
12920,train
12921,train
12922,train
12923,train
12924,train
12925,test
12926,train
12927,val
12928,val
12929,train
12930,val
12931,train
12932,val
12933,train
12934,train
12935,train
12936,train
12937,train
12938,val
12939,train
12940,train
12941,train
12942,train
12943,train
12944,train
12945,train
12946,train
12947,val
12948,train
12949,val
12950,train
12951,val
12952,test
12953,test
12954,train
12955,train
12956,val
12957,train
12958,train
12959,val
12960,train
12961,train
12962,train
12963,train
12964,train
12965,test
12966,test
12967,train
12968,train
12969,train
12970,train
12971,train
12972,train
12973,train
12974,train
12975,train
12976,test
12977,train
12978,val
12979,train
12980,train
12981,train
12982,val
12983,train
12984,train
12985,train
12986,train
12987,train
12988,train
12989,train
12990,train
12991,train
12992,val
12993,train
12994,train
12995,train
12996,val
12997,test
12998,train
12999,train
13000,train
13001,train
13002,train
13003,train
13004,train
13005,train
13006,train
13007,train
13008,test
13009,train
13010,train
13011,train
13012,train
13013,train
13014,train
13015,train
13016,test
13017,test
13018,train
13019,train
13020,test
13021,train
13022,val
13023,train
13024,train
13025,train
13026,train
13027,test
13028,train
13029,test
13030,test
13031,test
13032,val
13033,train
13034,train
13035,train
13036,train
13037,train
13038,train
13039,train
13040,train
13041,train
13042,val
13043,train
13044,test
13045,test
13046,val
13047,train
13048,val
13049,train
13050,val
13051,test
13052,train
13053,train
13054,test
13055,train
13056,train
13057,train
13058,train
13059,train
13060,val
13061,train
13062,train
13063,train
13064,train
13065,test
13066,train
13067,test
13068,test
13069,train
13070,train
13071,val
13072,train
13073,test
13074,train
13075,train
13076,train
13077,train
13078,train
13079,test
13080,train
13081,train
13082,val
13083,test
13084,train
13085,val
13086,val
13087,val
13088,train
13089,train
13090,train
13091,test
13092,val
13093,train
13094,train
13095,train
13096,train
13097,train
13098,train
13099,train
13100,test
13101,train
13102,train
13103,test
13104,train
13105,train
13106,train
13107,train
13108,val
13109,train
13110,test
13111,test
13112,val
13113,train
13114,val
13115,train
13116,train
13117,val
13118,train
13119,train
13120,train
13121,train
13122,train
13123,val
13124,val
13125,train
13126,train
13127,test
13128,train
13129,train
13130,val
13131,train
13132,val
13133,train
13134,test
13135,val
13136,test
13137,train
13138,train
13139,train
13140,val
13141,train
13142,train
13143,train
13144,train
13145,test
13146,test
13147,train
13148,train
13149,val
13150,train
13151,val
13152,train
13153,train
13154,train
13155,train
13156,train
13157,train
13158,train
13159,train
13160,val
13161,train
13162,test
13163,val
13164,val
13165,train
13166,train
13167,val
13168,train
13169,train
13170,test
13171,test
13172,train
13173,train
13174,train
13175,train
13176,train
13177,train
13178,train
13179,train
13180,test
13181,val
13182,test
13183,train
13184,val
13185,train
13186,train
13187,test
13188,train
13189,train
13190,test
13191,test
13192,train
13193,test
13194,val
13195,train
13196,train
13197,val
13198,train
13199,train
13200,train
13201,train
13202,train
13203,train
13204,train
13205,train
13206,val
13207,val
13208,train
13209,test
13210,train
13211,test
13212,train
13213,train
13214,train
13215,train
13216,test
13217,train
13218,train
13219,val
13220,test
13221,train
13222,train
13223,train
13224,train
13225,train
13226,train
13227,train
13228,test
13229,test
13230,val
13231,train
13232,val
13233,train
13234,train
13235,test
13236,train
13237,train
13238,train
13239,train
13240,val
13241,train
13242,val
13243,test
13244,val
13245,train
13246,val
13247,train
13248,train
13249,train
13250,train
13251,train
13252,train
13253,train
13254,val
13255,test
13256,train
13257,train
13258,train
13259,val
13260,train
13261,train
13262,test
13263,train
13264,val
13265,val
13266,train
13267,train
13268,train
13269,train
13270,train
13271,train
13272,train
13273,train
13274,train
13275,train
13276,train
13277,train
13278,train
13279,val
13280,train
13281,val
13282,train
13283,test
13284,train
13285,train
13286,train
13287,val
13288,train
13289,train
13290,train
13291,train
13292,train
13293,train
13294,train
13295,train
13296,train
13297,train
13298,train
13299,train
13300,train
13301,train
13302,val
13303,train
13304,train
13305,train
13306,train
13307,train
13308,train
13309,test
13310,train
13311,train
13312,train
13313,val
13314,train
13315,train
13316,train
13317,train
13318,train
13319,train
13320,train
13321,train
13322,train
13323,train
13324,train
13325,train
13326,val
13327,train
13328,train
13329,val
13330,val
13331,train
13332,test
13333,train
13334,train
13335,train
13336,test
13337,train
13338,train
13339,train
13340,train
13341,test
13342,train
13343,test
13344,train
13345,test
13346,train
13347,train
13348,train
13349,train
13350,train
13351,test
13352,train
13353,val
13354,test
13355,val
13356,train
13357,test
13358,train
13359,test
13360,train
13361,val
13362,train
13363,train
13364,train
13365,train
13366,test
13367,train
13368,train
13369,val
13370,train
13371,train
13372,train
13373,test
13374,train
13375,train
13376,train
13377,train
13378,train
13379,train
13380,train
13381,train
13382,train
13383,test
13384,val
13385,test
13386,train
13387,train
13388,train
13389,train
13390,val
13391,train
13392,train
13393,train
13394,test
13395,train
13396,train
13397,train
13398,train
13399,train
13400,test
13401,train
13402,train
13403,test
13404,train
13405,train
13406,train
13407,train
13408,val
13409,test
13410,train
13411,train
13412,train
13413,train
13414,val
13415,train
13416,train
13417,train
13418,val
13419,train
13420,val
13421,train
13422,train
13423,test
13424,train
13425,train
13426,train
13427,train
13428,train
13429,val
13430,test
13431,train
13432,train
13433,val
13434,train
13435,train
13436,train
13437,val
13438,train
13439,train
13440,test
13441,test
13442,train
13443,train
13444,train
13445,train
13446,train
13447,test
13448,train
13449,train
13450,train
13451,train
13452,train
13453,train
13454,train
13455,train
13456,train
13457,test
13458,train
13459,train
13460,train
13461,train
13462,test
13463,val
13464,train
13465,train
13466,val
13467,train
13468,train
13469,train
13470,train
13471,train
13472,train
13473,train
13474,val
13475,val
13476,train
13477,train
13478,train
13479,val
13480,train
13481,test
13482,train
13483,test
13484,train
13485,train
13486,train
13487,train
13488,val
13489,val
13490,train
13491,train
13492,train
13493,train
13494,train
13495,train
13496,train
13497,train
13498,test
13499,train
13500,train
13501,train
13502,test
13503,val
13504,train
13505,train
13506,train
13507,train
13508,train
13509,test
13510,train
13511,train
13512,train
13513,train
13514,train
13515,train
13516,train
13517,train
13518,val
13519,train
13520,train
13521,train
13522,train
13523,val
13524,train
13525,train
13526,train
13527,test
13528,val
13529,train
13530,test
13531,train
13532,val
13533,train
13534,train
13535,train
13536,test
13537,test
13538,train
13539,train
13540,train
13541,train
13542,train
13543,train
13544,val
13545,train
13546,train
13547,val
13548,val
13549,val
13550,test
13551,test
13552,test
13553,train
13554,train
13555,train
13556,train
13557,train
13558,train
13559,val
13560,train
13561,train
13562,val
13563,train
13564,test
13565,train
13566,train
13567,train
13568,train
13569,val
13570,test
13571,val
13572,test
13573,val
13574,train
13575,train
13576,train
13577,train
13578,train
13579,train
13580,train
13581,train
13582,train
13583,train
13584,test
13585,train
13586,train
13587,train
13588,train
13589,train
13590,train
13591,train
13592,val
13593,train
13594,train
13595,test
13596,val
13597,train
13598,train
13599,test
13600,val
13601,train
13602,val
13603,test
13604,val
13605,train
13606,train
13607,train
13608,test
13609,train
13610,train
13611,train
13612,train
13613,test
13614,train
13615,train
13616,train
13617,train
13618,train
13619,test
13620,train
13621,train
13622,train
13623,train
13624,train
13625,train
13626,train
13627,test
13628,train
13629,train
13630,train
13631,val
13632,train
13633,train
13634,train
13635,train
13636,train
13637,val
13638,train
13639,train
13640,train
13641,train
13642,train
13643,train
13644,train
13645,val
13646,test
13647,train
13648,train
13649,val
13650,train
13651,val
13652,train
13653,train
13654,train
13655,train
13656,train
13657,val
13658,train
13659,train
13660,train
13661,train
13662,val
13663,test
13664,val
13665,train
13666,train
13667,train
13668,test
13669,val
13670,test
13671,train
13672,train
13673,train
13674,train
13675,train
13676,train
13677,test
13678,train
13679,train
13680,train
13681,val
13682,train
13683,train
13684,test
13685,train
13686,test
13687,train
13688,train
13689,train
13690,train
13691,test
13692,train
13693,train
13694,train
13695,train
13696,test
13697,train
13698,train
13699,test
13700,train
13701,train
13702,train
13703,train
13704,test
13705,train
13706,test
13707,test
13708,train
13709,train
13710,train
13711,test
13712,train
13713,train
13714,train
13715,train
13716,train
13717,test
13718,train
13719,train
13720,test
13721,train
13722,train
13723,train
13724,train
13725,train
13726,train
13727,train
13728,train
13729,train
13730,val
13731,test
13732,train
13733,val
13734,test
13735,train
13736,train
13737,train
13738,test
13739,train
13740,train
13741,test
13742,test
13743,train
13744,train
13745,train
13746,test
13747,train
13748,train
13749,train
13750,test
13751,train
13752,test
13753,train
13754,val
13755,train
13756,train
13757,train
13758,train
13759,val
13760,test
13761,train
13762,train
13763,train
13764,train
13765,train
13766,train
13767,train
13768,train
13769,train
13770,test
13771,train
13772,train
13773,train
13774,train
13775,train
13776,train
13777,train
13778,train
13779,train
13780,val
13781,test
13782,train
13783,test
13784,test
13785,train
13786,train
13787,train
13788,test
13789,val
13790,train
13791,train
13792,train
13793,train
13794,test
13795,train
13796,train
13797,val
13798,train
13799,train
13800,train
13801,train
13802,train
13803,train
13804,train
13805,test
13806,train
13807,train
13808,train
13809,train
13810,train
13811,test
13812,train
13813,test
13814,train
13815,train
13816,train
13817,train
13818,train
13819,train
13820,test
13821,val
13822,train
13823,train
13824,train
13825,train
13826,train
13827,train
13828,train
13829,test
13830,test
13831,train
13832,train
13833,train
13834,train
13835,train
13836,train
13837,train
13838,test
13839,train
13840,train
13841,train
13842,train
13843,train
13844,train
13845,test
13846,train
13847,train
13848,test
13849,train
13850,train
13851,train
13852,train
13853,train
13854,train
13855,test
13856,val
13857,train
13858,train
13859,test
13860,test
13861,test
13862,val
13863,train
13864,val
13865,test
13866,val
13867,train
13868,test
13869,test
13870,train
13871,train
13872,train
13873,val
13874,val
13875,train
13876,train
13877,train
13878,test
13879,test
13880,train
13881,train
13882,test
13883,train
13884,test
13885,test
13886,train
13887,test
13888,train
13889,train
13890,train
13891,train
13892,val
13893,train
13894,train
13895,train
13896,train
13897,train
13898,train
13899,train
13900,test
13901,train
13902,train
13903,val
13904,train
13905,test
13906,train
13907,val
13908,train
13909,train
13910,test
13911,val
13912,train
13913,train
13914,train
13915,train
13916,train
13917,train
13918,train
13919,train
13920,train
13921,test
13922,train
13923,val
13924,train
13925,train
13926,train
13927,train
13928,test
13929,train
13930,train
13931,train
13932,train
13933,val
13934,train
13935,train
13936,val
13937,train
13938,val
13939,test
13940,train
13941,train
13942,train
13943,train
13944,test
13945,train
13946,train
13947,test
13948,test
13949,train
13950,train
13951,train
13952,val
13953,train
13954,train
13955,test
13956,val
13957,test
13958,test
13959,test
13960,train
13961,val
13962,train
13963,train
13964,train
13965,train
13966,train
13967,train
13968,train
13969,train
13970,train
13971,train
13972,train
13973,test
13974,train
13975,train
13976,test
13977,train
13978,test
13979,test
13980,train
13981,train
13982,test
13983,train
13984,train
13985,val
13986,train
13987,train
13988,train
13989,train
13990,train
13991,val
13992,train
13993,train
13994,val
13995,train
13996,train
13997,train
13998,train
13999,train
14000,train
14001,train
14002,train
14003,train
14004,train
14005,train
14006,train
14007,train
14008,test
14009,train
14010,train
14011,test
14012,test
14013,train
14014,train
14015,test
14016,train
14017,train
14018,train
14019,train
14020,train
14021,train
14022,train
14023,val
14024,train
14025,train
14026,val
14027,train
14028,train
14029,test
14030,val
14031,train
14032,train
14033,train
14034,train
14035,val
14036,val
14037,train
14038,train
14039,val
14040,train
14041,train
14042,train
14043,train
14044,val
14045,train
14046,train
14047,train
14048,train
14049,train
14050,train
14051,train
14052,val
14053,train
14054,train
14055,test
14056,train
14057,train
14058,val
14059,train
14060,train
14061,train
14062,train
14063,test
14064,train
14065,train
14066,train
14067,val
14068,train
14069,test
14070,test
14071,train
14072,train
14073,train
14074,train
14075,train
14076,train
14077,train
14078,train
14079,train
14080,val
14081,test
14082,train
14083,train
14084,train
14085,train
14086,train
14087,train
14088,train
14089,val
14090,train
14091,train
14092,train
14093,val
14094,train
14095,val
14096,train
14097,test
14098,train
14099,train
14100,train
14101,train
14102,test
14103,train
14104,train
14105,train
14106,train
14107,val
14108,train
14109,train
14110,train
14111,train
14112,train
14113,train
14114,train
14115,train
14116,train
14117,train
14118,test
14119,train
14120,val
14121,train
14122,train
14123,val
14124,train
14125,train
14126,test
14127,val
14128,train
14129,train
14130,test
14131,val
14132,train
14133,val
14134,train
14135,train
14136,train
14137,val
14138,train
14139,train
14140,train
14141,train
14142,test
14143,train
14144,test
14145,train
14146,train
14147,test
14148,train
14149,train
14150,train
14151,train
14152,test
14153,test
14154,train
14155,test
14156,val
14157,train
14158,train
14159,train
14160,train
14161,val
14162,test
14163,train
14164,train
14165,train
14166,train
14167,val
14168,train
14169,train
14170,train
14171,train
14172,train
14173,train
14174,train
14175,train
14176,train
14177,train
14178,val
14179,train
14180,train
14181,train
14182,train
14183,train
14184,train
14185,train
14186,train
14187,train
14188,train
14189,train
14190,train
14191,train
14192,val
14193,train
14194,val
14195,train
14196,train
14197,train
14198,train
14199,test
14200,train
14201,test
14202,test
14203,train
14204,val
14205,val
14206,train
14207,train
14208,train
14209,train
14210,train
14211,train
14212,test
14213,train
14214,train
14215,train
14216,train
14217,train
14218,train
14219,train
14220,test
14221,train
14222,train
14223,train
14224,train
14225,test
14226,train
14227,train
14228,train
14229,train
14230,train
14231,val
14232,train
14233,train
14234,train
14235,train
14236,train
14237,val
14238,train
14239,test
14240,train
14241,test
14242,test
14243,train
14244,test
14245,train
14246,train
14247,train
14248,train
14249,val
14250,train
14251,train
14252,val
14253,train
14254,val
14255,train
14256,train
14257,train
14258,val
14259,train
14260,val
14261,train
14262,train
14263,test
14264,val
14265,test
14266,train
14267,train
14268,val
14269,train
14270,val
14271,train
14272,train
14273,val
14274,val
14275,train
14276,val
14277,train
14278,val
14279,train
14280,train
14281,test
14282,train
14283,train
14284,test
14285,train
14286,train
14287,test
14288,test
14289,val
14290,val
14291,train
14292,test
14293,train
14294,train
14295,train
14296,train
14297,train
14298,val
14299,val
14300,train
14301,test
14302,train
14303,train
14304,val
14305,train
14306,test
14307,val
14308,val
14309,train
14310,train
14311,train
14312,val
14313,train
14314,train
14315,train
14316,train
14317,train
14318,train
14319,train
14320,train
14321,train
14322,train
14323,train
14324,val
14325,train
14326,train
14327,val
14328,test
14329,test
14330,val
14331,test
14332,test
14333,val
14334,train
14335,train
14336,train
14337,train
14338,train
14339,train
14340,train
14341,train
14342,test
14343,train
14344,train
14345,test
14346,val
14347,test
14348,train
14349,train
14350,val
14351,train
14352,test
14353,val
14354,train
14355,train
14356,train
14357,val
14358,test
14359,train
14360,train
14361,train
14362,train
14363,train
14364,val
14365,train
14366,train
14367,test
14368,test
14369,train
14370,train
14371,train
14372,train
14373,train
14374,train
14375,val
14376,train
14377,train
14378,train
14379,train
14380,train
14381,train
14382,train
14383,train
14384,train
14385,train
14386,train
14387,train
14388,val
14389,test
14390,val
14391,train
14392,test
14393,train
14394,train
14395,test
14396,train
14397,train
14398,train
14399,train
14400,train
14401,train
14402,val
14403,train
14404,val
14405,test
14406,train
14407,val
14408,train
14409,train
14410,val
14411,train
14412,train
14413,test
14414,train
14415,train
14416,val
14417,train
14418,train
14419,val
14420,val
14421,train
14422,val
14423,train
14424,val
14425,train
14426,test
14427,train
14428,train
14429,train
14430,train
14431,train
14432,train
14433,test
14434,train
14435,train
14436,train
14437,train
14438,train
14439,train
14440,train
14441,train
14442,train
14443,train
14444,test
14445,train
14446,train
14447,train
14448,train
14449,val
14450,test
14451,test
14452,val
14453,train
14454,train
14455,test
14456,train
14457,train
14458,train
14459,train
14460,train
14461,val
14462,val
14463,train
14464,train
14465,train
14466,test
14467,train
14468,train
14469,val
14470,train
14471,train
14472,train
14473,test
14474,train
14475,train
14476,val
14477,train
14478,train
14479,train
14480,val
14481,val
14482,train
14483,train
14484,train
14485,val
14486,train
14487,val
14488,train
14489,train
14490,train
14491,train
14492,train
14493,train
14494,train
14495,train
14496,val
14497,train
14498,train
14499,train
14500,train
14501,train
14502,train
14503,train
14504,train
14505,val
14506,train
14507,train
14508,val
14509,val
14510,train
14511,train
14512,train
14513,train
14514,train
14515,train
14516,train
14517,train
14518,train
14519,train
14520,train
14521,train
14522,train
14523,train
14524,train
14525,val
14526,train
14527,train
14528,train
14529,train
14530,train
14531,train
14532,train
14533,train
14534,train
14535,train
14536,val
14537,train
14538,test
14539,train
14540,val
14541,train
14542,test
14543,train
14544,test
14545,val
14546,test
14547,test
14548,val
14549,val
14550,train
14551,train
14552,test
14553,train
14554,train
14555,train
14556,train
14557,train
14558,train
14559,train
14560,test
14561,train
14562,val
14563,train
14564,val
14565,train
14566,train
14567,train
14568,val
14569,train
14570,test
14571,train
14572,train
14573,val
14574,train
14575,val
14576,train
14577,train
14578,test
14579,train
14580,test
14581,test
14582,train
14583,train
14584,train
14585,val
14586,train
14587,train
14588,train
14589,train
14590,train
14591,val
14592,test
14593,train
14594,test
14595,train
14596,val
14597,train
14598,train
14599,train
14600,train
14601,test
14602,test
14603,train
14604,train
14605,train
14606,train
14607,val
14608,val
14609,train
14610,train
14611,train
14612,train
14613,train
14614,train
14615,train
14616,train
14617,train
14618,test
14619,train
14620,train
14621,train
14622,train
14623,train
14624,train
14625,train
14626,train
14627,train
14628,test
14629,train
14630,test
14631,train
14632,train
14633,test
14634,train
14635,val
14636,test
14637,train
14638,val
14639,test
14640,test
14641,train
14642,val
14643,train
14644,train
14645,train
14646,val
14647,train
14648,val
14649,val
14650,train
14651,train
14652,val
14653,train
14654,train
14655,train
14656,val
14657,train
14658,train
14659,train
14660,train
14661,train
14662,test
14663,test
14664,train
14665,test
14666,train
14667,train
14668,train
14669,train
14670,train
14671,train
14672,train
14673,train
14674,test
14675,val
14676,train
14677,train
14678,test
14679,train
14680,train
14681,test
14682,train
14683,train
14684,test
14685,train
14686,train
14687,train
14688,train
14689,train
14690,train
14691,train
14692,test
14693,val
14694,val
14695,train
14696,val
14697,train
14698,train
14699,val
14700,val
14701,train
14702,train
14703,train
14704,train
14705,test
14706,train
14707,val
14708,train
14709,train
14710,train
14711,train
14712,train
14713,val
14714,val
14715,train
14716,test
14717,train
14718,train
14719,train
14720,train
14721,train
14722,val
14723,train
14724,train
14725,train
14726,train
14727,test
14728,train
14729,train
14730,train
14731,val
14732,train
14733,train
14734,train
14735,test
14736,train
14737,train
14738,train
14739,train
14740,train
14741,train
14742,train
14743,test
14744,train
14745,test
14746,train
14747,val
14748,train
14749,train
14750,train
14751,train
14752,train
14753,train
14754,train
14755,train
14756,train
14757,train
14758,train
14759,train
14760,train
14761,train
14762,train
14763,test
14764,val
14765,train
14766,train
14767,train
14768,val
14769,train
14770,test
14771,train
14772,test
14773,train
14774,val
14775,train
14776,test
14777,train
14778,train
14779,train
14780,train
14781,val
14782,train
14783,train
14784,train
14785,test
14786,train
14787,train
14788,train
14789,train
14790,test
14791,train
14792,train
14793,train
14794,train
14795,val
14796,train
14797,train
14798,train
14799,train
14800,train
14801,train
14802,train
14803,train
14804,val
14805,train
14806,train
14807,val
14808,val
14809,train
14810,train
14811,train
14812,train
14813,train
14814,train
14815,train
14816,test
14817,train
14818,train
14819,train
14820,train
14821,train
14822,train
14823,train
14824,train
14825,val
14826,train
14827,train
14828,train
14829,train
14830,train
14831,train
14832,train
14833,train
14834,train
14835,train
14836,val
14837,train
14838,train
14839,val
14840,train
14841,train
14842,test
14843,test
14844,test
14845,train
14846,test
14847,train
14848,train
14849,train
14850,train
14851,train
14852,train
14853,train
14854,train
14855,train
14856,train
14857,train
14858,train
14859,train
14860,test
14861,train
14862,train
14863,val
14864,train
14865,train
14866,train
14867,train
14868,train
14869,train
14870,test
14871,train
14872,train
14873,train
14874,val
14875,test
14876,train
14877,test
14878,test
14879,train
14880,train
14881,train
14882,train
14883,val
14884,train
14885,train
14886,train
14887,train
14888,train
14889,train
14890,val
14891,test
14892,train
14893,train
14894,test
14895,test
14896,test
14897,train
14898,train
14899,train
14900,train
14901,val
14902,test
14903,train
14904,test
14905,test
14906,train
14907,train
14908,val
14909,train
14910,val
14911,test
14912,train
14913,train
14914,train
14915,test
14916,val
14917,test
14918,train
14919,val
14920,train
14921,val
14922,val
14923,val
14924,test
14925,train
14926,train
14927,test
14928,val
14929,val
14930,train
14931,test
14932,train
14933,train
14934,train
14935,train
14936,train
14937,val
14938,train
14939,train
14940,train
14941,train
14942,train
14943,train
14944,val
14945,train
14946,train
14947,train
14948,train
14949,test
14950,train
14951,train
14952,train
14953,train
14954,train
14955,train
14956,train
14957,train
14958,train
14959,test
14960,val
14961,train
14962,train
14963,test
14964,train
14965,train
14966,val
14967,train
14968,train
14969,train
14970,train
14971,train
14972,val
14973,val
14974,val
14975,train
14976,train
14977,train
14978,train
14979,train
14980,train
14981,train
14982,val
14983,val
14984,test
14985,train
14986,train
14987,train
14988,train
14989,train
14990,test
14991,val
14992,test
14993,train
14994,test
14995,train
14996,train
14997,test
14998,train
14999,train
15000,train
15001,train
15002,train
15003,train
15004,train
15005,train
15006,val
15007,test
15008,test
15009,train
15010,train
15011,train
15012,test
15013,train
15014,train
15015,train
15016,val
15017,train
15018,train
15019,test
15020,train
15021,val
15022,train
15023,val
15024,test
15025,train
15026,train
15027,train
15028,train
15029,test
15030,train
15031,train
15032,train
15033,train
15034,test
15035,train
15036,train
15037,train
15038,train
15039,train
15040,val
15041,val
15042,train
15043,train
15044,val
15045,train
15046,train
15047,train
15048,train
15049,train
15050,train
15051,train
15052,train
15053,val
15054,train
15055,train
15056,train
15057,train
15058,train
15059,train
15060,train
15061,val
15062,test
15063,test
15064,train
15065,test
15066,train
15067,test
15068,train
15069,train
15070,test
15071,train
15072,test
15073,train
15074,val
15075,train
15076,test
15077,train
15078,train
15079,train
15080,train
15081,train
15082,train
15083,val
15084,test
15085,train
15086,val
15087,train
15088,train
15089,train
15090,train
15091,train
15092,train
15093,train
15094,train
15095,train
15096,train
15097,train
15098,train
15099,test
15100,train
15101,train
15102,train
15103,train
15104,train
15105,test
15106,test
15107,train
15108,val
15109,train
15110,train
15111,test
15112,train
15113,train
15114,train
15115,train
15116,train
15117,train
15118,train
15119,train
15120,test
15121,val
15122,train
15123,train
15124,test
15125,train
15126,val
15127,train
15128,train
15129,train
15130,val
15131,train
15132,train
15133,test
15134,train
15135,train
15136,train
15137,train
15138,train
15139,test
15140,train
15141,train
15142,train
15143,train
15144,test
15145,train
15146,val
15147,val
15148,train
15149,val
15150,test
15151,train
15152,train
15153,train
15154,train
15155,train
15156,train
15157,train
15158,train
15159,test
15160,train
15161,test
15162,train
15163,train
15164,test
15165,train
15166,train
15167,test
15168,train
15169,val
15170,train
15171,train
15172,test
15173,test
15174,train
15175,train
15176,val
15177,val
15178,train
15179,test
15180,val
15181,train
15182,train
15183,test
15184,train
15185,train
15186,val
15187,train
15188,train
15189,val
15190,train
15191,val
15192,train
15193,train
15194,train
15195,train
15196,train
15197,train
15198,train
15199,train
15200,val
15201,train
15202,train
15203,test
15204,val
15205,train
15206,val
15207,test
15208,test
15209,train
15210,train
15211,train
15212,val
15213,val
15214,train
15215,train
15216,test
15217,train
15218,train
15219,train
15220,test
15221,train
15222,train
15223,val
15224,train
15225,train
15226,train
15227,test
15228,train
15229,test
15230,val
15231,train
15232,train
15233,train
15234,train
15235,train
15236,train
15237,train
15238,train
15239,train
15240,train
15241,train
15242,train
15243,train
15244,val
15245,train
15246,train
15247,train
15248,train
15249,train
15250,train
15251,train
15252,val
15253,train
15254,test
15255,train
15256,train
15257,test
15258,train
15259,train
15260,train
15261,val
15262,val
15263,train
15264,train
15265,val
15266,train
15267,train
15268,train
15269,train
15270,test
15271,train
15272,train
15273,test
15274,train
15275,val
15276,train
15277,train
15278,train
15279,test
15280,train
15281,train
15282,train
15283,train
15284,train
15285,val
15286,train
15287,train
15288,val
15289,train
15290,train
15291,train
15292,train
15293,train
15294,train
15295,train
15296,test
15297,train
15298,test
15299,train
15300,val
15301,test
15302,train
15303,val
15304,val
15305,train
15306,train
15307,test
15308,train
15309,train
15310,train
15311,train
15312,train
15313,train
15314,train
15315,train
15316,train
15317,train
15318,train
15319,train
15320,train
15321,train
15322,train
15323,val
15324,train
15325,test
15326,val
15327,train
15328,train
15329,test
15330,test
15331,train
15332,test
15333,test
15334,train
15335,train
15336,val
15337,train
15338,val
15339,train
15340,train
15341,test
15342,train
15343,train
15344,train
15345,val
15346,train
15347,train
15348,val
15349,train
15350,train
15351,train
15352,test
15353,train
15354,val
15355,test
15356,train
15357,train
15358,train
15359,train
15360,train
15361,train
15362,test
15363,train
15364,train
15365,train
15366,train
15367,train
15368,val
15369,train
15370,val
15371,train
15372,train
15373,train
15374,train
15375,train
15376,test
15377,train
15378,test
15379,train
15380,train
15381,train
15382,test
15383,train
15384,train
15385,train
15386,val
15387,train
15388,val
15389,test
15390,train
15391,test
15392,test
15393,val
15394,train
15395,train
15396,test
15397,train
15398,test
15399,train
15400,val
15401,train
15402,test
15403,train
15404,val
15405,val
15406,val
15407,train
15408,train
15409,train
15410,train
15411,train
15412,train
15413,train
15414,test
15415,train
15416,test
15417,train
15418,train
15419,test
15420,train
15421,train
15422,train
15423,train
15424,train
15425,val
15426,test
15427,train
15428,test
15429,train
15430,train
15431,val
15432,test
15433,val
15434,test
15435,train
15436,val
15437,train
15438,val
15439,train
15440,train
15441,train
15442,train
15443,val
15444,train
15445,train
15446,test
15447,test
15448,test
15449,train
15450,train
15451,train
15452,train
15453,val
15454,train
15455,test
15456,train
15457,val
15458,val
15459,train
15460,train
15461,val
15462,train
15463,train
15464,val
15465,train
15466,train
15467,train
15468,val
15469,val
15470,train
15471,train
15472,train
15473,test
15474,train
15475,train
15476,train
15477,test
15478,train
15479,train
15480,test
15481,train
15482,train
15483,train
15484,val
15485,train
15486,train
15487,train
15488,train
15489,train
15490,val
15491,train
15492,test
15493,train
15494,train
15495,train
15496,train
15497,train
15498,test
15499,train
15500,train
15501,train
15502,test
15503,val
15504,train
15505,val
15506,train
15507,train
15508,train
15509,train
15510,train
15511,train
15512,test
15513,train
15514,train
15515,train
15516,train
15517,test
15518,train
15519,train
15520,train
15521,test
15522,train
15523,train
15524,train
15525,test
15526,train
15527,train
15528,train
15529,train
15530,val
15531,train
15532,train
15533,val
15534,train
15535,train
15536,train
15537,train
15538,train
15539,train
15540,train
15541,train
15542,train
15543,val
15544,test
15545,train
15546,train
15547,val
15548,train
15549,train
15550,train
15551,train
15552,test
15553,train
15554,train
15555,train
15556,train
15557,train
15558,train
15559,train
15560,train
15561,train
15562,train
15563,train
15564,train
15565,test
15566,train
15567,train
15568,train
15569,train
15570,train
15571,test
15572,val
15573,test
15574,train
15575,train
15576,val
15577,train
15578,train
15579,val
15580,train
15581,val
15582,test
15583,val
15584,val
15585,train
15586,train
15587,train
15588,train
15589,train
15590,train
15591,val
15592,train
15593,test
15594,train
15595,train
15596,test
15597,train
15598,train
15599,test
15600,train
15601,train
15602,train
15603,train
15604,train
15605,test
15606,train
15607,train
15608,test
15609,train
15610,train
15611,train
15612,val
15613,train
15614,val
15615,test
15616,val
15617,train
15618,test
15619,train
15620,train
15621,train
15622,train
15623,test
15624,train
15625,train
15626,train
15627,train
15628,test
15629,test
15630,train
15631,train
15632,train
15633,train
15634,train
15635,val
15636,train
15637,train
15638,train
15639,val
15640,val
15641,train
15642,test
15643,train
15644,train
15645,val
15646,train
15647,val
15648,train
15649,train
15650,test
15651,train
15652,train
15653,train
15654,train
15655,train
15656,train
15657,val
15658,train
15659,train
15660,train
15661,train
15662,train
15663,test
15664,train
15665,train
15666,val
15667,train
15668,train
15669,test
15670,train
15671,train
15672,train
15673,train
15674,test
15675,train
15676,train
15677,train
15678,val
15679,train
15680,test
15681,val
15682,val
15683,val
15684,train
15685,val
15686,test
15687,test
15688,test
15689,test
15690,val
15691,train
15692,train
15693,train
15694,train
15695,train
15696,test
15697,val
15698,val
15699,train
15700,train
15701,test
15702,train
15703,train
15704,train
15705,train
15706,train
15707,test
15708,train
15709,val
15710,train
15711,train
15712,train
15713,train
15714,train
15715,train
15716,test
15717,train
15718,train
15719,val
15720,train
15721,train
15722,train
15723,test
15724,train
15725,test
15726,train
15727,train
15728,train
15729,val
15730,val
15731,train
15732,train
15733,train
15734,train
15735,val
15736,test
15737,train
15738,train
15739,train
15740,train
15741,train
15742,train
15743,val
15744,val
15745,train
15746,train
15747,train
15748,test
15749,train
15750,train
15751,test
15752,val
15753,test
15754,train
15755,train
15756,test
15757,val
15758,test
15759,test
15760,val
15761,train
15762,train
15763,train
15764,train
15765,test
15766,val
15767,train
15768,test
15769,train
15770,train
15771,train
15772,train
15773,train
15774,train
15775,train
15776,test
15777,train
15778,train
15779,val
15780,train
15781,val
15782,train
15783,train
15784,train
15785,train
15786,train
15787,test
15788,val
15789,val
15790,test
15791,train
15792,train
15793,train
15794,test
15795,test
15796,train
15797,train
15798,test
15799,train
15800,train
15801,train
15802,val
15803,val
15804,val
15805,train
15806,train
15807,train
15808,train
15809,train
15810,val
15811,test
15812,train
15813,val
15814,train
15815,train
15816,train
15817,train
15818,val
15819,train
15820,train
15821,train
15822,val
15823,train
15824,train
15825,train
15826,train
15827,val
15828,test
15829,train
15830,val
15831,train
15832,train
15833,test
15834,train
15835,val
15836,train
15837,train
15838,train
15839,val
15840,train
15841,train
15842,train
15843,test
15844,train
15845,test
15846,train
15847,train
15848,train
15849,train
15850,val
15851,train
15852,test
15853,train
15854,train
15855,train
15856,train
15857,train
15858,train
15859,test
15860,test
15861,train
15862,train
15863,test
15864,train
15865,train
15866,train
15867,train
15868,val
15869,train
15870,train
15871,train
15872,train
15873,train
15874,train
15875,train
15876,train
15877,val
15878,train
15879,test
15880,train
15881,train
15882,train
15883,test
15884,train
15885,train
15886,val
15887,train
15888,train
15889,train
15890,train
15891,train
15892,test
15893,train
15894,train
15895,train
15896,train
15897,val
15898,test
15899,train
15900,train
15901,train
15902,train
15903,train
15904,test
15905,test
15906,train
15907,train
15908,train
15909,train
15910,train
15911,test
15912,train
15913,test
15914,train
15915,test
15916,val
15917,train
15918,test
15919,train
15920,train
15921,train
15922,test
15923,train
15924,val
15925,test
15926,train
15927,test
15928,test
15929,train
15930,train
15931,train
15932,train
15933,train
15934,train
15935,train
15936,test
15937,train
15938,val
15939,val
15940,val
15941,train
15942,train
15943,train
15944,test
15945,train
15946,train
15947,test
15948,train
15949,train
15950,test
15951,train
15952,train
15953,val
15954,test
15955,test
15956,val
15957,train
15958,train
15959,train
15960,train
15961,train
15962,train
15963,test
15964,train
15965,train
15966,train
15967,val
15968,val
15969,train
15970,train
15971,val
15972,test
15973,train
15974,train
15975,train
15976,test
15977,test
15978,train
15979,val
15980,train
15981,train
15982,train
15983,train
15984,train
15985,train
15986,train
15987,train
15988,train
15989,train
15990,val
15991,train
15992,train
15993,train
15994,test
15995,train
15996,train
15997,train
15998,train
15999,train
16000,val
16001,train
16002,val
16003,train
16004,test
16005,train
16006,train
16007,train
16008,train
16009,train
16010,train
16011,train
16012,train
16013,train
16014,val
16015,test
16016,train
16017,test
16018,val
16019,test
16020,train
16021,test
16022,test
16023,train
16024,train
16025,train
16026,train
16027,val
16028,train
16029,train
16030,train
16031,train
16032,train
16033,train
16034,val
16035,val
16036,train
16037,train
16038,train
16039,train
16040,train
16041,test
16042,val
16043,train
16044,test
16045,test
16046,train
16047,train
16048,train
16049,val
16050,train
16051,train
16052,train
16053,train
16054,val
16055,train
16056,train
16057,test
16058,test
16059,val
16060,train
16061,train
16062,train
16063,test
16064,val
16065,train
16066,val
16067,train
16068,val
16069,train
16070,train
16071,train
16072,train
16073,test
16074,val
16075,train
16076,train
16077,val
16078,train
16079,train
16080,train
16081,train
16082,test
16083,train
16084,train
16085,train
16086,train
16087,test
16088,train
16089,train
16090,train
16091,train
16092,test
16093,test
16094,val
16095,train
16096,train
16097,test
16098,train
16099,train
16100,test
16101,train
16102,train
16103,train
16104,val
16105,train
16106,test
16107,test
16108,train
16109,train
16110,train
16111,train
16112,train
16113,train
16114,train
16115,val
16116,val
16117,train
16118,train
16119,train
16120,train
16121,val
16122,train
16123,val
16124,train
16125,train
16126,test
16127,val
16128,train
16129,val
16130,test
16131,train
16132,train
16133,train
16134,train
16135,train
16136,train
16137,train
16138,train
16139,val
16140,test
16141,train
16142,train
16143,train
16144,test
16145,test
16146,train
16147,train
16148,train
16149,train
16150,train
16151,train
16152,train
16153,val
16154,val
16155,test
16156,train
16157,train
16158,test
16159,train
16160,train
16161,train
16162,test
16163,train
16164,val
16165,train
16166,train
16167,train
16168,train
16169,train
16170,test
16171,train
16172,train
16173,test
16174,train
16175,train
16176,train
16177,train
16178,train
16179,train
16180,val
16181,test
16182,train
16183,train
16184,train
16185,train
16186,train
16187,train
16188,test
16189,train
16190,train
16191,test
16192,test
16193,train
16194,train
16195,train
16196,train
16197,train
16198,val
16199,train
16200,train
16201,train
16202,train
16203,test
16204,train
16205,train
16206,train
16207,train
16208,train
16209,train
16210,test
16211,test
16212,test
16213,train
16214,train
16215,train
16216,test
16217,train
16218,val
16219,test
16220,train
16221,train
16222,train
16223,val
16224,val
16225,val
16226,train
16227,train
16228,val
16229,train
16230,train
16231,train
16232,train
16233,train
16234,train
16235,train
16236,train
16237,train
16238,train
16239,train
16240,train
16241,train
16242,train
16243,train
16244,train
16245,train
16246,train
16247,train
16248,train
16249,train
16250,train
16251,test
16252,train
16253,test
16254,train
16255,train
16256,train
16257,train
16258,train
16259,train
16260,train
16261,train
16262,train
16263,test
16264,test
16265,train
16266,train
16267,val
16268,train
16269,train
16270,train
16271,train
16272,test
16273,train
16274,train
16275,train
16276,val
16277,train
16278,train
16279,train
16280,test
16281,train
16282,val
16283,train
16284,train
16285,test
16286,train
16287,train
16288,test
16289,train
16290,val
16291,train
16292,train
16293,val
16294,val
16295,train
16296,train
16297,train
16298,train
16299,train
16300,train
16301,train
16302,train
16303,train
16304,train
16305,train
16306,train
16307,train
16308,train
16309,train
16310,test
16311,train
16312,train
16313,train
16314,test
16315,train
16316,train
16317,val
16318,train
16319,train
16320,train
16321,train
16322,train
16323,train
16324,train
16325,train
16326,train
16327,train
16328,val
16329,train
16330,test
16331,train
16332,train
16333,train
16334,train
16335,train
16336,val
16337,test
16338,train
16339,val
16340,test
16341,test
16342,train
16343,train
16344,train
16345,train
16346,train
16347,train
16348,train
16349,train
16350,train
16351,train
16352,train
16353,train
16354,train
16355,val
16356,train
16357,train
16358,train
16359,train
16360,val
16361,train
16362,test
16363,test
16364,train
16365,train
16366,train
16367,train
16368,train
16369,train
16370,train
16371,train
16372,train
16373,test
16374,val
16375,val
16376,train
16377,test
16378,train
16379,train
16380,val
16381,train
16382,train
16383,test
16384,test
16385,train
16386,train
16387,val
16388,train
16389,train
16390,train
16391,train
16392,val
16393,train
16394,val
16395,train
16396,train
16397,train
16398,val
16399,val
16400,test
16401,train
16402,test
16403,train
16404,train
16405,train
16406,train
16407,train
16408,train
16409,train
16410,train
16411,test
16412,train
16413,train
16414,train
16415,test
16416,train
16417,train
16418,train
16419,train
16420,train
16421,train
16422,train
16423,train
16424,val
16425,train
16426,train
16427,test
16428,train
16429,val
16430,train
16431,train
16432,train
16433,train
16434,val
16435,train
16436,train
16437,val
16438,val
16439,train
16440,train
16441,train
16442,train
16443,val
16444,train
16445,train
16446,train
16447,train
16448,train
16449,train
16450,val
16451,train
16452,train
16453,test
16454,train
16455,train
16456,train
16457,train
16458,train
16459,test
16460,train
16461,train
16462,val
16463,train
16464,test
16465,train
16466,train
16467,val
16468,val
16469,train
16470,train
16471,train
16472,test
16473,test
16474,val
16475,train
16476,train
16477,train
16478,train
16479,train
16480,train
16481,train
16482,train
16483,train
16484,train
16485,val
16486,train
16487,train
16488,train
16489,train
16490,train
16491,train
16492,train
16493,test
16494,train
16495,val
16496,val
16497,train
16498,val
16499,train
16500,train
16501,train
16502,train
16503,val
16504,train
16505,train
16506,test
16507,test
16508,train
16509,train
16510,val
16511,train
16512,train
16513,val
16514,test
16515,train
16516,test
16517,train
16518,test
16519,test
16520,train
16521,train
16522,train
16523,train
16524,train
16525,train
16526,train
16527,val
16528,train
16529,train
16530,val
16531,train
16532,train
16533,val
16534,val
16535,train
16536,train
16537,train
16538,train
16539,train
16540,train
16541,train
16542,train
16543,train
16544,train
16545,val
16546,train
16547,test
16548,test
16549,val
16550,test
16551,train
16552,train
16553,train
16554,train
16555,val
16556,val
16557,train
16558,train
16559,val
16560,train
16561,train
16562,test
16563,train
16564,train
16565,train
16566,train
16567,train
16568,train
16569,train
16570,train
16571,train
16572,train
16573,test
16574,train
16575,train
16576,val
16577,train
16578,train
16579,train
16580,train
16581,train
16582,train
16583,train
16584,train
16585,test
16586,val
16587,train
16588,train
16589,train
16590,val
16591,test
16592,test
16593,train
16594,train
16595,train
16596,train
16597,test
16598,val
16599,train
16600,train
16601,train
16602,val
16603,train
16604,train
16605,train
16606,train
16607,train
16608,train
16609,val
16610,train
16611,test
16612,train
16613,train
16614,train
16615,train
16616,train
16617,val
16618,val
16619,train
16620,train
16621,train
16622,val
16623,test
16624,test
16625,train
16626,train
16627,test
16628,train
16629,train
16630,train
16631,val
16632,train
16633,val
16634,train
16635,train
16636,train
16637,test
16638,val
16639,train
16640,train
16641,test
16642,train
16643,train
16644,train
16645,train
16646,train
16647,test
16648,train
16649,train
16650,train
16651,train
16652,train
16653,train
16654,train
16655,train
16656,train
16657,val
16658,train
16659,train
16660,train
16661,train
16662,train
16663,train
16664,val
16665,train
16666,train
16667,test
16668,val
16669,train
16670,train
16671,train
16672,train
16673,train
16674,train
16675,train
16676,val
16677,train
16678,train
16679,train
16680,test
16681,train
16682,val
16683,train
16684,train
16685,train
16686,train
16687,test
16688,val
16689,train
16690,train
16691,train
16692,train
16693,train
16694,train
16695,val
16696,val
16697,test
16698,train
16699,train
16700,train
16701,test
16702,val
16703,test
16704,train
16705,train
16706,train
16707,train
16708,train
16709,train
16710,train
16711,train
16712,val
16713,train
16714,train
16715,train
16716,train
16717,train
16718,train
16719,train
16720,train
16721,train
16722,train
16723,train
16724,train
16725,train
16726,train
16727,train
16728,val
16729,test
16730,train
16731,val
16732,train
16733,test
16734,train
16735,train
16736,val
16737,train
16738,val
16739,train
16740,train
16741,train
16742,train
16743,train
16744,train
16745,val
16746,train
16747,test
16748,test
16749,val
16750,val
16751,val
16752,val
16753,train
16754,train
16755,test
16756,test
16757,train
16758,train
16759,train
16760,test
16761,val
16762,train
16763,val
16764,train
16765,train
16766,train
16767,test
16768,train
16769,train
16770,train
16771,train
16772,train
16773,test
16774,train
16775,val
16776,train
16777,test
16778,train
16779,train
16780,test
16781,train
16782,train
16783,val
16784,train
16785,train
16786,train
16787,train
16788,val
16789,train
16790,train
16791,test
16792,train
16793,train
16794,train
16795,train
16796,train
16797,train
16798,val
16799,train
16800,test
16801,train
16802,val
16803,test
16804,test
16805,train
16806,val
16807,train
16808,train
16809,train
16810,train
16811,val
16812,train
16813,train
16814,train
16815,train
16816,train
16817,train
16818,train
16819,train
16820,test
16821,train
16822,train
16823,test
16824,train
16825,val
16826,test
16827,train
16828,train
16829,train
16830,train
16831,val
16832,test
16833,train
16834,train
16835,train
16836,train
16837,val
16838,train
16839,train
16840,val
16841,val
16842,train
16843,train
16844,train
16845,train
16846,train
16847,test
16848,val
16849,train
16850,val
16851,train
16852,train
16853,test
16854,train
16855,test
16856,train
16857,train
16858,train
16859,train
16860,train
16861,train
16862,train
16863,test
16864,train
16865,train
16866,train
16867,train
16868,test
16869,train
16870,train
16871,test
16872,train
16873,test
16874,test
16875,train
16876,train
16877,val
16878,train
16879,test
16880,train
16881,train
16882,val
16883,train
16884,train
16885,test
16886,val
16887,train
16888,val
16889,train
16890,val
16891,val
16892,test
16893,train
16894,train
16895,val
16896,train
16897,train
16898,train
16899,train
16900,train
16901,train
16902,val
16903,train
16904,train
16905,train
16906,val
16907,train
16908,train
16909,train
16910,train
16911,val
16912,train
16913,test
16914,train
16915,train
16916,train
16917,train
16918,train
16919,train
16920,train
16921,train
16922,train
16923,train
16924,train
16925,train
16926,test
16927,train
16928,train
16929,train
16930,train
16931,train
16932,train
16933,train
16934,train
16935,train
16936,train
16937,train
16938,train
16939,train
16940,train
16941,val
16942,train
16943,train
16944,train
16945,val
16946,train
16947,train
16948,test
16949,test
16950,val
16951,train
16952,train
16953,train
16954,train
16955,train
16956,train
16957,train
16958,train
16959,train
16960,train
16961,val
16962,train
16963,train
16964,val
16965,test
16966,train
16967,train
16968,val
16969,val
16970,train
16971,train
16972,val
16973,train
16974,train
16975,train
16976,train
16977,val
16978,train
16979,train
16980,train
16981,train
16982,train
16983,train
16984,train
16985,train
16986,train
16987,train
16988,train
16989,val
16990,test
16991,train
16992,test
16993,val
16994,val
16995,test
16996,train
16997,test
16998,train
16999,train
17000,test
17001,train
17002,train
17003,val
17004,test
17005,test
17006,train
17007,train
17008,train
17009,val
17010,train
17011,train
17012,train
17013,train
17014,val
17015,val
17016,train
17017,train
17018,train
17019,train
17020,train
17021,val
17022,test
17023,train
17024,train
17025,train
17026,val
17027,train
17028,test
17029,test
17030,train
17031,train
17032,val
17033,train
17034,test
17035,train
17036,val
17037,val
17038,train
17039,train
17040,val
17041,test
17042,train
17043,train
17044,test
17045,train
17046,train
17047,train
17048,train
17049,test
17050,train
17051,train
17052,train
17053,train
17054,train
17055,train
17056,train
17057,val
17058,train
17059,test
17060,train
17061,train
17062,val
17063,test
17064,test
17065,train
17066,train
17067,train
17068,val
17069,test
17070,train
17071,train
17072,train
17073,train
17074,test
17075,train
17076,train
17077,train
17078,train
17079,test
17080,train
17081,test
17082,test
17083,train
17084,train
17085,test
17086,test
17087,train
17088,train
17089,train
17090,train
17091,test
17092,val
17093,train
17094,train
17095,train
17096,train
17097,test
17098,test
17099,train
17100,test
17101,train
17102,train
17103,train
17104,train
17105,val
17106,val
17107,train
17108,val
17109,test
17110,train
17111,train
17112,train
17113,val
17114,test
17115,test
17116,train
17117,train
17118,test
17119,train
17120,test
17121,train
17122,val
17123,val
17124,train
17125,train
17126,val
17127,train
17128,train
17129,train
17130,train
17131,train
17132,train
17133,train
17134,train
17135,train
17136,train
17137,train
17138,test
17139,train
17140,train
17141,val
17142,train
17143,test
17144,train
17145,train
17146,train
17147,test
17148,val
17149,train
17150,train
17151,val
17152,test
17153,train
17154,train
17155,train
17156,val
17157,train
17158,train
17159,train
17160,test
17161,train
17162,val
17163,val
17164,train
17165,train
17166,train
17167,train
17168,train
17169,train
17170,train
17171,train
17172,val
17173,train
17174,train
17175,val
17176,train
17177,train
17178,train
17179,train
17180,train
17181,train
17182,train
17183,train
17184,train
17185,test
17186,val
17187,train
17188,val
17189,train
17190,train
17191,train
17192,train
17193,train
17194,test
17195,test
17196,train
17197,train
17198,train
17199,train
17200,train
17201,train
17202,val
17203,train
17204,train
17205,val
17206,train
17207,train
17208,train
17209,train
17210,train
17211,train
17212,train
17213,train
17214,train
17215,train
17216,train
17217,train
17218,test
17219,train
17220,train
17221,train
17222,test
17223,test
17224,train
17225,test
17226,train
17227,train
17228,test
17229,train
17230,train
17231,val
17232,train
17233,train
17234,train
17235,train
17236,val
17237,train
17238,train
17239,val
17240,train
17241,train
17242,train
17243,train
17244,train
17245,test
17246,train
17247,val
17248,train
17249,train
17250,train
17251,train
17252,train
17253,train
17254,val
17255,train
17256,train
17257,train
17258,train
17259,train
17260,train
17261,train
17262,test
17263,test
17264,train
17265,train
17266,train
17267,train
17268,train
17269,test
17270,train
17271,train
17272,test
17273,train
17274,train
17275,val
17276,test
17277,train
17278,train
17279,train
17280,train
17281,train
17282,val
17283,train
17284,train
17285,train
17286,val
17287,train
17288,train
17289,val
17290,train
17291,train
17292,train
17293,test
17294,train
17295,train
17296,train
17297,train
17298,train
17299,val
17300,train
17301,test
17302,val
17303,train
17304,test
17305,test
17306,val
17307,test
17308,train
17309,train
17310,val
17311,val
17312,train
17313,train
17314,val
17315,train
17316,test
17317,train
17318,train
17319,train
17320,train
17321,val
17322,train
17323,train
17324,train
17325,train
17326,train
17327,train
17328,test
17329,test
17330,test
17331,val
17332,train
17333,val
17334,train
17335,test
17336,train
17337,train
17338,train
17339,test
17340,val
17341,train
17342,train
17343,train
17344,val
17345,train
17346,train
17347,train
17348,train
17349,train
17350,train
17351,test
17352,train
17353,train
17354,train
17355,val
17356,train
17357,train
17358,val
17359,test
17360,train
17361,train
17362,train
17363,train
17364,test
17365,train
17366,test
17367,train
17368,test
17369,val
17370,test
17371,train
17372,val
17373,train
17374,train
17375,test
17376,train
17377,val
17378,train
17379,train
17380,test
17381,train
17382,train
17383,train
17384,train
17385,train
17386,train
17387,train
17388,train
17389,train
17390,train
17391,train
17392,train
17393,test
17394,test
17395,train
17396,train
17397,train
17398,test
17399,train
17400,train
17401,train
17402,train
17403,train
17404,test
17405,train
17406,train
17407,train
17408,train
17409,val
17410,train
17411,train
17412,test
17413,test
17414,train
17415,train
17416,train
17417,train
17418,train
17419,val
17420,train
17421,train
17422,val
17423,train
17424,val
17425,train
17426,train
17427,train
17428,val
17429,val
17430,train
17431,train
17432,train
17433,train
17434,train
17435,train
17436,val
17437,val
17438,val
17439,train
17440,test
17441,test
17442,train
17443,val
17444,train
17445,train
17446,train
17447,test
17448,val
17449,test
17450,train
17451,train
17452,test
17453,train
17454,train
17455,val
17456,train
17457,train
17458,test
17459,train
17460,train
17461,train
17462,train
17463,val
17464,train
17465,train
17466,train
17467,train
17468,train
17469,train
17470,test
17471,train
17472,test
17473,val
17474,test
17475,train
17476,train
17477,test
17478,train
17479,train
17480,train
17481,train
17482,train
17483,train
17484,train
17485,test
17486,train
17487,train
17488,train
17489,train
17490,val
17491,train
17492,train
17493,train
17494,train
17495,train
17496,train
17497,train
17498,train
17499,train
17500,val
17501,test
17502,train
17503,train
17504,train
17505,val
17506,train
17507,train
17508,train
17509,train
17510,train
17511,train
17512,val
17513,train
17514,val
17515,train
17516,test
17517,train
17518,val
17519,val
17520,train
17521,test
17522,train
17523,train
17524,train
17525,train
17526,train
17527,train
17528,train
17529,train
17530,val
17531,train
17532,val
17533,train
17534,train
17535,train
17536,val
17537,train
17538,test
17539,train
17540,train
17541,train
17542,val
17543,train
17544,train
17545,train
17546,train
17547,val
17548,val
17549,val
17550,test
17551,train
17552,train
17553,val
17554,train
17555,train
17556,train
17557,train
17558,test
17559,train
17560,train
17561,train
17562,train
17563,train
17564,train
17565,train
17566,test
17567,train
17568,train
17569,train
17570,train
17571,train
17572,val
17573,train
17574,train
17575,train
17576,train
17577,train
17578,test
17579,train
17580,train
17581,train
17582,train
17583,train
17584,train
17585,val
17586,test
17587,test
17588,train
17589,val
17590,train
17591,train
17592,train
17593,train
17594,train
17595,train
17596,train
17597,train
17598,train
17599,test
17600,train
17601,train
17602,test
17603,train
17604,train
17605,val
17606,test
17607,train
17608,train
17609,test
17610,train
17611,train
17612,train
17613,train
17614,test
17615,val
17616,test
17617,train
17618,train
17619,train
17620,test
17621,train
17622,test
17623,test
17624,test
17625,val
17626,train
17627,train
17628,train
17629,train
17630,train
17631,train
17632,train
17633,val
17634,train
17635,val
17636,train
17637,train
17638,train
17639,train
17640,val
17641,train
17642,train
17643,train
17644,train
17645,train
17646,train
17647,val
17648,test
17649,train
17650,test
17651,test
17652,train
17653,train
17654,test
17655,train
17656,train
17657,train
17658,test
17659,train
17660,train
17661,train
17662,train
17663,test
17664,val
17665,test
17666,train
17667,test
17668,test
17669,train
17670,train
17671,train
17672,train
17673,train
17674,test
17675,val
17676,train
17677,val
17678,train
17679,train
17680,train
17681,train
17682,train
17683,train
17684,train
17685,train
17686,train
17687,test
17688,train
17689,val
17690,train
17691,train
17692,train
17693,train
17694,val
17695,test
17696,test
17697,test
17698,train
17699,train
17700,train
17701,train
17702,train
17703,val
17704,val
17705,train
17706,train
17707,train
17708,train
17709,train
17710,train
17711,train
17712,train
17713,train
17714,train
17715,train
17716,val
17717,train
17718,train
17719,test
17720,train
17721,val
17722,train
17723,train
17724,train
17725,train
17726,train
17727,val
17728,train
17729,train
17730,train
17731,val
17732,test
17733,train
17734,train
17735,train
17736,train
17737,test
17738,train
17739,train
17740,train
17741,val
17742,test
17743,test
17744,train
17745,train
17746,train
17747,train
17748,train
17749,val
17750,train
17751,train
17752,train
17753,train
17754,train
17755,test
17756,train
17757,train
17758,train
17759,train
17760,val
17761,val
17762,test
17763,test
17764,train
17765,train
17766,val
17767,train
17768,train
17769,train
17770,val
17771,train
17772,train
17773,train
17774,train
17775,train
17776,train
17777,train
17778,train
17779,train
17780,train
17781,val
17782,train
17783,val
17784,train
17785,val
17786,val
17787,train
17788,train
17789,train
17790,train
17791,train
17792,train
17793,train
17794,train
17795,val
17796,train
17797,train
17798,train
17799,test
17800,train
17801,test
17802,val
17803,test
17804,train
17805,train
17806,train
17807,train
17808,train
17809,train
17810,train
17811,train
17812,train
17813,test
17814,train
17815,train
17816,train
17817,train
17818,train
17819,test
17820,train
17821,train
17822,train
17823,test
17824,val
17825,test
17826,train
17827,train
17828,train
17829,train
17830,train
17831,train
17832,train
17833,train
17834,train
17835,test
17836,train
17837,train
17838,train
17839,val
17840,train
17841,train
17842,train
17843,val
17844,train
17845,test
17846,train
17847,test
17848,train
17849,train
17850,train
17851,train
17852,test
17853,test
17854,val
17855,train
17856,val
17857,train
17858,train
17859,val
17860,train
17861,train
17862,train
17863,train
17864,train
17865,test
17866,train
17867,test
17868,train
17869,train
17870,train
17871,train
17872,train
17873,test
17874,val
17875,val
17876,train
17877,train
17878,test
17879,train
17880,test
17881,train
17882,train
17883,train
17884,train
17885,train
17886,train
17887,train
17888,train
17889,train
17890,val
17891,val
17892,val
17893,train
17894,train
17895,train
17896,train
17897,test
17898,val
17899,train
17900,train
17901,train
17902,test
17903,test
17904,train
17905,val
17906,train
17907,train
17908,val
17909,val
17910,train
17911,train
17912,train
17913,train
17914,train
17915,train
17916,train
17917,train
17918,train
17919,test
17920,val
17921,train
17922,train
17923,val
17924,train
17925,train
17926,train
17927,train
17928,train
17929,val
17930,train
17931,train
17932,train
17933,train
17934,train
17935,train
17936,test
17937,train
17938,train
17939,train
17940,train
17941,train
17942,test
17943,train
17944,train
17945,train
17946,train
17947,train
17948,train
17949,test
17950,train
17951,train
17952,train
17953,train
17954,train
17955,train
17956,train
17957,train
17958,val
17959,train
17960,val
17961,train
17962,val
17963,test
17964,val
17965,test
17966,train
17967,val
17968,train
17969,val
17970,train
17971,train
17972,train
17973,train
17974,train
17975,test
17976,train
17977,train
17978,train
17979,train
17980,val
17981,train
17982,train
17983,test
17984,train
17985,train
17986,test
17987,test
17988,train
17989,train
17990,test
17991,val
17992,train
17993,train
17994,train
17995,train
17996,train
17997,train
17998,train
17999,train
18000,test
18001,train
18002,test
18003,train
18004,train
18005,val
18006,test
18007,train
18008,train
18009,val
18010,train
18011,train
18012,train
18013,test
18014,train
18015,train
18016,train
18017,train
18018,test
18019,val
18020,train
18021,test
18022,train
18023,train
18024,train
18025,train
18026,val
18027,train
18028,train
18029,train
18030,test
18031,train
18032,test
18033,test
18034,val
18035,train
18036,train
18037,train
18038,val
18039,train
18040,train
18041,train
18042,train
18043,train
18044,val
18045,train
18046,val
18047,train
18048,test
18049,train
18050,train
18051,train
18052,train
18053,train
18054,test
18055,train
18056,train
18057,val
18058,test
18059,train
18060,val
18061,train
18062,train
18063,train
18064,train
18065,val
18066,train
18067,train
18068,train
18069,val
18070,train
18071,train
18072,train
18073,test
18074,val
18075,test
18076,train
18077,train
18078,train
18079,train
18080,test
18081,train
18082,train
18083,train
18084,train
18085,train
18086,train
18087,train
18088,val
18089,train
18090,test
18091,val
18092,train
18093,test
18094,train
18095,val
18096,train
18097,train
18098,train
18099,train
18100,train
18101,train
18102,train
18103,train
18104,train
18105,train
18106,test
18107,train
18108,val
18109,train
18110,train
18111,train
18112,train
18113,train
18114,train
18115,train
18116,train
18117,val
18118,val
18119,val
18120,val
18121,train
18122,test
18123,train
18124,test
18125,val
18126,train
18127,test
18128,test
18129,train
18130,train
18131,train
18132,test
18133,train
18134,train
18135,val
18136,train
18137,train
18138,train
18139,train
18140,train
18141,train
18142,train
18143,train
18144,train
18145,train
18146,test
18147,train
18148,train
18149,train
18150,val
18151,train
18152,train
18153,train
18154,train
18155,val
18156,train
18157,train
18158,train
18159,test
18160,test
18161,val
18162,train
18163,val
18164,train
18165,val
18166,train
18167,val
18168,train
18169,train
18170,train
18171,train
18172,val
18173,val
18174,train
18175,train
18176,val
18177,train
18178,val
18179,train
18180,train
18181,val
18182,train
18183,train
18184,train
18185,train
18186,train
18187,test
18188,train
18189,test
18190,train
18191,train
18192,val
18193,train
18194,val
18195,train
18196,train
18197,train
18198,val
18199,train
18200,train
18201,train
18202,train
18203,val
18204,train
18205,val
18206,train
18207,val
18208,train
18209,train
18210,train
18211,val
18212,train
18213,train
18214,val
18215,train
18216,train
18217,train
18218,train
18219,train
18220,train
18221,train
18222,train
18223,val
18224,train
18225,train
18226,val
18227,train
18228,test
18229,test
18230,test
18231,train
18232,test
18233,train
18234,train
18235,train
18236,train
18237,train
18238,train
18239,test
18240,val
18241,test
18242,test
18243,train
18244,train
18245,test
18246,test
18247,val
18248,train
18249,train
18250,train
18251,train
18252,train
18253,val
18254,test
18255,val
18256,train
18257,train
18258,train
18259,val
18260,train
18261,train
18262,val
18263,val
18264,train
18265,test
18266,train
18267,test
18268,train
18269,train
18270,train
18271,train
18272,train
18273,train
18274,val
18275,test
18276,train
18277,train
18278,train
18279,train
18280,train
18281,train
18282,train
18283,test
18284,test
18285,train
18286,train
18287,train
18288,test
18289,train
18290,train
18291,test
18292,train
18293,train
18294,val
18295,val
18296,train
18297,train
18298,train
18299,train
18300,train
18301,train
18302,train
18303,train
18304,val
18305,train
18306,test
18307,test
18308,train
18309,train
18310,train
18311,train
18312,test
18313,train
18314,test
18315,test
18316,test
18317,train
18318,val
18319,train
18320,train
18321,test
18322,train
18323,train
18324,val
18325,train
18326,train
18327,train
18328,train
18329,train
18330,train
18331,train
18332,train
18333,val
18334,train
18335,train
18336,train
18337,test
18338,train
18339,val
18340,val
18341,train
18342,train
18343,test
18344,train
18345,train
18346,train
18347,train
18348,train
18349,train
18350,train
18351,train
18352,train
18353,test
18354,val
18355,test
18356,train
18357,train
18358,train
18359,val
18360,test
18361,train
18362,train
18363,train
18364,train
18365,val
18366,val
18367,train
18368,val
18369,train
18370,val
18371,train
18372,train
18373,train
18374,train
18375,train
18376,val
18377,train
18378,train
18379,train
18380,train
18381,train
18382,val
18383,test
18384,test
18385,val
18386,val
18387,train
18388,train
18389,train
18390,test
18391,train
18392,train
18393,train
18394,train
18395,train
18396,test
18397,val
18398,train
18399,train
18400,val
18401,val
18402,train
18403,train
18404,train
18405,train
18406,train
18407,train
18408,val
18409,val
18410,val
18411,train
18412,test
18413,train
18414,train
18415,val
18416,test
18417,test
18418,train
18419,train
18420,train
18421,train
18422,train
18423,train
18424,val
18425,val
18426,val
18427,train
18428,train
18429,test
18430,train
18431,train
18432,train
18433,train
18434,train
18435,test
18436,train
18437,train
18438,train
18439,train
18440,train
18441,train
18442,train
18443,train
18444,train
18445,train
18446,train
18447,train
18448,test
18449,test
18450,train
18451,train
18452,train
18453,train
18454,train
18455,train
18456,test
18457,train
18458,train
18459,train
18460,train
18461,test
18462,val
18463,train
18464,val
18465,val
18466,train
18467,train
18468,test
18469,train
18470,train
18471,train
18472,val
18473,train
18474,test
18475,train
18476,test
18477,test
18478,train
18479,train
18480,test
18481,train
18482,test
18483,val
18484,train
18485,val
18486,train
18487,train
18488,val
18489,train
18490,train
18491,train
18492,train
18493,train
18494,val
18495,train
18496,train
18497,train
18498,train
18499,val
18500,val
18501,val
18502,train
18503,train
18504,train
18505,train
18506,train
18507,train
18508,train
18509,train
18510,train
18511,train
18512,val
18513,train
18514,train
18515,train
18516,val
18517,train
18518,train
18519,test
18520,test
18521,test
18522,train
18523,test
18524,train
18525,val
18526,val
18527,train
18528,train
18529,val
18530,train
18531,val
18532,train
18533,val
18534,train
18535,train
18536,train
18537,train
18538,train
18539,train
18540,train
18541,test
18542,test
18543,val
18544,train
18545,train
18546,train
18547,train
18548,train
18549,test
18550,test
18551,val
18552,val
18553,train
18554,train
18555,train
18556,train
18557,val
18558,train
18559,test
18560,train
18561,train
18562,val
18563,train
18564,val
18565,train
18566,train
18567,train
18568,val
18569,train
18570,val
18571,train
18572,train
18573,val
18574,train
18575,train
18576,train
18577,train
18578,train
18579,train
18580,val
18581,test
18582,val
18583,train
18584,train
18585,val
18586,test
18587,train
18588,train
18589,train
18590,val
18591,train
18592,train
18593,train
18594,train
18595,train
18596,train
18597,test
18598,test
18599,train
18600,train
18601,test
18602,test
18603,train
18604,train
18605,train
18606,train
18607,train
18608,train
18609,train
18610,train
18611,test
18612,val
18613,train
18614,train
18615,test
18616,train
18617,train
18618,train
18619,val
18620,train
18621,train
18622,train
18623,train
18624,val
18625,val
18626,test
18627,train
18628,test
18629,val
18630,test
18631,train
18632,test
18633,train
18634,train
18635,train
18636,train
18637,train
18638,test
18639,train
18640,val
18641,val
18642,train
18643,train
18644,train
18645,train
18646,train
18647,train
18648,train
18649,val
18650,train
18651,val
18652,train
18653,val
18654,train
18655,train
18656,train
18657,train
18658,train
18659,train
18660,train
18661,train
18662,val
18663,train
18664,val
18665,train
18666,val
18667,train
18668,test
18669,train
18670,train
18671,train
18672,train
18673,train
18674,train
18675,test
18676,train
18677,val
18678,train
18679,test
18680,val
18681,val
18682,train
18683,val
18684,train
18685,train
18686,val
18687,train
18688,val
18689,test
18690,test
18691,train
18692,train
18693,train
18694,train
18695,train
18696,val
18697,train
18698,train
18699,train
18700,test
18701,test
18702,train
18703,train
18704,val
18705,train
18706,train
18707,train
18708,train
18709,test
18710,train
18711,train
18712,train
18713,test
18714,train
18715,train
18716,val
18717,train
18718,train
18719,val
18720,train
18721,train
18722,val
18723,train
18724,train
18725,val
18726,val
18727,train
18728,test
18729,val
18730,train
18731,val
18732,train
18733,train
18734,train
18735,train
18736,train
18737,train
18738,val
18739,train
18740,test
18741,train
18742,train
18743,train
18744,test
18745,train
18746,val
18747,test
18748,train
18749,train
18750,train
18751,train
18752,train
18753,train
18754,train
18755,train
18756,train
18757,val
18758,train
18759,train
18760,val
18761,test
18762,train
18763,val
18764,train
18765,test
18766,train
18767,test
18768,test
18769,train
18770,train
18771,val
18772,val
18773,test
18774,train
18775,train
18776,train
18777,test
18778,train
18779,train
18780,train
18781,val
18782,train
18783,train
18784,train
18785,test
18786,train
18787,train
18788,train
18789,train
18790,train
18791,train
18792,train
18793,train
18794,train
18795,train
18796,train
18797,train
18798,val
18799,train
18800,train
18801,train
18802,test
18803,test
18804,train
18805,train
18806,train
18807,train
18808,train
18809,train
18810,train
18811,val
18812,train
18813,train
18814,test
18815,train
18816,train
18817,train
18818,train
18819,train
18820,train
18821,val
18822,train
18823,train
18824,train
18825,train
18826,train
18827,val
18828,test
18829,train
18830,train
18831,train
18832,train
18833,train
18834,val
18835,train
18836,train
18837,test
18838,train
18839,test
18840,train
18841,val
18842,test
18843,test
18844,train
18845,train
18846,train
18847,train
18848,train
18849,val
18850,test
18851,train
18852,train
18853,train
18854,train
18855,train
18856,train
18857,train
18858,train
18859,train
18860,train
18861,train
18862,val
18863,train
18864,test
18865,train
18866,train
18867,train
18868,train
18869,train
18870,test
18871,train
18872,train
18873,train
18874,train
18875,train
18876,train
18877,val
18878,train
18879,train
18880,train
18881,train
18882,train
18883,val
18884,val
18885,train
18886,val
18887,train
18888,val
18889,test
18890,train
18891,val
18892,test
18893,train
18894,train
18895,train
18896,test
18897,train
18898,train
18899,train
18900,val
18901,train
18902,train
18903,train
18904,val
18905,train
18906,train
18907,val
18908,test
18909,val
18910,train
18911,train
18912,train
18913,train
18914,train
18915,val
18916,val
18917,train
18918,train
18919,train
18920,train
18921,test
18922,train
18923,train
18924,val
18925,train
18926,train
18927,train
18928,train
18929,val
18930,train
18931,train
18932,train
18933,train
18934,train
18935,val
18936,train
18937,train
18938,train
18939,train
18940,train
18941,train
18942,test
18943,train
18944,val
18945,train
18946,train
18947,train
18948,train
18949,train
18950,train
18951,train
18952,train
18953,test
18954,train
18955,train
18956,train
18957,train
18958,train
18959,train
18960,train
18961,test
18962,train
18963,train
18964,val
18965,train
18966,train
18967,train
18968,train
18969,val
18970,train
18971,val
18972,train
18973,train
18974,train
18975,val
18976,train
18977,train
18978,test
18979,val
18980,test
18981,val
18982,train
18983,train
18984,val
18985,test
18986,train
18987,train
18988,train
18989,train
18990,test
18991,val
18992,test
18993,train
18994,val
18995,train
18996,train
18997,train
18998,val
18999,train
19000,val
19001,train
19002,train
19003,test
19004,train
19005,train
19006,train
19007,train
19008,train
19009,val
19010,test
19011,train
19012,train
19013,train
19014,train
19015,train
19016,train
19017,test
19018,train
19019,train
19020,train
19021,test
19022,train
19023,train
19024,train
19025,train
19026,val
19027,val
19028,train
19029,val
19030,train
19031,val
19032,train
19033,val
19034,train
19035,val
19036,val
19037,train
19038,train
19039,train
19040,train
19041,train
19042,test
19043,train
19044,val
19045,train
19046,test
19047,val
19048,train
19049,train
19050,test
19051,train
19052,test
19053,train
19054,train
19055,train
19056,train
19057,val
19058,val
19059,train
19060,train
19061,train
19062,train
19063,train
19064,train
19065,val
19066,test
19067,train
19068,test
19069,train
19070,train
19071,train
19072,train
19073,val
19074,train
19075,train
19076,train
19077,train
19078,train
19079,train
19080,test
19081,train
19082,train
19083,test
19084,train
19085,train
19086,test
19087,val
19088,test
19089,test
19090,train
19091,train
19092,train
19093,train
19094,test
19095,train
19096,train
19097,test
19098,train
19099,test
19100,train
19101,train
19102,train
19103,train
19104,train
19105,train
19106,test
19107,test
19108,train
19109,train
19110,train
19111,train
19112,test
19113,train
19114,train
19115,train
19116,train
19117,train
19118,val
19119,train
19120,train
19121,train
19122,train
19123,train
19124,train
19125,train
19126,train
19127,train
19128,test
19129,train
19130,train
19131,train
19132,train
19133,train
19134,test
19135,val
19136,train
19137,train
19138,train
19139,test
19140,test
19141,train
19142,train
19143,test
19144,train
19145,train
19146,test
19147,train
19148,train
19149,train
19150,train
19151,train
19152,train
19153,train
19154,train
19155,val
19156,val
19157,train
19158,val
19159,train
19160,train
19161,val
19162,train
19163,train
19164,train
19165,train
19166,train
19167,train
19168,train
19169,test
19170,train
19171,train
19172,train
19173,train
19174,val
19175,train
19176,train
19177,train
19178,train
19179,train
19180,val
19181,train
19182,val
19183,train
19184,train
19185,test
19186,train
19187,train
19188,test
19189,train
19190,train
19191,train
19192,train
19193,train
19194,test
19195,test
19196,test
19197,train
19198,train
19199,train
19200,val
19201,train
19202,train
19203,test
19204,train
19205,train
19206,val
19207,train
19208,val
19209,train
19210,train
19211,test
19212,train
19213,val
19214,test
19215,train
19216,train
19217,train
19218,train
19219,train
19220,test
19221,train
19222,test
19223,test
19224,test
19225,train
19226,train
19227,train
19228,train
19229,train
19230,train
19231,train
19232,train
19233,train
19234,train
19235,test
19236,train
19237,train
19238,train
19239,test
19240,train
19241,train
19242,train
19243,train
19244,train
19245,train
19246,train
19247,train
19248,val
19249,train
19250,train
19251,train
19252,train
19253,test
19254,train
19255,train
19256,train
19257,val
19258,train
19259,test
19260,train
19261,train
19262,train
19263,test
19264,train
19265,val
19266,val
19267,train
19268,train
19269,train
19270,train
19271,test
19272,train
19273,train
19274,train
19275,train
19276,train
19277,test
19278,train
19279,train
19280,test
19281,train
19282,train
19283,train
19284,test
19285,train
19286,train
19287,test
19288,train
19289,test
19290,train
19291,train
19292,train
19293,train
19294,train
19295,train
19296,train
19297,val
19298,train
19299,train
19300,val
19301,train
19302,train
19303,test
19304,train
19305,train
19306,train
19307,train
19308,train
19309,train
19310,train
19311,train
19312,train
19313,test
19314,train
19315,test
19316,val
19317,test
19318,train
19319,train
19320,train
19321,train
19322,train
19323,train
19324,test
19325,train
19326,train
19327,val
19328,train
19329,test
19330,train
19331,train
19332,val
19333,val
19334,val
19335,val
19336,test
19337,train
19338,train
19339,val
19340,train
19341,train
19342,val
19343,train
19344,train
19345,train
19346,train
19347,val
19348,val
19349,train
19350,val
19351,train
19352,train
19353,train
19354,train
19355,train
19356,test
19357,train
19358,val
19359,test
19360,test
19361,train
19362,val
19363,train
19364,train
19365,train
19366,train
19367,test
19368,train
19369,test
19370,train
19371,train
19372,train
19373,val
19374,train
19375,train
19376,train
19377,val
19378,test
19379,val
19380,train
19381,train
19382,train
19383,train
19384,val
19385,train
19386,test
19387,train
19388,train
19389,train
19390,train
19391,test
19392,test
19393,test
19394,test
19395,train
19396,train
19397,test
19398,train
19399,train
19400,test
19401,train
19402,train
19403,train
19404,val
19405,train
19406,train
19407,train
19408,val
19409,test
19410,train
19411,train
19412,train
19413,train
19414,train
19415,train
19416,val
19417,train
19418,train
19419,test
19420,train
19421,test
19422,val
19423,train
19424,train
19425,train
19426,train
19427,val
19428,train
19429,train
19430,test
19431,test
19432,train
19433,train
19434,train
19435,test
19436,train
19437,train
19438,val
19439,train
19440,train
19441,test
19442,train
19443,train
19444,train
19445,train
19446,train
19447,test
19448,train
19449,train
19450,train
19451,test
19452,train
19453,train
19454,train
19455,train
19456,train
19457,train
19458,train
19459,test
19460,val
19461,train
19462,val
19463,val
19464,train
19465,train
19466,test
19467,train
19468,test
19469,train
19470,train
19471,train
19472,test
19473,train
19474,train
19475,test
19476,train
19477,train
19478,train
19479,train
19480,train
19481,train
19482,train
19483,val
19484,test
19485,train
19486,train
19487,train
19488,test
19489,train
19490,train
19491,train
19492,train
19493,train
19494,test
19495,train
19496,train
19497,train
19498,train
19499,train
19500,train
19501,train
19502,train
19503,train
19504,train
19505,test
19506,train
19507,train
19508,val
19509,test
19510,test
19511,test
19512,train
19513,train
19514,train
19515,val
19516,train
19517,train
19518,train
19519,train
19520,train
19521,val
19522,val
19523,train
19524,train
19525,test
19526,train
19527,train
19528,train
19529,train
19530,train
19531,train
19532,test
19533,train
19534,train
19535,val
19536,train
19537,train
19538,train
19539,train
19540,test
19541,train
19542,train
19543,test
19544,val
19545,train
19546,train
19547,train
19548,train
19549,train
19550,train
19551,train
19552,train
19553,test
19554,val
19555,train
19556,train
19557,test
19558,test
19559,train
19560,train
19561,val
19562,train
19563,train
19564,train
19565,train
19566,test
19567,test
19568,train
19569,val
19570,train
19571,val
19572,train
19573,train
19574,test
19575,train
19576,train
19577,test
19578,train
19579,val
19580,train
19581,test
19582,train
19583,val
19584,train
19585,train
19586,test
19587,val
19588,train
19589,val
19590,train
19591,train
19592,train
19593,train
19594,val
19595,train
19596,train
19597,train
19598,test
19599,val
19600,test
19601,train
19602,train
19603,train
19604,test
19605,train
19606,train
19607,train
19608,train
19609,val
19610,train
19611,train
19612,test
19613,train
19614,val
19615,train
19616,train
19617,train
19618,train
19619,train
19620,test
19621,train
19622,val
19623,train
19624,train
19625,train
19626,train
19627,train
19628,train
19629,val
19630,test
19631,train
19632,train
19633,val
19634,val
19635,train
19636,train
19637,train
19638,train
19639,train
19640,test
19641,train
19642,val
19643,train
19644,val
19645,val
19646,train
19647,train
19648,val
19649,val
19650,train
19651,test
19652,train
19653,test
19654,test
19655,train
19656,train
19657,test
19658,train
19659,test
19660,train
19661,test
19662,train
19663,train
19664,train
19665,train
19666,train
19667,train
19668,train
19669,train
19670,train
19671,train
19672,train
19673,train
19674,train
19675,val
19676,train
19677,train
19678,train
19679,train
19680,test
19681,train
19682,val
19683,val
19684,train
19685,test
19686,train
19687,train
19688,train
19689,train
19690,train
19691,train
19692,train
19693,train
19694,train
19695,train
19696,train
19697,train
19698,train
19699,train
19700,train
19701,train
19702,train
19703,train
19704,test
19705,train
19706,train
19707,train
19708,train
19709,train
19710,train
19711,train
19712,train
19713,train
19714,train
19715,val
19716,train
19717,train
19718,test
19719,train
19720,val
19721,train
19722,test
19723,train
19724,train
19725,val
19726,train
19727,train
19728,val
19729,train
19730,val
19731,train
19732,val
19733,train
19734,train
19735,train
19736,train
19737,val
19738,train
19739,test
19740,train
19741,train
19742,train
19743,test
19744,train
19745,train
19746,test
19747,val
19748,train
19749,train
19750,test
19751,train
19752,train
19753,train
19754,train
19755,train
19756,train
19757,train
19758,train
19759,train
19760,train
19761,train
19762,train
19763,train
19764,train
19765,train
19766,val
19767,train
19768,test
19769,train
19770,train
19771,val
19772,train
19773,train
19774,train
19775,val
19776,train
19777,train
19778,train
19779,train
19780,train
19781,train
19782,train
19783,train
19784,train
19785,val
19786,train
19787,val
19788,test
19789,val
19790,train
19791,val
19792,train
19793,train
19794,train
19795,train
19796,train
19797,test
19798,train
19799,train
19800,train
19801,train
19802,train
19803,train
19804,test
19805,train
19806,train
19807,train
19808,train
19809,train
19810,train
19811,train
19812,train
19813,test
19814,test
19815,train
19816,val
19817,test
19818,train
19819,train
19820,train
19821,train
19822,train
19823,train
19824,train
19825,train
19826,test
19827,val
19828,train
19829,test
19830,train
19831,train
19832,train
19833,train
19834,val
19835,train
19836,train
19837,test
19838,train
19839,train
19840,train
19841,train
19842,train
19843,test
19844,train
19845,test
19846,test
19847,train
19848,train
19849,train
19850,train
19851,train
19852,train
19853,train
19854,train
19855,train
19856,train
19857,test
19858,train
19859,train
19860,val
19861,train
19862,val
19863,train
19864,train
19865,train
19866,train
19867,train
19868,train
19869,val
19870,train
19871,train
19872,train
19873,train
19874,val
19875,train
19876,train
19877,train
19878,train
19879,train
19880,train
19881,train
19882,test
19883,train
19884,val
19885,train
19886,val
19887,train
19888,test
19889,test
19890,train
19891,test
19892,train
19893,train
19894,test
19895,val
19896,train
19897,train
19898,test
19899,train
19900,train
19901,val
19902,train
19903,train
19904,test
19905,val
19906,train
19907,train
19908,val
19909,val
19910,train
19911,train
19912,train
19913,train
19914,train
19915,test
19916,train
19917,train
19918,train
19919,train
19920,train
19921,val
19922,test
19923,train
19924,train
19925,train
19926,train
19927,train
19928,train
19929,train
19930,test
19931,train
19932,train
19933,test
19934,train
19935,train
19936,test
19937,train
19938,train
19939,train
19940,test
19941,train
19942,train
19943,test
19944,train
19945,val
19946,train
19947,train
19948,train
19949,train
19950,test
19951,test
19952,test
19953,train
19954,train
19955,test
19956,train
19957,train
19958,val
19959,train
19960,train
19961,train
19962,train
19963,test
19964,train
19965,val
19966,val
19967,train
19968,train
19969,train
19970,train
19971,train
19972,train
19973,val
19974,val
19975,train
19976,val
19977,val
19978,train
19979,train
19980,train
19981,test
19982,train
19983,train
19984,train
19985,test
19986,val
19987,train
19988,train
19989,val
19990,train
19991,test
19992,train
19993,train
19994,train
19995,train
19996,train
19997,val
19998,train
19999,train
20000,test
20001,train
20002,train
20003,train
20004,val
20005,train
20006,train
20007,train
20008,train
20009,train
20010,train
20011,train
20012,test
20013,train
20014,val
20015,train
20016,test
20017,train
20018,test
20019,train
20020,train
20021,val
20022,train
20023,train
20024,test
20025,train
20026,train
20027,train
20028,train
20029,test
20030,train
20031,val
20032,train
20033,train
20034,test
20035,train
20036,train
20037,train
20038,train
20039,train
20040,train
20041,train
20042,train
20043,train
20044,train
20045,train
20046,train
20047,train
20048,train
20049,train
20050,train
20051,test
20052,test
20053,train
20054,train
20055,val
20056,train
20057,train
20058,test
20059,train
20060,test
20061,train
20062,train
20063,train
20064,train
20065,train
20066,train
20067,train
20068,train
20069,train
20070,val
20071,train
20072,train
20073,test
20074,train
20075,val
20076,train
20077,train
20078,train
20079,train
20080,train
20081,train
20082,val
20083,train
20084,train
20085,train
20086,train
20087,val
20088,val
20089,train
20090,train
20091,train
20092,train
20093,test
20094,train
20095,train
20096,val
20097,train
20098,train
20099,train
20100,train
20101,val
20102,train
20103,train
20104,test
20105,val
20106,train
20107,val
20108,train
20109,train
20110,train
20111,train
20112,train
20113,train
20114,val
20115,train
20116,train
20117,train
20118,train
20119,test
20120,test
20121,test
20122,train
20123,val
20124,train
20125,train
20126,test
20127,train
20128,test
20129,train
20130,train
20131,val
20132,train
20133,train
20134,train
20135,test
20136,train
20137,train
20138,train
20139,train
20140,train
20141,train
20142,train
20143,train
20144,train
20145,train
20146,train
20147,train
20148,train
20149,train
20150,train
20151,train
20152,train
20153,train
20154,test
20155,train
20156,test
20157,train
20158,train
20159,train
20160,train
20161,train
20162,train
20163,train
20164,train
20165,val
20166,train
20167,train
20168,train
20169,test
20170,train
20171,train
20172,test
20173,train
20174,train
20175,train
20176,train
20177,train
20178,test
20179,train
20180,test
20181,test
20182,train
20183,val
20184,train
20185,train
20186,train
20187,train
20188,train
20189,train
20190,train
20191,train
20192,train
20193,train
20194,train
20195,train
20196,train
20197,train
20198,val
20199,test
20200,val
20201,train
20202,train
20203,train
20204,train
20205,val
20206,train
20207,train
20208,test
20209,train
20210,train
20211,val
20212,train
20213,train
20214,val
20215,train
20216,train
20217,train
20218,test
20219,train
20220,train
20221,train
20222,val
20223,train
20224,train
20225,train
20226,train
20227,train
20228,train
20229,train
20230,val
20231,train
20232,train
20233,val
20234,train
20235,train
20236,train
20237,val
20238,val
20239,val
20240,test
20241,test
20242,train
20243,val
20244,train
20245,train
20246,train
20247,train
20248,train
20249,train
20250,train
20251,val
20252,train
20253,train
20254,train
20255,val
20256,train
20257,val
20258,train
20259,train
20260,train
20261,test
20262,train
20263,train
20264,train
20265,train
20266,train
20267,val
20268,train
20269,test
20270,train
20271,val
20272,test
20273,train
20274,val
20275,train
20276,train
20277,train
20278,test
20279,train
20280,train
20281,train
20282,train
20283,val
20284,train
20285,val
20286,train
20287,val
20288,train
20289,test
20290,train
20291,train
20292,train
20293,val
20294,train
20295,train
20296,train
20297,train
20298,train
20299,train
20300,test
20301,train
20302,train
20303,train
20304,val
20305,test
20306,val
20307,val
20308,train
20309,train
20310,test
20311,train
20312,train
20313,test
20314,train
20315,train
20316,train
20317,train
20318,train
20319,train
20320,train
20321,train
20322,train
20323,train
20324,test
20325,train
20326,train
20327,test
20328,train
20329,train
20330,test
20331,train
20332,train
20333,train
20334,val
20335,train
20336,test
20337,train
20338,train
20339,train
20340,train
20341,train
20342,train
20343,train
20344,train
20345,train
20346,train
20347,train
20348,train
20349,train
20350,train
20351,val
20352,test
20353,train
20354,train
20355,train
20356,train
20357,train
20358,val
20359,train
20360,train
20361,train
20362,train
20363,val
20364,train
20365,train
20366,train
20367,train
20368,train
20369,train
20370,train
20371,val
20372,test
20373,train
20374,train
20375,test
20376,val
20377,train
20378,train
20379,val
20380,train
20381,test
20382,train
20383,train
20384,train
20385,train
20386,train
20387,train
20388,val
20389,train
20390,val
20391,val
20392,train
20393,train
20394,train
20395,train
20396,train
20397,train
20398,train
20399,train
20400,train
20401,train
20402,train
20403,train
20404,train
20405,val
20406,train
20407,val
20408,train
20409,val
20410,train
20411,train
20412,test
20413,train
20414,train
20415,train
20416,train
20417,train
20418,train
20419,train
20420,train
20421,val
20422,test
20423,train
20424,val
20425,test
20426,train
20427,train
20428,test
20429,train
20430,test
20431,val
20432,train
20433,val
20434,val
20435,val
20436,test
20437,train
20438,train
20439,train
20440,train
20441,train
20442,train
20443,train
20444,test
20445,train
20446,train
20447,train
20448,train
20449,train
20450,test
20451,train
20452,val
20453,train
20454,train
20455,train
20456,train
20457,train
20458,train
20459,train
20460,train
20461,train
20462,train
20463,train
20464,train
20465,test
20466,test
20467,train
20468,train
20469,train
20470,test
20471,train
20472,train
20473,train
20474,train
20475,val
20476,val
20477,train
20478,val
20479,train
20480,train
20481,test
20482,train
20483,val
20484,train
20485,train
20486,train
20487,train
20488,train
20489,test
20490,train
20491,train
20492,train
20493,train
20494,train
20495,train
20496,train
20497,val
20498,train
20499,train
20500,train
20501,test
20502,test
20503,train
20504,train
20505,train
20506,val
20507,train
20508,val
20509,val
20510,train
20511,train
20512,test
20513,test
20514,train
20515,test
20516,train
20517,val
20518,train
20519,train
20520,train
20521,train
20522,train
20523,train
20524,train
20525,train
20526,val
20527,train
20528,test
20529,train
20530,train
20531,train
20532,val
20533,test
20534,val
20535,train
20536,train
20537,train
20538,train
20539,train
20540,train
20541,train
20542,test
20543,train
20544,test
20545,train
20546,train
20547,test
20548,train
20549,val
20550,val
20551,train
20552,train
20553,train
20554,test
20555,val
20556,train
20557,train
20558,val
20559,train
20560,train
20561,train
20562,train
20563,train
20564,train
20565,train
20566,val
20567,val
20568,train
20569,train
20570,train
20571,train
20572,train
20573,test
20574,val
20575,train
20576,train
20577,train
20578,train
20579,train
20580,train
20581,train
20582,train
20583,train
20584,train
20585,train
20586,train
20587,train
20588,train
20589,val
20590,train
20591,train
20592,train
20593,val
20594,train
20595,test
20596,train
20597,train
20598,test
20599,train
20600,val
20601,train
20602,test
20603,train
20604,val
20605,train
20606,train
20607,train
20608,train
20609,train
20610,train
20611,train
20612,train
20613,test
20614,train
20615,train
20616,test
20617,train
20618,train
20619,train
20620,train
20621,train
20622,train
20623,train
20624,train
20625,val
20626,train
20627,train
20628,test
20629,val
20630,train
20631,train
20632,train
20633,train
20634,test
20635,train
20636,train
20637,train
20638,train
20639,test
20640,train
20641,val
20642,train
20643,train
20644,train
20645,train
20646,train
20647,test
20648,val
20649,train
20650,train
20651,train
20652,test
20653,train
20654,train
20655,val
20656,train
20657,train
20658,train
20659,train
20660,val
20661,train
20662,train
20663,train
20664,train
20665,train
20666,train
20667,train
20668,train
20669,train
20670,train
20671,train
20672,train
20673,train
20674,train
20675,train
20676,train
20677,test
20678,val
20679,train
20680,train
20681,train
20682,val
20683,val
20684,val
20685,test
20686,test
20687,train
20688,train
20689,test
20690,val
20691,train
20692,train
20693,train
20694,train
20695,train
20696,train
20697,test
20698,train
20699,train
20700,train
20701,train
20702,train
20703,train
20704,val
20705,val
20706,train
20707,train
20708,train
20709,train
20710,test
20711,train
20712,train
20713,train
20714,train
20715,val
20716,train
20717,val
20718,train
20719,train
20720,test
20721,train
20722,train
20723,val
20724,val
20725,train
20726,train
20727,test
20728,test
20729,train
20730,val
20731,train
20732,train
20733,train
20734,test
20735,train
20736,train
20737,train
20738,train
20739,val
20740,train
20741,train
20742,train
20743,train
20744,val
20745,train
20746,train
20747,train
20748,train
20749,train
20750,train
20751,val
20752,test
20753,test
20754,train
20755,test
20756,train
20757,train
20758,train
20759,val
20760,train
20761,test
20762,val
20763,train
20764,train
20765,test
20766,train
20767,train
20768,train
20769,train
20770,train
20771,val
20772,test
20773,val
20774,train
20775,train
20776,train
20777,train
20778,val
20779,val
20780,train
20781,train
20782,test
20783,train
20784,train
20785,train
20786,train
20787,train
20788,train
20789,train
20790,train
20791,test
20792,train
20793,train
20794,train
20795,train
20796,train
20797,val
20798,train
20799,train
20800,train
20801,val
20802,train
20803,test
20804,test
20805,train
20806,train
20807,train
20808,train
20809,test
20810,train
20811,train
20812,train
20813,val
20814,train
20815,train
20816,train
20817,test
20818,train
20819,train
20820,train
20821,train
20822,test
20823,train
20824,test
20825,val
20826,val
20827,train
20828,train
20829,test
20830,val
20831,train
20832,train
20833,train
20834,test
20835,test
20836,train
20837,train
20838,train
20839,train
20840,train
20841,test
20842,train
20843,train
20844,train
20845,test
20846,train
20847,train
20848,train
20849,val
20850,test
20851,test
20852,test
20853,val
20854,train
20855,train
20856,train
20857,train
20858,val
20859,val
20860,train
20861,train
20862,train
20863,train
20864,train
20865,train
20866,train
20867,train
20868,train
20869,train
20870,train
20871,val
20872,train
20873,train
20874,train
20875,train
20876,train
20877,train
20878,test
20879,val
20880,test
20881,test
20882,train
20883,train
20884,train
20885,train
20886,val
20887,train
20888,train
20889,val
20890,val
20891,test
20892,train
20893,val
20894,train
20895,train
20896,train
20897,test
20898,train
20899,train
20900,train
20901,test
20902,train
20903,val
20904,train
20905,test
20906,train
20907,train
20908,train
20909,train
20910,train
20911,train
20912,train
20913,test
20914,test
20915,val
20916,train
20917,test
20918,train
20919,train
20920,val
20921,train
20922,val
20923,train
20924,train
20925,train
20926,train
20927,train
20928,train
20929,train
20930,train
20931,train
20932,test
20933,train
20934,train
20935,train
20936,train
20937,test
20938,train
20939,train
20940,train
20941,train
20942,train
20943,val
20944,train
20945,train
20946,train
20947,train
20948,train
20949,train
20950,train
20951,test
20952,train
20953,train
20954,val
20955,train
20956,train
20957,train
20958,train
20959,train
20960,train
20961,test
20962,train
20963,train
20964,train
20965,train
20966,train
20967,test
20968,train
20969,train
20970,train
20971,train
20972,train
20973,train
20974,train
20975,train
20976,train
20977,train
20978,train
20979,train
20980,train
20981,train
20982,train
20983,val
20984,train
20985,train
20986,train
20987,train
20988,train
20989,train
20990,train
20991,test
20992,train
20993,train
20994,train
20995,val
20996,val
20997,test
20998,train
20999,train
21000,val
21001,train
21002,train
21003,train
21004,val
21005,val
21006,val
21007,train
21008,train
21009,train
21010,train
21011,train
21012,train
21013,train
21014,test
21015,val
21016,train
21017,test
21018,train
21019,train
21020,train
21021,val
21022,test
21023,val
21024,train
21025,test
21026,train
21027,val
21028,train
21029,test
21030,train
21031,train
21032,train
21033,train
21034,train
21035,val
21036,train
21037,train
21038,train
21039,train
21040,train
21041,train
21042,val
21043,val
21044,train
21045,train
21046,train
21047,test
21048,train
21049,train
21050,train
21051,train
21052,train
21053,train
21054,train
21055,val
21056,train
21057,test
21058,train
21059,train
21060,train
21061,test
21062,val
21063,train
21064,train
21065,train
21066,train
21067,train
21068,train
21069,train
21070,train
21071,test
21072,train
21073,train
21074,train
21075,train
21076,train
21077,train
21078,train
21079,val
21080,train
21081,val
21082,val
21083,val
21084,train
21085,val
21086,train
21087,train
21088,test
21089,train
21090,test
21091,test
21092,test
21093,train
21094,val
21095,train
21096,train
21097,test
21098,train
21099,train
21100,val
21101,test
21102,val
21103,train
21104,train
21105,train
21106,train
21107,train
21108,train
21109,test
21110,train
21111,train
21112,train
21113,train
21114,val
21115,test
21116,train
21117,train
21118,train
21119,train
21120,train
21121,train
21122,train
21123,train
21124,train
21125,train
21126,val
21127,train
21128,train
21129,train
21130,train
21131,train
21132,train
21133,val
21134,train
21135,train
21136,train
21137,test
21138,train
21139,val
21140,train
21141,train
21142,train
21143,train
21144,test
21145,train
21146,train
21147,train
21148,test
21149,train
21150,train
21151,val
21152,train
21153,train
21154,train
21155,train
21156,train
21157,train
21158,train
21159,val
21160,train
21161,train
21162,test
21163,val
21164,train
21165,train
21166,val
21167,train
21168,train
21169,val
21170,test
21171,val
21172,train
21173,test
21174,test
21175,train
21176,train
21177,test
21178,train
21179,train
21180,test
21181,val
21182,train
21183,train
21184,val
21185,train
21186,train
21187,test
21188,test
21189,train
21190,train
21191,val
21192,train
21193,train
21194,train
21195,train
21196,train
21197,val
21198,train
21199,test
21200,val
21201,train
21202,test
21203,train
21204,train
21205,test
21206,train
21207,val
21208,train
21209,test
21210,train
21211,test
21212,val
21213,val
21214,val
21215,test
21216,train
21217,test
21218,train
21219,val
21220,train
21221,test
21222,train
21223,test
21224,train
21225,val
21226,train
21227,train
21228,train
21229,train
21230,train
21231,val
21232,val
21233,val
21234,train
21235,train
21236,train
21237,train
21238,train
21239,train
21240,train
21241,val
21242,train
21243,train
21244,train
21245,train
21246,train
21247,train
21248,train
21249,train
21250,train
21251,val
21252,train
21253,train
21254,train
21255,train
21256,train
21257,train
21258,test
21259,train
21260,train
21261,train
21262,train
21263,test
21264,train
21265,train
21266,val
21267,train
21268,test
21269,test
21270,train
21271,test
21272,train
21273,test
21274,train
21275,test
21276,train
21277,train
21278,train
21279,test
21280,train
21281,val
21282,train
21283,val
21284,train
21285,train
21286,test
21287,val
21288,train
21289,test
21290,train
21291,test
21292,train
21293,train
21294,val
21295,train
21296,train
21297,train
21298,train
21299,train
21300,train
21301,train
21302,val
21303,train
21304,train
21305,train
21306,train
21307,train
21308,train
21309,val
21310,val
21311,test
21312,train
21313,train
21314,train
21315,train
21316,val
21317,train
21318,val
21319,train
21320,train
21321,val
21322,train
21323,train
21324,test
21325,test
21326,train
21327,val
21328,train
21329,test
21330,train
21331,train
21332,train
21333,train
21334,train
21335,val
21336,train
21337,train
21338,train
21339,train
21340,train
21341,train
21342,val
21343,train
21344,train
21345,train
21346,val
21347,train
21348,train
21349,train
21350,train
21351,test
21352,val
21353,val
21354,train
21355,train
21356,train
21357,train
21358,train
21359,train
21360,train
21361,test
21362,train
21363,train
21364,train
21365,train
21366,train
21367,test
21368,train
21369,train
21370,train
21371,train
21372,test
21373,train
21374,test
21375,train
21376,val
21377,train
21378,val
21379,train
21380,train
21381,train
21382,train
21383,train
21384,train
21385,val
21386,train
21387,train
21388,train
21389,train
21390,train
21391,train
21392,val
21393,train
21394,train
21395,val
21396,test
21397,train
21398,train
21399,train
21400,val
21401,train
21402,train
21403,train
21404,test
21405,train
21406,train
21407,train
21408,train
21409,train
21410,train
21411,train
21412,train
21413,val
21414,val
21415,train
21416,train
21417,train
21418,train
21419,train
21420,test
21421,train
21422,train
21423,train
21424,train
21425,val
21426,train
21427,train
21428,test
21429,train
21430,train
21431,train
21432,val
21433,test
21434,train
21435,train
21436,train
21437,train
21438,train
21439,train
21440,val
21441,train
21442,train
21443,train
21444,test
21445,val
21446,train
21447,train
21448,test
21449,train
21450,train
21451,val
21452,val
21453,train
21454,val
21455,train
21456,train
21457,train
21458,train
21459,test
21460,train
21461,test
21462,val
21463,train
21464,train
21465,train
21466,train
21467,train
21468,train
21469,train
21470,train
21471,val
21472,train
21473,train
21474,train
21475,test
21476,train
21477,train
21478,train
21479,test
21480,train
21481,test
21482,train
21483,train
21484,train
21485,train
21486,train
21487,val
21488,train
21489,train
21490,train
21491,train
21492,train
21493,val
21494,test
21495,train
21496,train
21497,val
21498,train
21499,train
21500,train
21501,val
21502,train
21503,train
21504,train
21505,train
21506,train
21507,train
21508,val
21509,val
21510,train
21511,val
21512,train
21513,train
21514,train
21515,train
21516,val
21517,train
21518,train
21519,train
21520,val
21521,val
21522,train
21523,val
21524,train
21525,train
21526,train
21527,train
21528,train
21529,train
21530,train
21531,val
21532,train
21533,val
21534,train
21535,train
21536,train
21537,train
21538,train
21539,val
21540,test
21541,train
21542,train
21543,test
21544,train
21545,train
21546,train
21547,train
21548,train
21549,test
21550,train
21551,test
21552,val
21553,train
21554,train
21555,train
21556,train
21557,val
21558,train
21559,train
21560,train
21561,train
21562,val
21563,train
21564,train
21565,val
21566,train
21567,train
21568,test
21569,train
21570,test
21571,train
21572,val
21573,train
21574,train
21575,test
21576,train
21577,val
21578,train
21579,train
21580,train
21581,train
21582,train
21583,train
21584,train
21585,train
21586,train
21587,train
21588,train
21589,train
21590,train
21591,train
21592,train
21593,train
21594,test
21595,train
21596,test
21597,train
21598,train
21599,train
21600,train
21601,train
21602,train
21603,test
21604,val
21605,train
21606,val
21607,test
21608,train
21609,train
21610,train
21611,val
21612,train
21613,train
21614,train
21615,train
21616,train
21617,train
21618,train
21619,test
21620,train
21621,val
21622,val
21623,val
21624,train
21625,test
21626,train
21627,train
21628,test
21629,train
21630,train
21631,train
21632,test
21633,train
21634,val
21635,train
21636,train
21637,train
21638,train
21639,val
21640,val
21641,train
21642,train
21643,train
21644,train
21645,train
21646,train
21647,train
21648,train
21649,test
21650,train
21651,train
21652,val
21653,train
21654,train
21655,train
21656,val
21657,val
21658,train
21659,train
21660,train
21661,train
21662,train
21663,train
21664,train
21665,train
21666,val
21667,train
21668,train
21669,test
21670,train
21671,train
21672,train
21673,test
21674,test
21675,train
21676,train
21677,train
21678,train
21679,val
21680,train
21681,val
21682,train
21683,train
21684,train
21685,train
21686,train
21687,train
21688,train
21689,train
21690,train
21691,train
21692,train
21693,test
21694,train
21695,train
21696,train
21697,train
21698,train
21699,train
21700,train
21701,train
21702,val
21703,train
21704,test
21705,train
21706,train
21707,train
21708,train
21709,train
21710,test
21711,train
21712,val
21713,train
21714,val
21715,train
21716,test
21717,train
21718,train
21719,train
21720,val
21721,train
21722,train
21723,train
21724,test
21725,train
21726,train
21727,train
21728,train
21729,train
21730,train
21731,train
21732,val
21733,val
21734,train
21735,train
21736,train
21737,train
21738,val
21739,train
21740,train
21741,train
21742,train
21743,val
21744,test
21745,train
21746,train
21747,train
21748,val
21749,train
21750,val
21751,train
21752,train
21753,train
21754,train
21755,train
21756,val
21757,val
21758,test
21759,train
21760,train
21761,test
21762,train
21763,train
21764,train
21765,train
21766,val
21767,train
21768,train
21769,train
21770,train
21771,train
21772,val
21773,test
21774,val
21775,train
21776,train
21777,train
21778,train
21779,train
21780,train
21781,train
21782,train
21783,train
21784,train
21785,test
21786,train
21787,val
21788,train
21789,train
21790,train
21791,test
21792,train
21793,train
21794,val
21795,val
21796,train
21797,val
21798,train
21799,train
21800,val
21801,train
21802,train
21803,train
21804,train
21805,train
21806,train
21807,test
21808,val
21809,train
21810,train
21811,train
21812,train
21813,train
21814,train
21815,train
21816,train
21817,val
21818,train
21819,test
21820,train
21821,test
21822,test
21823,train
21824,test
21825,val
21826,train
21827,train
21828,train
21829,train
21830,train
21831,val
21832,train
21833,train
21834,train
21835,train
21836,train
21837,train
21838,train
21839,test
21840,val
21841,test
21842,train
21843,train
21844,train
21845,train
21846,train
21847,train
21848,train
21849,train
21850,test
21851,train
21852,train
21853,train
21854,train
21855,val
21856,train
21857,train
21858,train
21859,val
21860,train
21861,train
21862,train
21863,train
21864,train
21865,train
21866,train
21867,test
21868,val
21869,val
21870,train
21871,train
21872,val
21873,train
21874,train
21875,train
21876,train
21877,val
21878,train
21879,train
21880,val
21881,train
21882,train
21883,train
21884,train
21885,train
21886,test
21887,test
21888,val
21889,train
21890,train
21891,test
21892,test
21893,test
21894,train
21895,train
21896,train
21897,train
21898,test
21899,train
21900,train
21901,test
21902,train
21903,train
21904,test
21905,train
21906,train
21907,train
21908,train
21909,train
21910,train
21911,train
21912,test
21913,test
21914,train
21915,train
21916,train
21917,train
21918,train
21919,test
21920,train
21921,train
21922,val
21923,train
21924,train
21925,train
21926,test
21927,train
21928,train
21929,train
21930,train
21931,test
21932,train
21933,train
21934,train
21935,train
21936,train
21937,train
21938,train
21939,val
21940,train
21941,train
21942,test
21943,train
21944,train
21945,train
21946,val
21947,val
21948,train
21949,train
21950,val
21951,train
21952,test
21953,test
21954,test
21955,test
21956,test
21957,train
21958,test
21959,train
21960,test
21961,val
21962,train
21963,val
21964,train
21965,train
21966,val
21967,train
21968,train
21969,train
21970,val
21971,train
21972,train
21973,train
21974,train
21975,train
21976,train
21977,train
21978,test
21979,val
21980,train
21981,train
21982,train
21983,train
21984,test
21985,train
21986,train
21987,train
21988,train
21989,train
21990,train
21991,train
21992,test
21993,train
21994,train
21995,train
21996,train
21997,train
21998,train
21999,train
22000,train
22001,val
22002,train
22003,val
22004,test
22005,test
22006,train
22007,train
22008,train
22009,train
22010,train
22011,train
22012,train
22013,train
22014,train
22015,val
22016,test
22017,val
22018,train
22019,train
22020,train
22021,train
22022,train
22023,train
22024,train
22025,train
22026,train
22027,test
22028,train
22029,train
22030,train
22031,train
22032,train
22033,val
22034,train
22035,train
22036,train
22037,train
22038,train
22039,test
22040,train
22041,train
22042,train
22043,train
22044,test
22045,train
22046,train
22047,train
22048,train
22049,train
22050,train
22051,train
22052,train
22053,train
22054,train
22055,train
22056,train
22057,train
22058,train
22059,train
22060,test
22061,train
22062,train
22063,train
22064,train
22065,train
22066,train
22067,val
22068,val
22069,train
22070,train
22071,train
22072,test
22073,test
22074,train
22075,train
22076,test
22077,test
22078,train
22079,train
22080,train
22081,train
22082,test
22083,train
22084,train
22085,train
22086,train
22087,train
22088,train
22089,test
22090,val
22091,train
22092,train
22093,test
22094,train
22095,train
22096,train
22097,train
22098,test
22099,train
22100,val
22101,train
22102,train
22103,test
22104,train
22105,test
22106,train
22107,train
22108,train
22109,test
22110,train
22111,test
22112,train
22113,test
22114,val
22115,val
22116,train
22117,train
22118,train
22119,test
22120,train
22121,train
22122,train
22123,test
22124,train
22125,val
22126,train
22127,test
22128,train
22129,train
22130,test
22131,test
22132,train
22133,train
22134,test
22135,train
22136,test
22137,train
22138,train
22139,train
22140,val
22141,train
22142,train
22143,train
22144,train
22145,train
22146,train
22147,train
22148,train
22149,train
22150,train
22151,train
22152,train
22153,train
22154,train
22155,train
22156,train
22157,train
22158,test
22159,train
22160,train
22161,val
22162,val
22163,train
22164,test
22165,train
22166,train
22167,train
22168,train
22169,train
22170,train
22171,train
22172,train
22173,val
22174,test
22175,train
22176,train
22177,train
22178,train
22179,train
22180,test
22181,train
22182,train
22183,val
22184,train
22185,train
22186,train
22187,train
22188,test
22189,test
22190,test
22191,train
22192,train
22193,val
22194,train
22195,train
22196,test
22197,test
22198,test
22199,train
22200,train
22201,train
22202,train
22203,train
22204,train
22205,train
22206,train
22207,val
22208,val
22209,test
22210,train
22211,train
22212,val
22213,train
22214,train
22215,val
22216,val
22217,val
22218,test
22219,val
22220,train
22221,test
22222,test
22223,train
22224,train
22225,train
22226,train
22227,train
22228,train
22229,train
22230,train
22231,val
22232,train
22233,val
22234,train
22235,train
22236,train
22237,train
22238,test
22239,val
22240,train
22241,test
22242,train
22243,train
22244,train
22245,val
22246,train
22247,train
22248,train
22249,train
22250,train
22251,test
22252,train
22253,train
22254,train
22255,val
22256,test
22257,train
22258,train
22259,test
22260,test
22261,train
22262,train
22263,train
22264,train
22265,test
22266,test
22267,test
22268,train
22269,train
22270,test
22271,train
22272,train
22273,train
22274,val
22275,train
22276,train
22277,train
22278,val
22279,train
22280,val
22281,val
22282,train
22283,train
22284,train
22285,val
22286,val
22287,train
22288,train
22289,train
22290,val
22291,val
22292,test
22293,val
22294,train
22295,train
22296,test
22297,val
22298,test
22299,train
22300,train
22301,val
22302,test
22303,train
22304,train
22305,val
22306,train
22307,test
22308,val
22309,val
22310,train
22311,train
22312,train
22313,train
22314,test
22315,test
22316,train
22317,train
22318,test
22319,test
22320,train
22321,train
22322,train
22323,train
22324,val
22325,train
22326,train
22327,train
22328,train
22329,train
22330,train
22331,train
22332,train
22333,val
22334,test
22335,train
22336,test
22337,train
22338,train
22339,train
22340,train
22341,train
22342,train
22343,test
22344,train
22345,train
22346,train
22347,train
22348,train
22349,train
22350,val
22351,train
22352,train
22353,test
22354,train
22355,train
22356,test
22357,train
22358,val
22359,train
22360,train
22361,train
22362,train
22363,train
22364,train
22365,val
22366,train
22367,train
22368,train
22369,train
22370,val
22371,test
22372,train
22373,test
22374,train
22375,train
22376,train
22377,train
22378,test
22379,val
22380,train
22381,train
22382,train
22383,train
22384,val
22385,train
22386,train
22387,train
22388,train
22389,val
22390,val
22391,val
22392,test
22393,train
22394,train
22395,train
22396,train
22397,train
22398,train
22399,train
22400,train
22401,test
22402,val
22403,train
22404,test
22405,test
22406,test
22407,train
22408,train
22409,train
22410,train
22411,train
22412,train
22413,train
22414,train
22415,train
22416,train
22417,val
22418,train
22419,val
22420,train
22421,train
22422,val
22423,train
22424,train
22425,test
22426,train
22427,train
22428,train
22429,val
22430,train
22431,train
22432,test
22433,val
22434,train
22435,train
22436,val
22437,test
22438,train
22439,train
22440,train
22441,train
22442,train
22443,val
22444,val
22445,train
22446,train
22447,train
22448,test
22449,train
22450,val
22451,train
22452,train
22453,val
22454,train
22455,val
22456,train
22457,val
22458,train
22459,test
22460,train
22461,train
22462,train
22463,train
22464,train
22465,test
22466,train
22467,train
22468,val
22469,train
22470,val
22471,test
22472,train
22473,train
22474,train
22475,val
22476,train
22477,test
22478,test
22479,val
22480,train
22481,train
22482,train
22483,train
22484,train
22485,train
22486,train
22487,train
22488,train
22489,train
22490,test
22491,train
22492,val
22493,train
22494,val
22495,train
22496,train
22497,test
22498,val
22499,val
22500,train
22501,train
22502,train
22503,train
22504,train
22505,val
22506,train
22507,val
22508,train
22509,train
22510,train
22511,train
22512,test
22513,test
22514,train
22515,test
22516,test
22517,test
22518,train
22519,train
22520,train
22521,train
22522,val
22523,val
22524,train
22525,train
22526,train
22527,val
22528,val
22529,val
22530,train
22531,train
22532,train
22533,train
22534,test
22535,train
22536,test
22537,train
22538,train
22539,test
22540,val
22541,train
22542,val
22543,train
22544,train
22545,test
22546,train
22547,val
22548,train
22549,val
22550,train
22551,train
22552,train
22553,train
22554,test
22555,val
22556,train
22557,train
22558,train
22559,train
22560,val
22561,train
22562,train
22563,train
22564,val
22565,test
22566,test
22567,train
22568,train
22569,train
22570,test
22571,test
22572,train
22573,train
22574,train
22575,train
22576,train
22577,val
22578,val
22579,val
22580,train
22581,train
22582,val
22583,test
22584,val
22585,test
22586,train
22587,test
22588,train
22589,train
22590,train
22591,train
22592,val
22593,test
22594,train
22595,train
22596,train
22597,test
22598,train
22599,val
22600,train
22601,train
22602,train
22603,train
22604,train
22605,val
22606,train
22607,val
22608,train
22609,train
22610,train
22611,train
22612,train
22613,train
22614,train
22615,train
22616,train
22617,val
22618,train
22619,train
22620,train
22621,val
22622,val
22623,train
22624,val
22625,train
22626,train
22627,train
22628,train
22629,train
22630,train
22631,train
22632,train
22633,train
22634,train
22635,train
22636,train
22637,train
22638,test
22639,test
22640,test
22641,train
22642,train
22643,train
22644,train
22645,train
22646,test
22647,train
22648,train
22649,train
22650,test
22651,train
22652,train
22653,train
22654,val
22655,train
22656,train
22657,train
22658,train
22659,train
22660,val
22661,train
22662,train
22663,train
22664,train
22665,train
22666,train
22667,train
22668,val
22669,train
22670,train
22671,train
22672,train
22673,train
22674,train
22675,train
22676,train
22677,train
22678,train
22679,train
22680,train
22681,val
22682,train
22683,train
22684,test
22685,train
22686,train
22687,train
22688,val
22689,train
22690,train
22691,train
22692,train
22693,test
22694,test
22695,train
22696,val
22697,train
22698,test
22699,test
22700,train
22701,test
22702,val
22703,test
22704,train
22705,train
22706,train
22707,val
22708,val
22709,train
22710,test
22711,train
22712,test
22713,val
22714,train
22715,train
22716,val
22717,test
22718,train
22719,test
22720,train
22721,train
22722,train
22723,train
22724,train
22725,train
22726,train
22727,train
22728,train
22729,val
22730,train
22731,val
22732,val
22733,train
22734,train
22735,val
22736,val
22737,test
22738,train
22739,train
22740,train
22741,train
22742,train
22743,train
22744,train
22745,train
22746,val
22747,train
22748,test
22749,train
22750,train
22751,train
22752,train
22753,train
22754,train
22755,train
22756,test
22757,train
22758,train
22759,train
22760,test
22761,val
22762,test
22763,train
22764,train
22765,train
22766,train
22767,train
22768,train
22769,train
22770,train
22771,val
22772,test
22773,train
22774,train
22775,val
22776,val
22777,train
22778,train
22779,train
22780,test
22781,test
22782,train
22783,val
22784,val
22785,train
22786,train
22787,train
22788,train
22789,train
22790,val
22791,test
22792,train
22793,train
22794,train
22795,test
22796,train
22797,train
22798,train
22799,train
22800,train
22801,train
22802,train
22803,test
22804,train
22805,val
22806,train
22807,train
22808,test
22809,val
22810,train
22811,train
22812,val
22813,train
22814,train
22815,train
22816,test
22817,val
22818,train
22819,train
22820,val
22821,train
22822,train
22823,train
22824,train
22825,train
22826,train
22827,train
22828,train
22829,train
22830,train
22831,test
22832,val
22833,train
22834,test
22835,test
22836,val
22837,train
22838,train
22839,train
22840,train
22841,train
22842,train
22843,train
22844,train
22845,val
22846,train
22847,train
22848,test
22849,train
22850,train
22851,test
22852,train
22853,train
22854,train
22855,train
22856,train
22857,train
22858,train
22859,train
22860,val
22861,train
22862,val
22863,train
22864,train
22865,train
22866,val
22867,train
22868,train
22869,test
22870,train
22871,test
22872,train
22873,train
22874,train
22875,val
22876,test
22877,train
22878,train
22879,train
22880,train
22881,train
22882,train
22883,train
22884,test
22885,train
22886,val
22887,train
22888,train
22889,train
22890,test
22891,val
22892,train
22893,test
22894,test
22895,val
22896,test
22897,train
22898,train
22899,train
22900,test
22901,train
22902,train
22903,test
22904,test
22905,train
22906,test
22907,train
22908,train
22909,test
22910,train
22911,test
22912,train
22913,train
22914,val
22915,val
22916,val
22917,train
22918,train
22919,train
22920,train
22921,train
22922,train
22923,train
22924,test
22925,train
22926,train
22927,train
22928,train
22929,train
22930,test
22931,train
22932,train
22933,train
22934,train
22935,train
22936,test
22937,test
22938,val
22939,train
22940,val
22941,val
22942,val
22943,test
22944,val
22945,train
22946,train
22947,test
22948,train
22949,val
22950,train
22951,test
22952,train
22953,train
22954,train
22955,train
22956,test
22957,train
22958,train
22959,test
22960,train
22961,train
22962,val
22963,train
22964,train
22965,train
22966,val
22967,train
22968,train
22969,train
22970,train
22971,test
22972,train
22973,train
22974,train
22975,train
22976,train
22977,val
22978,train
22979,val
22980,train
22981,train
22982,train
22983,train
22984,train
22985,train
22986,train
22987,train
22988,train
22989,val
22990,train
22991,test
22992,train
22993,train
22994,train
22995,train
22996,train
22997,test
22998,val
22999,train
23000,test
23001,train
23002,train
23003,test
23004,train
23005,train
23006,train
23007,test
23008,train
23009,train
23010,train
23011,train
23012,train
23013,train
23014,train
23015,train
23016,train
23017,train
23018,train
23019,val
23020,train
23021,test
23022,train
23023,train
23024,train
23025,train
23026,test
23027,train
23028,val
23029,train
23030,test
23031,train
23032,test
23033,train
23034,val
23035,test
23036,train
23037,train
23038,train
23039,train
23040,train
23041,val
23042,train
23043,val
23044,train
23045,train
23046,test
23047,train
23048,train
23049,test
23050,train
23051,test
23052,val
23053,test
23054,train
23055,train
23056,train
23057,train
23058,train
23059,val
23060,train
23061,test
23062,train
23063,train
23064,train
23065,train
23066,train
23067,val
23068,val
23069,train
23070,train
23071,train
23072,train
23073,train
23074,train
23075,train
23076,train
23077,train
23078,train
23079,train
23080,test
23081,train
23082,train
23083,test
23084,train
23085,test
23086,train
23087,test
23088,train
23089,val
23090,train
23091,train
23092,val
23093,train
23094,train
23095,train
23096,train
23097,train
23098,train
23099,train
23100,train
23101,train
23102,train
23103,train
23104,train
23105,test
23106,test
23107,train
23108,val
23109,train
23110,train
23111,train
23112,val
23113,train
23114,train
23115,train
23116,test
23117,test
23118,train
23119,train
23120,train
23121,train
23122,test
23123,train
23124,train
23125,train
23126,train
23127,train
23128,train
23129,train
23130,train
23131,train
23132,val
23133,train
23134,train
23135,val
23136,test
23137,val
23138,train
23139,train
23140,train
23141,train
23142,train
23143,train
23144,train
23145,train
23146,train
23147,test
23148,train
23149,train
23150,train
23151,train
23152,train
23153,train
23154,test
23155,train
23156,train
23157,train
23158,train
23159,train
23160,test
23161,train
23162,train
23163,train
23164,val
23165,test
23166,train
23167,val
23168,train
23169,train
23170,val
23171,val
23172,train
23173,train
23174,test
23175,val
23176,val
23177,train
23178,train
23179,val
23180,train
23181,train
23182,train
23183,train
23184,train
23185,test
23186,train
23187,test
23188,train
23189,train
23190,train
23191,val
23192,train
23193,val
23194,train
23195,train
23196,train
23197,val
23198,val
23199,test
23200,train
23201,train
23202,train
23203,train
23204,train
23205,test
23206,test
23207,train
23208,train
23209,train
23210,train
23211,test
23212,train
23213,test
23214,train
23215,train
23216,train
23217,train
23218,test
23219,train
23220,test
23221,train
23222,val
23223,train
23224,train
23225,train
23226,train
23227,train
23228,train
23229,train
23230,train
23231,val
23232,val
23233,test
23234,train
23235,test
23236,train
23237,test
23238,train
23239,train
23240,test
23241,train
23242,val
23243,test
23244,val
23245,val
23246,val
23247,train
23248,val
23249,test
23250,train
23251,train
23252,test
23253,train
23254,test
23255,val
23256,train
23257,train
23258,test
23259,val
23260,train
23261,train
23262,test
23263,train
23264,train
23265,val
23266,train
23267,train
23268,train
23269,test
23270,train
23271,train
23272,train
23273,train
23274,train
23275,train
23276,train
23277,val
23278,train
23279,train
23280,train
23281,val
23282,train
23283,train
23284,val
23285,train
23286,val
23287,train
23288,test
23289,train
23290,train
23291,train
23292,val
23293,test
23294,val
23295,train
23296,train
23297,train
23298,train
23299,val
23300,train
23301,train
23302,train
23303,test
23304,train
23305,train
23306,test
23307,train
23308,train
23309,train
23310,train
23311,train
23312,train
23313,train
23314,train
23315,train
23316,test
23317,train
23318,train
23319,train
23320,train
23321,train
23322,train
23323,train
23324,train
23325,val
23326,val
23327,train
23328,test
23329,train
23330,train
23331,test
23332,train
23333,train
23334,train
23335,val
23336,train
23337,train
23338,train
23339,test
23340,train
23341,train
23342,test
23343,train
23344,train
23345,train
23346,train
23347,train
23348,val
23349,train
23350,test
23351,train
23352,test
23353,test
23354,val
23355,val
23356,test
23357,train
23358,val
23359,val
23360,val
23361,val
23362,test
23363,train
23364,train
23365,train
23366,train
23367,test
23368,test
23369,train
23370,val
23371,train
23372,train
23373,train
23374,train
23375,train
23376,train
23377,train
23378,val
23379,train
23380,train
23381,train
23382,train
23383,val
23384,train
23385,train
23386,train
23387,test
23388,train
23389,train
23390,train
23391,train
23392,train
23393,train
23394,train
23395,train
23396,train
23397,train
23398,train
23399,train
23400,train
23401,train
23402,test
23403,train
23404,train
23405,train
23406,train
23407,test
23408,train
23409,val
23410,test
23411,train
23412,test
23413,train
23414,train
23415,train
23416,train
23417,train
23418,val
23419,val
23420,test
23421,train
23422,train
23423,train
23424,train
23425,train
23426,train
23427,val
23428,train
23429,train
23430,train
23431,train
23432,train
23433,train
23434,train
23435,train
23436,train
23437,train
23438,train
23439,test
23440,train
23441,train
23442,train
23443,val
23444,train
23445,test
23446,val
23447,test
23448,train
23449,test
23450,test
23451,train
23452,train
23453,train
23454,train
23455,train
23456,train
23457,val
23458,test
23459,train
23460,train
23461,train
23462,train
23463,train
23464,train
23465,train
23466,val
23467,train
23468,train
23469,val
23470,train
23471,train
23472,train
23473,test
23474,train
23475,train
23476,train
23477,train
23478,train
23479,val
23480,test
23481,train
23482,train
23483,train
23484,train
23485,val
23486,train
23487,train
23488,train
23489,train
23490,train
23491,train
23492,test
23493,train
23494,train
23495,val
23496,train
23497,train
23498,val
23499,train
23500,train
23501,train
23502,val
23503,test
23504,train
23505,train
23506,train
23507,test
23508,val
23509,val
23510,train
23511,train
23512,train
23513,train
23514,train
23515,val
23516,train
23517,train
23518,train
23519,train
23520,test
23521,val
23522,train
23523,val
23524,train
23525,train
23526,val
23527,train
23528,train
23529,val
23530,train
23531,train
23532,val
23533,val
23534,train
23535,train
23536,val
23537,train
23538,train
23539,val
23540,val
23541,val
23542,train
23543,test
23544,train
23545,train
23546,train
23547,train
23548,val
23549,val
23550,val
23551,test
23552,train
23553,val
23554,test
23555,val
23556,train
23557,train
23558,val
23559,train
23560,test
23561,train
23562,train
23563,test
23564,train
23565,train
23566,train
23567,train
23568,train
23569,train
23570,train
23571,train
23572,train
23573,train
23574,train
23575,train
23576,train
23577,test
23578,train
23579,train
23580,train
23581,train
23582,train
23583,test
23584,train
23585,train
23586,train
23587,train
23588,train
23589,train
23590,val
23591,train
23592,train
23593,train
23594,train
23595,train
23596,train
23597,train
23598,train
23599,train
23600,test
23601,test
23602,val
23603,test
23604,train
23605,train
23606,train
23607,train
23608,train
23609,train
23610,train
23611,test
23612,train
23613,train
23614,val
23615,test
23616,train
23617,train
23618,train
23619,train
23620,train
23621,train
23622,train
23623,val
23624,train
23625,train
23626,train
23627,train
23628,train
23629,test
23630,train
23631,train
23632,test
23633,test
23634,train
23635,val
23636,train
23637,train
23638,train
23639,val
23640,train
23641,train
23642,train
23643,train
23644,test
23645,test
23646,train
23647,train
23648,train
23649,train
23650,train
23651,test
23652,train
23653,train
23654,train
23655,train
23656,train
23657,train
23658,train
23659,train
23660,train
23661,train
23662,train
23663,train
23664,train
23665,train
23666,train
23667,train
23668,test
23669,train
23670,train
23671,train
23672,val
23673,train
23674,val
23675,val
23676,train
23677,train
23678,train
23679,train
23680,train
23681,train
23682,train
23683,train
23684,train
23685,train
23686,train
23687,train
23688,train
23689,train
23690,test
23691,train
23692,train
23693,val
23694,test
23695,train
23696,val
23697,test
23698,train
23699,test
23700,train
23701,train
23702,train
23703,train
23704,train
23705,train
23706,train
23707,train
23708,train
23709,train
23710,train
23711,train
23712,test
23713,val
23714,train
23715,test
23716,train
23717,test
23718,val
23719,train
23720,train
23721,train
23722,train
23723,test
23724,train
23725,val
23726,test
23727,train
23728,train
23729,train
23730,test
23731,train
23732,train
23733,test
23734,train
23735,train
23736,train
23737,test
23738,train
23739,train
23740,train
23741,train
23742,train
23743,train
23744,test
23745,train
23746,train
23747,val
23748,val
23749,test
23750,train
23751,train
23752,train
23753,train
23754,train
23755,test
23756,test
23757,val
23758,train
23759,val
23760,train
23761,train
23762,train
23763,train
23764,test
23765,test
23766,train
23767,train
23768,train
23769,train
23770,train
23771,train
23772,train
23773,train
23774,test
23775,val
23776,val
23777,train
23778,test
23779,test
23780,train
23781,val
23782,val
23783,train
23784,train
23785,train
23786,val
23787,val
23788,val
23789,train
23790,train
23791,train
23792,test
23793,val
23794,train
23795,train
23796,train
23797,train
23798,test
23799,train
23800,train
23801,train
23802,val
23803,test
23804,train
23805,test
23806,val
23807,train
23808,val
23809,train
23810,train
23811,train
23812,train
23813,train
23814,train
23815,train
23816,train
23817,train
23818,val
23819,train
23820,test
23821,train
23822,test
23823,train
23824,train
23825,train
23826,train
23827,train
23828,train
23829,test
23830,train
23831,test
23832,test
23833,val
23834,train
23835,test
23836,train
23837,test
23838,train
23839,train
23840,train
23841,train
23842,train
23843,train
23844,train
23845,val
23846,train
23847,train
23848,train
23849,train
23850,train
23851,train
23852,train
23853,train
23854,val
23855,val
23856,val
23857,test
23858,test
23859,train
23860,val
23861,train
23862,train
23863,val
23864,train
23865,train
23866,train
23867,test
23868,train
23869,train
23870,train
23871,train
23872,test
23873,train
23874,train
23875,train
23876,train
23877,test
23878,train
23879,train
23880,train
23881,test
23882,train
23883,val
23884,train
23885,train
23886,train
23887,train
23888,train
23889,train
23890,train
23891,test
23892,train
23893,train
23894,train
23895,val
23896,val
23897,train
23898,train
23899,train
23900,test
23901,train
23902,test
23903,train
23904,train
23905,train
23906,test
23907,test
23908,train
23909,train
23910,train
23911,test
23912,train
23913,train
23914,train
23915,val
23916,train
23917,test
23918,train
23919,val
23920,train
23921,train
23922,train
23923,train
23924,train
23925,train
23926,test
23927,val
23928,train
23929,train
23930,test
23931,train
23932,test
23933,train
23934,train
23935,val
23936,train
23937,train
23938,train
23939,train
23940,train
23941,train
23942,train
23943,train
23944,train
23945,train
23946,train
23947,train
23948,val
23949,test
23950,train
23951,train
23952,train
23953,val
23954,test
23955,val
23956,train
23957,train
23958,train
23959,train
23960,train
23961,train
23962,train
23963,val
23964,train
23965,train
23966,train
23967,train
23968,train
23969,train
23970,train
23971,train
23972,test
23973,train
23974,train
23975,test
23976,train
23977,val
23978,train
23979,train
23980,test
23981,train
23982,train
23983,train
23984,train
23985,train
23986,train
23987,val
23988,train
23989,train
23990,train
23991,test
23992,train
23993,train
23994,train
23995,val
23996,train
23997,train
23998,train
23999,train
24000,train
24001,test
24002,train
24003,test
24004,val
24005,train
24006,train
24007,test
24008,train
24009,test
24010,train
24011,train
24012,train
24013,train
24014,train
24015,train
24016,test
24017,train
24018,train
24019,val
24020,train
24021,train
24022,train
24023,train
24024,test
24025,test
24026,test
24027,train
24028,train
24029,val
24030,train
24031,test
24032,train
24033,train
24034,test
24035,train
24036,train
24037,train
24038,train
24039,train
24040,train
24041,train
24042,test
24043,val
24044,train
24045,train
24046,test
24047,train
24048,train
24049,test
24050,train
24051,train
24052,test
24053,train
24054,val
24055,val
24056,train
24057,train
24058,train
24059,train
24060,val
24061,val
24062,train
24063,train
24064,train
24065,val
24066,train
24067,train
24068,val
24069,train
24070,train
24071,test
24072,train
24073,train
24074,train
24075,val
24076,val
24077,test
24078,val
24079,train
24080,train
24081,train
24082,train
24083,val
24084,train
24085,train
24086,train
24087,train
24088,train
24089,val
24090,test
24091,train
24092,train
24093,train
24094,val
24095,train
24096,train
24097,train
24098,train
24099,test
24100,train
24101,test
24102,train
24103,test
24104,test
24105,train
24106,test
24107,train
24108,train
24109,val
24110,train
24111,train
24112,train
24113,test
24114,train
24115,train
24116,test
24117,train
24118,train
24119,train
24120,val
24121,train
24122,train
24123,train
24124,train
24125,val
24126,val
24127,train
24128,val
24129,train
24130,train
24131,train
24132,train
24133,val
24134,val
24135,train
24136,test
24137,train
24138,train
24139,train
24140,train
24141,val
24142,val
24143,val
24144,train
24145,train
24146,train
24147,train
24148,val
24149,val
24150,train
24151,train
24152,train
24153,train
24154,train
24155,train
24156,train
24157,train
24158,val
24159,train
24160,train
24161,train
24162,test
24163,train
24164,train
24165,test
24166,train
24167,train
24168,train
24169,train
24170,train
24171,test
24172,train
24173,train
24174,val
24175,train
24176,val
24177,test
24178,train
24179,train
24180,train
24181,val
24182,test
24183,test
24184,train
24185,train
24186,train
24187,train
24188,train
24189,train
24190,train
24191,train
24192,test
24193,val
24194,train
24195,train
24196,train
24197,test
24198,test
24199,test
24200,train
24201,train
24202,train
24203,train
24204,val
24205,train
24206,train
24207,train
24208,train
24209,train
24210,train
24211,train
24212,val
24213,train
24214,train
24215,train
24216,train
24217,train
24218,train
24219,train
24220,train
24221,train
24222,train
24223,train
24224,train
24225,test
24226,val
24227,val
24228,test
24229,train
24230,train
24231,train
24232,val
24233,train
24234,train
24235,train
24236,train
24237,test
24238,train
24239,train
24240,train
24241,train
24242,val
24243,train
24244,test
24245,train
24246,train
24247,train
24248,val
24249,train
24250,train
24251,train
24252,val
24253,train
24254,train
24255,train
24256,train
24257,test
24258,train
24259,train
24260,test
24261,train
24262,test
24263,train
24264,train
24265,train
24266,train
24267,train
24268,test
24269,train
24270,test
24271,train
24272,train
24273,val
24274,train
24275,train
24276,train
24277,test
24278,train
24279,train
24280,test
24281,val
24282,train
24283,train
24284,test
24285,val
24286,val
24287,train
24288,train
24289,train
24290,train
24291,train
24292,train
24293,train
24294,test
24295,train
24296,train
24297,train
24298,val
24299,train
24300,train
24301,train
24302,train
24303,val
24304,train
24305,val
24306,train
24307,train
24308,train
24309,train
24310,train
24311,train
24312,val
24313,test
24314,train
24315,train
24316,train
24317,train
24318,train
24319,train
24320,train
24321,train
24322,train
24323,train
24324,train
24325,train
24326,train
24327,train
24328,train
24329,val
24330,train
24331,train
24332,train
24333,train
24334,test
24335,train
24336,train
24337,train
24338,train
24339,train
24340,train
24341,val
24342,test
24343,test
24344,val
24345,train
24346,train
24347,train
24348,train
24349,train
24350,train
24351,train
24352,train
24353,train
24354,test
24355,test
24356,train
24357,val
24358,val
24359,test
24360,train
24361,train
24362,train
24363,train
24364,train
24365,train
24366,test
24367,val
24368,train
24369,train
24370,train
24371,test
24372,train
24373,train
24374,train
24375,train
24376,val
24377,train
24378,test
24379,train
24380,train
24381,train
24382,train
24383,train
24384,train
24385,test
24386,train
24387,train
24388,train
24389,train
24390,train
24391,train
24392,train
24393,train
24394,train
24395,train
24396,train
24397,train
24398,train
24399,test
24400,train
24401,train
24402,test
24403,train
24404,test
24405,train
24406,train
24407,train
24408,val
24409,train
24410,test
24411,train
24412,val
24413,val
24414,train
24415,train
24416,train
24417,val
24418,train
24419,train
24420,train
24421,test
24422,train
24423,train
24424,val
24425,train
24426,val
24427,test
24428,train
24429,train
24430,train
24431,test
24432,test
24433,train
24434,train
24435,val
24436,train
24437,train
24438,train
24439,train
24440,test
24441,test
24442,test
24443,train
24444,train
24445,train
24446,train
24447,train
24448,train
24449,test
24450,val
24451,test
24452,train
24453,train
24454,train
24455,train
24456,train
24457,test
24458,train
24459,val
24460,train
24461,train
24462,train
24463,train
24464,train
24465,train
24466,test
24467,val
24468,train
24469,train
24470,test
24471,test
24472,train
24473,train
24474,train
24475,train
24476,train
24477,test
24478,val
24479,val
24480,train
24481,train
24482,train
24483,test
24484,train
24485,train
24486,train
24487,train
24488,train
24489,train
24490,train
24491,train
24492,train
24493,val
24494,train
24495,train
24496,train
24497,train
24498,train
24499,train
24500,train
24501,train
24502,test
24503,train
24504,test
24505,val
24506,train
24507,train
24508,train
24509,train
24510,train
24511,train
24512,train
24513,test
24514,val
24515,train
24516,train
24517,test
24518,test
24519,train
24520,test
24521,train
24522,train
24523,train
24524,train
24525,test
24526,train
24527,train
24528,train
24529,train
24530,test
24531,train
24532,train
24533,train
24534,train
24535,train
24536,train
24537,train
24538,train
24539,train
24540,test
24541,train
24542,train
24543,train
24544,test
24545,test
24546,train
24547,val
24548,train
24549,train
24550,train
24551,train
24552,train
24553,train
24554,train
24555,train
24556,train
24557,test
24558,train
24559,train
24560,test
24561,train
24562,train
24563,train
24564,train
24565,train
24566,train
24567,train
24568,train
24569,train
24570,train
24571,train
24572,train
24573,train
24574,val
24575,test
24576,train
24577,train
24578,train
24579,train
24580,test
24581,train
24582,train
24583,test
24584,test
24585,train
24586,train
24587,train
24588,train
24589,test
24590,train
24591,val
24592,train
24593,train
24594,test
24595,train
24596,train
24597,val
24598,test
24599,train
24600,train
24601,train
24602,train
24603,train
24604,train
24605,train
24606,train
24607,train
24608,test
24609,train
24610,train
24611,train
24612,test
24613,train
24614,val
24615,test
24616,train
24617,test
24618,train
24619,test
24620,train
24621,train
24622,train
24623,train
24624,train
24625,train
24626,test
24627,test
24628,train
24629,train
24630,val
24631,train
24632,train
24633,train
24634,train
24635,train
24636,val
24637,val
24638,train
24639,val
24640,test
24641,val
24642,train
24643,train
24644,test
24645,test
24646,train
24647,test
24648,train
24649,train
24650,train
24651,test
24652,train
24653,train
24654,test
24655,train
24656,train
24657,test
24658,train
24659,train
24660,train
24661,train
24662,train
24663,train
24664,val
24665,val
24666,train
24667,test
24668,val
24669,test
24670,train
24671,train
24672,val
24673,train
24674,train
24675,test
24676,train
24677,train
24678,train
24679,test
24680,train
24681,train
24682,train
24683,train
24684,train
24685,train
24686,train
24687,train
24688,test
24689,train
24690,val
24691,test
24692,train
24693,train
24694,val
24695,train
24696,train
24697,train
24698,train
24699,train
24700,test
24701,train
24702,val
24703,train
24704,train
24705,val
24706,train
24707,train
24708,train
24709,train
24710,train
24711,train
24712,train
24713,train
24714,test
24715,train
24716,train
24717,train
24718,train
24719,train
24720,train
24721,train
24722,train
24723,train
24724,train
24725,train
24726,train
24727,test
24728,train
24729,val
24730,test
24731,train
24732,train
24733,train
24734,train
24735,test
24736,train
24737,train
24738,train
24739,train
24740,train
24741,val
24742,train
24743,val
24744,train
24745,train
24746,train
24747,train
24748,test
24749,train
24750,train
24751,train
24752,test
24753,train
24754,train
24755,train
24756,test
24757,train
24758,val
24759,val
24760,train
24761,train
24762,train
24763,train
24764,train
24765,train
24766,val
24767,train
24768,train
24769,train
24770,train
24771,train
24772,test
24773,test
24774,train
24775,test
24776,val
24777,train
24778,val
24779,val
24780,train
24781,train
24782,val
24783,val
24784,train
24785,train
24786,train
24787,train
24788,train
24789,train
24790,val
24791,train
24792,train
24793,train
24794,train
24795,val
24796,train
24797,val
24798,train
24799,train
24800,train
24801,test
24802,train
24803,train
24804,test
24805,train
24806,test
24807,train
24808,train
24809,train
24810,train
24811,test
24812,train
24813,train
24814,train
24815,train
24816,test
24817,train
24818,test
24819,train
24820,train
24821,train
24822,val
24823,train
24824,val
24825,train
24826,train
24827,train
24828,train
24829,test
24830,train
24831,train
24832,val
24833,val
24834,test
24835,train
24836,train
24837,train
24838,train
24839,train
24840,train
24841,train
24842,train
24843,train
24844,train
24845,train
24846,val
24847,train
24848,val
24849,train
24850,val
24851,test
24852,train
24853,test
24854,train
24855,test
24856,train
24857,train
24858,train
24859,val
24860,train
24861,test
24862,train
24863,train
24864,train
24865,train
24866,train
24867,train
24868,train
24869,train
24870,train
24871,train
24872,train
24873,train
24874,train
24875,train
24876,train
24877,train
24878,val
24879,test
24880,train
24881,val
24882,test
24883,train
24884,train
24885,test
24886,train
24887,test
24888,val
24889,train
24890,test
24891,train
24892,train
24893,train
24894,train
24895,train
24896,train
24897,val
24898,train
24899,train
24900,val
24901,train
24902,train
24903,train
24904,train
24905,train
24906,train
24907,test
24908,train
24909,train
24910,train
24911,train
24912,val
24913,train
24914,train
24915,train
24916,test
24917,val
24918,train
24919,train
24920,train
24921,val
24922,test
24923,train
24924,train
24925,train
24926,train
24927,train
24928,train
24929,train
24930,train
24931,train
24932,train
24933,train
24934,train
24935,train
24936,val
24937,val
24938,train
24939,val
24940,train
24941,test
24942,train
24943,train
24944,test
24945,train
24946,train
24947,train
24948,train
24949,val
24950,train
24951,train
24952,test
24953,val
24954,val
24955,test
24956,train
24957,train
24958,train
24959,train
24960,train
24961,train
24962,train
24963,train
24964,train
24965,train
24966,train
24967,train
24968,train
24969,val
24970,train
24971,train
24972,train
24973,train
24974,train
24975,train
24976,train
24977,train
24978,val
24979,train
24980,test
24981,train
24982,test
24983,train
24984,train
24985,train
24986,train
24987,test
24988,val
24989,train
24990,val
24991,train
24992,test
24993,val
24994,train
24995,val
24996,train
24997,train
24998,train
24999,train
25000,train
25001,train
25002,train
25003,train
25004,test
25005,test
25006,train
25007,train
25008,val
25009,train
25010,train
25011,train
25012,train
25013,val
25014,train
25015,train
25016,train
25017,train
25018,train
25019,train
25020,train
25021,test
25022,test
25023,val
25024,train
25025,test
25026,train
25027,val
25028,train
25029,train
25030,train
25031,train
25032,train
25033,train
25034,val
25035,test
25036,train
25037,train
25038,test
25039,train
25040,train
25041,train
25042,train
25043,train
25044,train
25045,val
25046,val
25047,train
25048,test
25049,train
25050,train
25051,train
25052,val
25053,train
25054,train
25055,train
25056,test
25057,val
25058,test
25059,train
25060,train
25061,train
25062,train
25063,val
25064,train
25065,test
25066,train
25067,train
25068,train
25069,val
25070,train
25071,train
25072,test
25073,val
25074,train
25075,val
25076,train
25077,train
25078,test
25079,train
25080,train
25081,val
25082,train
25083,test
25084,train
25085,train
25086,train
25087,train
25088,train
25089,train
25090,test
25091,train
25092,train
25093,train
25094,train
25095,train
25096,train
25097,train
25098,train
25099,val
25100,val
25101,train
25102,train
25103,train
25104,test
25105,val
25106,train
25107,train
25108,val
25109,train
25110,train
25111,train
25112,test
25113,val
25114,train
25115,train
25116,val
25117,train
25118,test
25119,train
25120,train
25121,val
25122,train
25123,train
25124,train
25125,train
25126,train
25127,train
25128,val
25129,train
25130,train
25131,train
25132,train
25133,train
25134,test
25135,train
25136,train
25137,train
25138,train
25139,train
25140,test
25141,train
25142,train
25143,train
25144,train
25145,test
25146,train
25147,train
25148,train
25149,train
25150,train
25151,train
25152,train
25153,train
25154,test
25155,train
25156,val
25157,train
25158,val
25159,train
25160,val
25161,val
25162,train
25163,train
25164,train
25165,train
25166,train
25167,val
25168,val
25169,train
25170,train
25171,test
25172,train
25173,train
25174,train
25175,train
25176,test
25177,train
25178,train
25179,test
25180,train
25181,train
25182,train
25183,train
25184,train
25185,val
25186,train
25187,train
25188,train
25189,train
25190,train
25191,train
25192,train
25193,val
25194,val
25195,train
25196,val
25197,test
25198,train
25199,train
25200,train
25201,val
25202,train
25203,test
25204,train
25205,val
25206,train
25207,train
25208,train
25209,train
25210,train
25211,val
25212,val
25213,train
25214,train
25215,train
25216,train
25217,train
25218,train
25219,test
25220,train
25221,train
25222,test
25223,val
25224,train
25225,train
25226,val
25227,train
25228,val
25229,train
25230,train
25231,train
25232,train
25233,train
25234,train
25235,train
25236,train
25237,val
25238,test
25239,train
25240,train
25241,train
25242,train
25243,val
25244,test
25245,train
25246,val
25247,train
25248,train
25249,test
25250,train
25251,train
25252,train
25253,train
25254,train
25255,train
25256,train
25257,train
25258,train
25259,train
25260,train
25261,train
25262,val
25263,train
25264,train
25265,test
25266,test
25267,train
25268,train
25269,train
25270,train
25271,val
25272,train
25273,train
25274,test
25275,val
25276,test
25277,train
25278,train
25279,test
25280,train
25281,train
25282,val
25283,train
25284,test
25285,train
25286,train
25287,train
25288,train
25289,val
25290,train
25291,train
25292,train
25293,test
25294,train
25295,val
25296,test
25297,train
25298,train
25299,train
25300,train
25301,train
25302,train
25303,train
25304,test
25305,train
25306,train
25307,val
25308,train
25309,test
25310,train
25311,train
25312,test
25313,train
25314,train
25315,train
25316,train
25317,train
25318,train
25319,val
25320,train
25321,train
25322,train
25323,train
25324,test
25325,train
25326,train
25327,train
25328,train
25329,train
25330,train
25331,val
25332,val
25333,train
25334,val
25335,train
25336,train
25337,train
25338,train
25339,train
25340,train
25341,train
25342,train
25343,train
25344,train
25345,train
25346,train
25347,train
25348,train
25349,train
25350,train
25351,train
25352,train
25353,train
25354,train
25355,train
25356,train
25357,test
25358,train
25359,val
25360,train
25361,train
25362,train
25363,train
25364,train
25365,val
25366,val
25367,test
25368,val
25369,train
25370,test
25371,train
25372,train
25373,train
25374,train
25375,train
25376,train
25377,train
25378,val
25379,train
25380,train
25381,train
25382,train
25383,train
25384,train
25385,train
25386,val
25387,train
25388,test
25389,train
25390,test
25391,val
25392,train
25393,train
25394,train
25395,train
25396,test
25397,train
25398,train
25399,train
25400,val
25401,train
25402,test
25403,train
25404,test
25405,train
25406,val
25407,train
25408,train
25409,train
25410,val
25411,test
25412,train
25413,train
25414,train
25415,train
25416,train
25417,train
25418,train
25419,train
25420,train
25421,train
25422,val
25423,train
25424,train
25425,train
25426,train
25427,train
25428,test
25429,val
25430,train
25431,test
25432,train
25433,val
25434,test
25435,val
25436,train
25437,train
25438,train
25439,train
25440,test
25441,train
25442,train
25443,train
25444,train
25445,test
25446,train
25447,train
25448,test
25449,train
25450,test
25451,train
25452,train
25453,test
25454,test
25455,test
25456,train
25457,test
25458,train
25459,val
25460,test
25461,train
25462,train
25463,test
25464,train
25465,test
25466,val
25467,test
25468,test
25469,train
25470,train
25471,train
25472,train
25473,train
25474,train
25475,train
25476,train
25477,test
25478,test
25479,train
25480,train
25481,train
25482,train
25483,train
25484,train
25485,train
25486,train
25487,train
25488,train
25489,train
25490,train
25491,val
25492,train
25493,train
25494,train
25495,train
25496,train
25497,test
25498,train
25499,test
25500,train
25501,train
25502,test
25503,train
25504,val
25505,val
25506,train
25507,train
25508,train
25509,train
25510,val
25511,test
25512,train
25513,train
25514,test
25515,train
25516,train
25517,train
25518,train
25519,train
25520,train
25521,train
25522,train
25523,val
25524,train
25525,val
25526,train
25527,train
25528,train
25529,test
25530,train
25531,test
25532,train
25533,train
25534,test
25535,train
25536,train
25537,train
25538,train
25539,test
25540,val
25541,test
25542,train
25543,train
25544,train
25545,train
25546,train
25547,train
25548,train
25549,train
25550,train
25551,train
25552,val
25553,train
25554,train
25555,train
25556,train
25557,test
25558,train
25559,train
25560,val
25561,train
25562,val
25563,train
25564,train
25565,train
25566,val
25567,train
25568,train
25569,train
25570,val
25571,test
25572,train
25573,train
25574,train
25575,train
25576,val
25577,train
25578,train
25579,train
25580,train
25581,test
25582,train
25583,val
25584,train
25585,train
25586,test
25587,train
25588,train
25589,train
25590,train
25591,test
25592,train
25593,train
25594,test
25595,val
25596,train
25597,train
25598,train
25599,val
25600,train
25601,train
25602,train
25603,val
25604,train
25605,train
25606,val
25607,train
25608,train
25609,train
25610,train
25611,test
25612,val
25613,test
25614,train
25615,val
25616,test
25617,train
25618,train
25619,val
25620,train
25621,train
25622,train
25623,test
25624,train
25625,val
25626,train
25627,train
25628,train
25629,train
25630,train
25631,train
25632,train
25633,test
25634,test
25635,train
25636,test
25637,val
25638,train
25639,train
25640,test
25641,val
25642,train
25643,train
25644,train
25645,train
25646,train
25647,train
25648,val
25649,train
25650,test
25651,train
25652,train
25653,val
25654,train
25655,train
25656,train
25657,train
25658,val
25659,train
25660,val
25661,train
25662,train
25663,test
25664,train
25665,train
25666,train
25667,train
25668,train
25669,test
25670,train
25671,test
25672,train
25673,val
25674,train
25675,train
25676,train
25677,val
25678,train
25679,train
25680,train
25681,train
25682,train
25683,train
25684,train
25685,train
25686,train
25687,test
25688,train
25689,test
25690,train
25691,test
25692,train
25693,train
25694,train
25695,test
25696,train
25697,train
25698,train
25699,train
25700,val
25701,train
25702,train
25703,train
25704,train
25705,test
25706,test
25707,train
25708,val
25709,train
25710,val
25711,train
25712,train
25713,train
25714,train
25715,train
25716,train
25717,train
25718,val
25719,test
25720,test
25721,val
25722,train
25723,train
25724,train
25725,test
25726,train
25727,train
25728,train
25729,train
25730,train
25731,train
25732,train
25733,train
25734,val
25735,val
25736,train
25737,train
25738,train
25739,train
25740,train
25741,train
25742,train
25743,val
25744,train
25745,train
25746,train
25747,test
25748,train
25749,train
25750,train
25751,val
25752,val
25753,train
25754,train
25755,val
25756,train
25757,train
25758,val
25759,train
25760,train
25761,train
25762,val
25763,train
25764,train
25765,train
25766,train
25767,train
25768,train
25769,test
25770,train
25771,train
25772,test
25773,train
25774,train
25775,val
25776,test
25777,val
25778,train
25779,train
25780,train
25781,val
25782,test
25783,test
25784,train
25785,train
25786,test
25787,train
25788,val
25789,train
25790,test
25791,train
25792,train
25793,train
25794,test
25795,train
25796,test
25797,train
25798,val
25799,test
25800,train
25801,train
25802,train
25803,train
25804,train
25805,train
25806,val
25807,train
25808,train
25809,train
25810,train
25811,train
25812,val
25813,train
25814,train
25815,train
25816,val
25817,test
25818,test
25819,train
25820,train
25821,val
25822,train
25823,train
25824,test
25825,train
25826,train
25827,train
25828,train
25829,val
25830,train
25831,train
25832,val
25833,train
25834,train
25835,train
25836,train
25837,train
25838,train
25839,train
25840,train
25841,train
25842,train
25843,train
25844,train
25845,val
25846,train
25847,train
25848,train
25849,val
25850,test
25851,train
25852,val
25853,test
25854,train
25855,train
25856,train
25857,train
25858,train
25859,train
25860,train
25861,train
25862,train
25863,train
25864,train
25865,train
25866,train
25867,train
25868,train
25869,train
25870,train
25871,train
25872,train
25873,train
25874,train
25875,train
25876,test
25877,train
25878,train
25879,train
25880,train
25881,val
25882,train
25883,train
25884,train
25885,train
25886,train
25887,train
25888,test
25889,test
25890,test
25891,train
25892,train
25893,train
25894,test
25895,train
25896,val
25897,test
25898,train
25899,test
25900,train
25901,train
25902,val
25903,train
25904,train
25905,train
25906,val
25907,train
25908,train
25909,test
25910,train
25911,train
25912,train
25913,train
25914,train
25915,train
25916,train
25917,val
25918,val
25919,train
25920,train
25921,train
25922,test
25923,train
25924,train
25925,val
25926,train
25927,train
25928,test
25929,train
25930,train
25931,train
25932,train
25933,test
25934,train
25935,train
25936,train
25937,train
25938,train
25939,train
25940,train
25941,val
25942,val
25943,train
25944,train
25945,train
25946,train
25947,train
25948,val
25949,train
25950,train
25951,val
25952,test
25953,train
25954,train
25955,train
25956,train
25957,train
25958,val
25959,train
25960,train
25961,train
25962,val
25963,test
25964,train
25965,train
25966,train
25967,train
25968,val
25969,train
25970,train
25971,train
25972,train
25973,test
25974,val
25975,train
25976,train
25977,train
25978,train
25979,train
25980,test
25981,train
25982,train
25983,train
25984,train
25985,train
25986,val
25987,train
25988,train
25989,val
25990,test
25991,train
25992,train
25993,train
25994,test
25995,train
25996,test
25997,val
25998,train
25999,train
26000,train
26001,train
26002,train
26003,train
26004,train
26005,train
26006,train
26007,train
26008,test
26009,train
26010,test
26011,train
26012,train
26013,val
26014,test
26015,train
26016,test
26017,test
26018,train
26019,val
26020,train
26021,train
26022,train
26023,train
26024,train
26025,train
26026,train
26027,train
26028,test
26029,train
26030,train
26031,train
26032,test
26033,train
26034,train
26035,train
26036,train
26037,train
26038,test
26039,train
26040,train
26041,test
26042,train
26043,val
26044,train
26045,val
26046,train
26047,train
26048,train
26049,train
26050,val
26051,train
26052,train
26053,test
26054,train
26055,train
26056,test
26057,train
26058,train
26059,train
26060,train
26061,train
26062,test
26063,train
26064,train
26065,train
26066,test
26067,val
26068,train
26069,train
26070,train
26071,train
26072,train
26073,train
26074,train
26075,val
26076,train
26077,train
26078,train
26079,val
26080,val
26081,train
26082,train
26083,train
26084,val
26085,train
26086,train
26087,train
26088,train
26089,train
26090,train
26091,train
26092,train
26093,train
26094,test
26095,train
26096,val
26097,test
26098,train
26099,val
26100,train
26101,train
26102,train
26103,train
26104,train
26105,train
26106,val
26107,test
26108,train
26109,val
26110,train
26111,train
26112,train
26113,train
26114,train
26115,train
26116,train
26117,test
26118,train
26119,train
26120,test
26121,train
26122,train
26123,test
26124,train
26125,train
26126,train
26127,test
26128,val
26129,val
26130,train
26131,train
26132,train
26133,train
26134,train
26135,train
26136,train
26137,val
26138,train
26139,train
26140,train
26141,test
26142,train
26143,train
26144,train
26145,train
26146,train
26147,train
26148,train
26149,val
26150,train
26151,train
26152,test
26153,train
26154,val
26155,train
26156,train
26157,train
26158,train
26159,train
26160,train
26161,train
26162,train
26163,test
26164,train
26165,train
26166,test
26167,test
26168,train
26169,train
26170,train
26171,train
26172,test
26173,test
26174,train
26175,train
26176,train
26177,test
26178,test
26179,val
26180,train
26181,train
26182,val
26183,train
26184,train
26185,train
26186,train
26187,train
26188,train
26189,train
26190,val
26191,train
26192,val
26193,train
26194,train
26195,test
26196,train
26197,train
26198,train
26199,val
26200,train
26201,train
26202,train
26203,train
26204,train
26205,train
26206,train
26207,train
26208,train
26209,val
26210,train
26211,train
26212,val
26213,train
26214,val
26215,test
26216,test
26217,train
26218,train
26219,train
26220,train
26221,train
26222,train
26223,train
26224,train
26225,train
26226,train
26227,train
26228,test
26229,train
26230,train
26231,test
26232,train
26233,train
26234,train
26235,train
26236,val
26237,val
26238,train
26239,train
26240,train
26241,val
26242,val
26243,test
26244,test
26245,train
26246,train
26247,train
26248,test
26249,train
26250,train
26251,train
26252,train
26253,test
26254,val
26255,train
26256,test
26257,train
26258,train
26259,train
26260,val
26261,test
26262,train
26263,train
26264,train
26265,train
26266,train
26267,val
26268,val
26269,test
26270,train
26271,train
26272,train
26273,train
26274,train
26275,train
26276,train
26277,train
26278,train
26279,train
26280,train
26281,test
26282,train
26283,train
26284,train
26285,train
26286,train
26287,val
26288,train
26289,train
26290,train
26291,train
26292,train
26293,train
26294,train
26295,train
26296,train
26297,train
26298,test
26299,test
26300,val
26301,val
26302,train
26303,train
26304,val
26305,train
26306,train
26307,train
26308,val
26309,train
26310,train
26311,train
26312,train
26313,train
26314,test
26315,train
26316,train
26317,train
26318,train
26319,train
26320,test
26321,val
26322,train
26323,val
26324,val
26325,train
26326,train
26327,train
26328,train
26329,train
26330,train
26331,val
26332,train
26333,train
26334,train
26335,val
26336,val
26337,val
26338,train
26339,train
26340,val
26341,val
26342,train
26343,val
26344,train
26345,test
26346,train
26347,train
26348,train
26349,train
26350,val
26351,train
26352,train
26353,train
26354,train
26355,test
26356,train
26357,val
26358,val
26359,train
26360,train
26361,train
26362,train
26363,train
26364,train
26365,train
26366,test
26367,test
26368,val
26369,train
26370,val
26371,train
26372,train
26373,train
26374,val
26375,train
26376,train
26377,train
26378,train
26379,train
26380,train
26381,test
26382,test
26383,train
26384,val
26385,test
26386,train
26387,train
26388,test
26389,train
26390,val
26391,train
26392,train
26393,train
26394,train
26395,train
26396,train
26397,train
26398,train
26399,train
26400,train
26401,train
26402,train
26403,test
26404,train
26405,val
26406,val
26407,test
26408,train
26409,train
26410,val
26411,train
26412,train
26413,train
26414,train
26415,train
26416,val
26417,train
26418,train
26419,train
26420,val
26421,train
26422,train
26423,train
26424,train
26425,test
26426,train
26427,train
26428,train
26429,train
26430,train
26431,train
26432,train
26433,train
26434,val
26435,train
26436,train
26437,train
26438,train
26439,train
26440,train
26441,val
26442,train
26443,train
26444,train
26445,test
26446,train
26447,train
26448,test
26449,train
26450,train
26451,train
26452,train
26453,train
26454,train
26455,train
26456,val
26457,test
26458,train
26459,val
26460,train
26461,train
26462,val
26463,val
26464,train
26465,train
26466,test
26467,train
26468,test
26469,train
26470,train
26471,train
26472,test
26473,train
26474,test
26475,train
26476,train
26477,train
26478,test
26479,test
26480,train
26481,train
26482,train
26483,val
26484,train
26485,train
26486,train
26487,val
26488,val
26489,test
26490,val
26491,train
26492,test
26493,test
26494,train
26495,train
26496,train
26497,train
26498,train
26499,val
26500,train
26501,val
26502,train
26503,train
26504,train
26505,train
26506,train
26507,test
26508,train
26509,val
26510,train
26511,train
26512,train
26513,train
26514,train
26515,train
26516,val
26517,train
26518,val
26519,train
26520,train
26521,train
26522,train
26523,val
26524,train
26525,test
26526,train
26527,train
26528,test
26529,train
26530,train
26531,train
26532,train
26533,train
26534,train
26535,test
26536,train
26537,test
26538,test
26539,test
26540,train
26541,train
26542,train
26543,train
26544,test
26545,train
26546,train
26547,val
26548,test
26549,train
26550,train
26551,train
26552,train
26553,train
26554,train
26555,test
26556,train
26557,train
26558,train
26559,train
26560,train
26561,val
26562,test
26563,train
26564,train
26565,train
26566,test
26567,test
26568,train
26569,test
26570,train
26571,test
26572,test
26573,train
26574,train
26575,train
26576,train
26577,train
26578,train
26579,train
26580,train
26581,train
26582,train
26583,test
26584,val
26585,train
26586,train
26587,val
26588,test
26589,train
26590,train
26591,test
26592,test
26593,train
26594,train
26595,train
26596,test
26597,train
26598,train
26599,train
26600,train
26601,train
26602,train
26603,val
26604,train
26605,train
26606,train
26607,test
26608,val
26609,train
26610,train
26611,train
26612,test
26613,val
26614,val
26615,train
26616,test
26617,train
26618,train
26619,val
26620,train
26621,test
26622,train
26623,train
26624,val
26625,train
26626,train
26627,train
26628,train
26629,test
26630,train
26631,train
26632,train
26633,val
26634,val
26635,train
26636,val
26637,train
26638,test
26639,val
26640,train
26641,train
26642,test
26643,train
26644,train
26645,test
26646,train
26647,train
26648,train
26649,val
26650,train
26651,train
26652,train
26653,train
26654,train
26655,train
26656,train
26657,train
26658,train
26659,train
26660,train
26661,test
26662,train
26663,train
26664,test
26665,test
26666,train
26667,test
26668,test
26669,test
26670,train
26671,val
26672,train
26673,val
26674,train
26675,train
26676,train
26677,train
26678,val
26679,test
26680,train
26681,train
26682,train
26683,train
26684,test
26685,train
26686,train
26687,train
26688,test
26689,train
26690,train
26691,train
26692,train
26693,train
26694,train
26695,train
26696,test
26697,train
26698,train
26699,train
26700,train
26701,train
26702,train
26703,train
26704,train
26705,train
26706,train
26707,train
26708,train
26709,train
26710,train
26711,train
26712,val
26713,train
26714,val
26715,train
26716,train
26717,train
26718,train
26719,train
26720,train
26721,val
26722,train
26723,train
26724,train
26725,train
26726,train
26727,train
26728,val
26729,test
26730,train
26731,train
26732,val
26733,train
26734,train
26735,train
26736,val
26737,train
26738,test
26739,val
26740,train
26741,val
26742,train
26743,train
26744,test
26745,train
26746,train
26747,train
26748,train
26749,train
26750,train
26751,train
26752,train
26753,train
26754,train
26755,train
26756,train
26757,train
26758,train
26759,train
26760,train
26761,train
26762,train
26763,test
26764,val
26765,train
26766,train
26767,train
26768,train
26769,train
26770,train
26771,test
26772,val
26773,test
26774,train
26775,train
26776,train
26777,val
26778,train
26779,val
26780,train
26781,train
26782,val
26783,train
26784,test
26785,test
26786,train
26787,train
26788,val
26789,train
26790,train
26791,train
26792,train
26793,train
26794,test
26795,train
26796,train
26797,train
26798,test
26799,train
26800,test
26801,train
26802,train
26803,test
26804,train
26805,train
26806,train
26807,test
26808,val
26809,test
26810,train
26811,train
26812,train
26813,train
26814,train
26815,train
26816,train
26817,train
26818,train
26819,train
26820,train
26821,train
26822,train
26823,train
26824,train
26825,train
26826,val
26827,train
26828,train
26829,train
26830,test
26831,test
26832,train
26833,train
26834,train
26835,test
26836,val
26837,train
26838,val
26839,train
26840,train
26841,train
26842,train
26843,val
26844,train
26845,train
26846,train
26847,train
26848,train
26849,test
26850,train
26851,train
26852,train
26853,train
26854,train
26855,train
26856,train
26857,train
26858,val
26859,train
26860,train
26861,val
26862,train
26863,train
26864,val
26865,val
26866,train
26867,train
26868,train
26869,train
26870,train
26871,train
26872,train
26873,train
26874,train
26875,train
26876,train
26877,train
26878,val
26879,train
26880,train
26881,train
26882,train
26883,train
26884,val
26885,train
26886,train
26887,train
26888,train
26889,test
26890,test
26891,train
26892,train
26893,train
26894,train
26895,train
26896,test
26897,train
26898,train
26899,train
26900,test
26901,train
26902,train
26903,val
26904,train
26905,train
26906,val
26907,test
26908,val
26909,train
26910,train
26911,train
26912,train
26913,train
26914,train
26915,train
26916,val
26917,val
26918,train
26919,train
26920,train
26921,train
26922,test
26923,train
26924,train
26925,train
26926,train
26927,train
26928,train
26929,train
26930,val
26931,train
26932,train
26933,test
26934,train
26935,test
26936,train
26937,train
26938,train
26939,train
26940,train
26941,val
26942,val
26943,train
26944,train
26945,train
26946,train
26947,train
26948,train
26949,train
26950,train
26951,val
26952,train
26953,train
26954,test
26955,train
26956,train
26957,test
26958,train
26959,val
26960,test
26961,train
26962,val
26963,train
26964,test
26965,val
26966,train
26967,train
26968,train
26969,train
26970,train
26971,test
26972,train
26973,train
26974,train
26975,val
26976,train
26977,test
26978,train
26979,test
26980,test
26981,train
26982,test
26983,train
26984,train
26985,test
26986,train
26987,train
26988,train
26989,test
26990,val
26991,train
26992,train
26993,val
26994,train
26995,train
26996,train
26997,train
26998,val
26999,train
27000,train
27001,test
27002,train
27003,val
27004,val
27005,train
27006,train
27007,val
27008,train
27009,train
27010,train
27011,test
27012,train
27013,train
27014,train
27015,train
27016,train
27017,test
27018,test
27019,train
27020,train
27021,val
27022,train
27023,train
27024,train
27025,train
27026,train
27027,train
27028,train
27029,train
27030,test
27031,train
27032,train
27033,val
27034,val
27035,train
27036,train
27037,test
27038,train
27039,train
27040,val
27041,test
27042,train
27043,train
27044,train
27045,train
27046,train
27047,train
27048,test
27049,test
27050,train
27051,train
27052,test
27053,train
27054,val
27055,val
27056,train
27057,test
27058,train
27059,train
27060,train
27061,test
27062,train
27063,val
27064,train
27065,train
27066,train
27067,train
27068,train
27069,train
27070,train
27071,train
27072,train
27073,train
27074,train
27075,train
27076,train
27077,train
27078,val
27079,train
27080,train
27081,train
27082,train
27083,val
27084,train
27085,train
27086,train
27087,train
27088,train
27089,train
27090,train
27091,train
27092,train
27093,train
27094,train
27095,train
27096,train
27097,val
27098,test
27099,train
27100,train
27101,train
27102,test
27103,train
27104,train
27105,train
27106,train
27107,train
27108,train
27109,train
27110,test
27111,test
27112,train
27113,train
27114,train
27115,test
27116,train
27117,train
27118,val
27119,train
27120,train
27121,train
27122,train
27123,test
27124,train
27125,val
27126,train
27127,val
27128,test
27129,train
27130,train
27131,train
27132,val
27133,train
27134,train
27135,val
27136,train
27137,val
27138,val
27139,train
27140,train
27141,train
27142,train
27143,train
27144,train
27145,train
27146,train
27147,test
27148,train
27149,train
27150,train
27151,val
27152,val
27153,test
27154,train
27155,val
27156,train
27157,train
27158,train
27159,val
27160,train
27161,test
27162,train
27163,train
27164,val
27165,train
27166,train
27167,val
27168,val
27169,val
27170,train
27171,train
27172,val
27173,train
27174,train
27175,test
27176,test
27177,train
27178,val
27179,train
27180,train
27181,train
27182,train
27183,val
27184,train
27185,val
27186,train
27187,train
27188,train
27189,train
27190,train
27191,train
27192,train
27193,train
27194,train
27195,train
27196,val
27197,train
27198,val
27199,train
27200,train
27201,train
27202,train
27203,train
27204,train
27205,val
27206,train
27207,train
27208,train
27209,train
27210,train
27211,val
27212,train
27213,test
27214,train
27215,train
27216,train
27217,train
27218,train
27219,train
27220,train
27221,val
27222,train
27223,test
27224,train
27225,test
27226,test
27227,test
27228,train
27229,test
27230,train
27231,val
27232,val
27233,train
27234,train
27235,train
27236,train
27237,train
27238,train
27239,train
27240,val
27241,train
27242,train
27243,train
27244,train
27245,train
27246,train
27247,train
27248,train
27249,train
27250,test
27251,train
27252,train
27253,val
27254,train
27255,test
27256,test
27257,train
27258,train
27259,val
27260,val
27261,val
27262,train
27263,train
27264,train
27265,train
27266,train
27267,train
27268,train
27269,val
27270,train
27271,train
27272,val
27273,train
27274,train
27275,val
27276,train
27277,train
27278,test
27279,train
27280,train
27281,train
27282,test
27283,train
27284,test
27285,train
27286,train
27287,train
27288,train
27289,train
27290,train
27291,train
27292,train
27293,test
27294,test
27295,train
27296,train
27297,test
27298,train
27299,train
27300,train
27301,train
27302,train
27303,train
27304,train
27305,train
27306,train
27307,val
27308,test
27309,val
27310,train
27311,train
27312,train
27313,test
27314,train
27315,train
27316,train
27317,train
27318,val
27319,train
27320,train
27321,test
27322,train
27323,train
27324,train
27325,val
27326,test
27327,test
27328,train
27329,train
27330,train
27331,train
27332,train
27333,train
27334,test
27335,test
27336,train
27337,train
27338,train
27339,train
27340,test
27341,train
27342,train
27343,test
27344,train
27345,test
27346,test
27347,train
27348,train
27349,train
27350,train
27351,train
27352,train
27353,train
27354,train
27355,train
27356,val
27357,train
27358,train
27359,val
27360,train
27361,test
27362,train
27363,train
27364,test
27365,train
27366,train
27367,train
27368,test
27369,test
27370,train
27371,train
27372,test
27373,train
27374,train
27375,test
27376,train
27377,test
27378,test
27379,val
27380,train
27381,train
27382,train
27383,train
27384,train
27385,train
27386,train
27387,val
27388,train
27389,train
27390,train
27391,train
27392,train
27393,val
27394,train
27395,train
27396,val
27397,train
27398,val
27399,train
27400,train
27401,train
27402,train
27403,train
27404,val
27405,train
27406,train
27407,train
27408,train
27409,train
27410,train
27411,train
27412,test
27413,train
27414,train
27415,train
27416,train
27417,test
27418,train
27419,train
27420,test
27421,train
27422,train
27423,val
27424,train
27425,train
27426,train
27427,train
27428,train
27429,train
27430,train
27431,val
27432,val
27433,train
27434,train
27435,train
27436,val
27437,train
27438,train
27439,val
27440,train
27441,val
27442,train
27443,train
27444,val
27445,test
27446,val
27447,val
27448,train
27449,train
27450,val
27451,train
27452,test
27453,train
27454,train
27455,train
27456,val
27457,test
27458,train
27459,val
27460,train
27461,train
27462,val
27463,train
27464,val
27465,train
27466,train
27467,train
27468,train
27469,train
27470,train
27471,val
27472,train
27473,train
27474,val
27475,train
27476,test
27477,val
27478,train
27479,train
27480,train
27481,train
27482,train
27483,train
27484,train
27485,train
27486,train
27487,train
27488,train
27489,test
27490,train
27491,train
27492,train
27493,train
27494,val
27495,train
27496,train
27497,train
27498,train
27499,train
27500,val
27501,test
27502,val
27503,val
27504,train
27505,train
27506,val
27507,train
27508,test
27509,train
27510,train
27511,train
27512,train
27513,train
27514,test
27515,train
27516,test
27517,train
27518,train
27519,test
27520,train
27521,test
27522,train
27523,train
27524,train
27525,train
27526,train
27527,train
27528,train
27529,train
27530,train
27531,test
27532,val
27533,train
27534,train
27535,train
27536,train
27537,train
27538,test
27539,train
27540,train
27541,val
27542,test
27543,train
27544,train
27545,train
27546,train
27547,train
27548,train
27549,test
27550,val
27551,val
27552,train
27553,train
27554,test
27555,train
27556,train
27557,test
27558,train
27559,train
27560,train
27561,train
27562,train
27563,test
27564,train
27565,train
27566,train
27567,test
27568,val
27569,train
27570,train
27571,train
27572,val
27573,test
27574,train
27575,train
27576,train
27577,val
27578,train
27579,train
27580,train
27581,train
27582,train
27583,train
27584,test
27585,train
27586,train
27587,train
27588,train
27589,val
27590,train
27591,val
27592,train
27593,train
27594,train
27595,train
27596,test
27597,test
27598,train
27599,train
27600,train
27601,train
27602,train
27603,test
27604,train
27605,train
27606,test
27607,train
27608,test
27609,val
27610,train
27611,test
27612,val
27613,train
27614,val
27615,val
27616,train
27617,train
27618,train
27619,train
27620,train
27621,test
27622,test
27623,train
27624,train
27625,train
27626,val
27627,val
27628,test
27629,train
27630,train
27631,train
27632,train
27633,train
27634,test
27635,train
27636,train
27637,test
27638,test
27639,test
27640,train
27641,train
27642,test
27643,train
27644,test
27645,train
27646,train
27647,train
27648,train
27649,test
27650,train
27651,train
27652,train
27653,train
27654,val
27655,train
27656,test
27657,val
27658,train
27659,train
27660,train
27661,train
27662,train
27663,train
27664,val
27665,train
27666,val
27667,train
27668,test
27669,train
27670,test
27671,train
27672,train
27673,train
27674,test
27675,val
27676,val
27677,val
27678,val
27679,train
27680,train
27681,train
27682,val
27683,test
27684,train
27685,train
27686,test
27687,train
27688,train
27689,train
27690,train
27691,test
27692,train
27693,train
27694,test
27695,val
27696,train
27697,train
27698,train
27699,test
27700,val
27701,train
27702,val
27703,val
27704,train
27705,train
27706,train
27707,val
27708,train
27709,test
27710,train
27711,val
27712,val
27713,train
27714,test
27715,train
27716,train
27717,train
27718,train
27719,test
27720,train
27721,train
27722,val
27723,val
27724,val
27725,train
27726,train
27727,train
27728,test
27729,train
27730,train
27731,train
27732,test
27733,train
27734,train
27735,train
27736,train
27737,train
27738,train
27739,train
27740,train
27741,val
27742,val
27743,train
27744,train
27745,train
27746,train
27747,train
27748,train
27749,test
27750,train
27751,train
27752,train
27753,train
27754,test
27755,train
27756,train
27757,val
27758,train
27759,train
27760,train
27761,train
27762,train
27763,train
27764,train
27765,train
27766,train
27767,train
27768,train
27769,val
27770,train
27771,train
27772,train
27773,train
27774,train
27775,test
27776,val
27777,train
27778,train
27779,train
27780,train
27781,test
27782,train
27783,train
27784,train
27785,train
27786,train
27787,test
27788,train
27789,train
27790,train
27791,train
27792,train
27793,test
27794,train
27795,val
27796,train
27797,train
27798,train
27799,val
27800,train
27801,test
27802,train
27803,train
27804,train
27805,test
27806,train
27807,train
27808,train
27809,train
27810,train
27811,test
27812,train
27813,train
27814,train
27815,val
27816,train
27817,train
27818,test
27819,val
27820,val
27821,train
27822,test
27823,val
27824,val
27825,train
27826,train
27827,train
27828,train
27829,train
27830,train
27831,train
27832,train
27833,train
27834,train
27835,train
27836,train
27837,train
27838,train
27839,train
27840,train
27841,test
27842,train
27843,test
27844,train
27845,train
27846,train
27847,val
27848,train
27849,train
27850,train
27851,train
27852,train
27853,train
27854,train
27855,val
27856,test
27857,test
27858,train
27859,train
27860,train
27861,val
27862,val
27863,train
27864,test
27865,val
27866,train
27867,train
27868,train
27869,train
27870,train
27871,train
27872,train
27873,test
27874,train
27875,train
27876,train
27877,train
27878,train
27879,train
27880,train
27881,train
27882,train
27883,train
27884,train
27885,train
27886,val
27887,test
27888,train
27889,train
27890,train
27891,train
27892,train
27893,train
27894,test
27895,val
27896,val
27897,val
27898,val
27899,train
27900,train
27901,train
27902,train
27903,train
27904,val
27905,train
27906,train
27907,train
27908,train
27909,train
27910,test
27911,train
27912,train
27913,train
27914,test
27915,train
27916,train
27917,train
27918,test
27919,val
27920,train
27921,train
27922,train
27923,train
27924,train
27925,train
27926,train
27927,train
27928,val
27929,train
27930,train
27931,train
27932,train
27933,train
27934,test
27935,train
27936,train
27937,train
27938,train
27939,test
27940,train
27941,train
27942,val
27943,train
27944,val
27945,train
27946,test
27947,train
27948,test
27949,test
27950,val
27951,train
27952,val
27953,test
27954,val
27955,train
27956,train
27957,train
27958,train
27959,val
27960,train
27961,train
27962,val
27963,train
27964,test
27965,train
27966,val
27967,train
27968,val
27969,train
27970,train
27971,train
27972,train
27973,val
27974,train
27975,train
27976,train
27977,test
27978,test
27979,test
27980,val
27981,train
27982,train
27983,train
27984,val
27985,train
27986,train
27987,test
27988,train
27989,train
27990,val
27991,train
27992,train
27993,train
27994,train
27995,train
27996,test
27997,train
27998,train
27999,val
28000,train
28001,val
28002,test
28003,train
28004,val
28005,train
28006,train
28007,train
28008,val
28009,train
28010,train
28011,val
28012,val
28013,test
28014,train
28015,test
28016,test
28017,train
28018,train
28019,train
28020,train
28021,train
28022,val
28023,train
28024,val
28025,train
28026,val
28027,train
28028,train
28029,test
28030,val
28031,val
28032,val
28033,train
28034,train
28035,train
28036,train
28037,test
28038,train
28039,train
28040,train
28041,val
28042,train
28043,test
28044,train
28045,train
28046,val
28047,train
28048,test
28049,val
28050,test
28051,train
28052,train
28053,test
28054,train
28055,train
28056,test
28057,val
28058,train
28059,train
28060,train
28061,train
28062,train
28063,train
28064,train
28065,val
28066,train
28067,train
28068,train
28069,train
28070,train
28071,train
28072,train
28073,val
28074,train
28075,train
28076,train
28077,test
28078,test
28079,train
28080,train
28081,train
28082,train
28083,val
28084,val
28085,train
28086,train
28087,train
28088,test
28089,val
28090,train
28091,train
28092,train
28093,val
28094,train
28095,test
28096,train
28097,test
28098,train
28099,train
28100,train
28101,test
28102,train
28103,train
28104,train
28105,train
28106,train
28107,val
28108,test
28109,train
28110,train
28111,train
28112,test
28113,train
28114,train
28115,train
28116,train
28117,train
28118,train
28119,val
28120,train
28121,train
28122,train
28123,train
28124,train
28125,train
28126,train
28127,val
28128,train
28129,train
28130,train
28131,train
28132,train
28133,train
28134,val
28135,train
28136,val
28137,val
28138,test
28139,train
28140,train
28141,val
28142,train
28143,test
28144,train
28145,train
28146,train
28147,train
28148,train
28149,train
28150,val
28151,train
28152,train
28153,train
28154,test
28155,val
28156,val
28157,train
28158,train
28159,val
28160,test
28161,train
28162,val
28163,train
28164,train
28165,test
28166,train
28167,test
28168,train
28169,train
28170,train
28171,train
28172,train
28173,train
28174,train
28175,train
28176,train
28177,test
28178,train
28179,train
28180,train
28181,test
28182,val
28183,train
28184,train
28185,test
28186,train
28187,train
28188,train
28189,val
28190,test
28191,train
28192,train
28193,train
28194,train
28195,train
28196,train
28197,test
28198,train
28199,train
28200,train
28201,val
28202,train
28203,train
28204,train
28205,train
28206,test
28207,train
28208,train
28209,train
28210,test
28211,train
28212,train
28213,val
28214,train
28215,test
28216,val
28217,test
28218,test
28219,train
28220,test
28221,val
28222,train
28223,train
28224,train
28225,train
28226,train
28227,train
28228,train
28229,train
28230,val
28231,train
28232,train
28233,train
28234,test
28235,val
28236,test
28237,train
28238,train
28239,train
28240,val
28241,train
28242,val
28243,train
28244,train
28245,train
28246,test
28247,train
28248,test
28249,train
28250,test
28251,train
28252,train
28253,train
28254,test
28255,train
28256,train
28257,train
28258,train
28259,train
28260,train
28261,test
28262,train
28263,train
28264,train
28265,train
28266,test
28267,train
28268,train
28269,train
28270,train
28271,val
28272,train
28273,train
28274,train
28275,train
28276,train
28277,test
28278,test
28279,train
28280,train
28281,train
28282,train
28283,test
28284,train
28285,train
28286,train
28287,train
28288,val
28289,test
28290,train
28291,train
28292,test
28293,train
28294,train
28295,train
28296,train
28297,train
28298,test
28299,train
28300,train
28301,train
28302,train
28303,train
28304,train
28305,train
28306,train
28307,train
28308,train
28309,train
28310,test
28311,train
28312,test
28313,train
28314,train
28315,train
28316,train
28317,train
28318,train
28319,train
28320,train
28321,test
28322,val
28323,train
28324,train
28325,train
28326,train
28327,train
28328,train
28329,train
28330,val
28331,train
28332,val
28333,train
28334,train
28335,test
28336,train
28337,val
28338,val
28339,train
28340,train
28341,train
28342,train
28343,val
28344,val
28345,train
28346,train
28347,test
28348,train
28349,train
28350,train
28351,train
28352,train
28353,val
28354,test
28355,train
28356,train
28357,train
28358,train
28359,train
28360,val
28361,test
28362,train
28363,train
28364,train
28365,train
28366,train
28367,train
28368,train
28369,train
28370,train
28371,val
28372,train
28373,train
28374,test
28375,train
28376,train
28377,test
28378,train
28379,train
28380,train
28381,train
28382,test
28383,train
28384,train
28385,train
28386,train
28387,train
28388,train
28389,train
28390,train
28391,val
28392,train
28393,train
28394,train
28395,val
28396,train
28397,val
28398,train
28399,train
28400,train
28401,train
28402,val
28403,train
28404,train
28405,val
28406,train
28407,train
28408,val
28409,train
28410,train
28411,train
28412,val
28413,train
28414,train
28415,test
28416,train
28417,train
28418,train
28419,val
28420,val
28421,val
28422,train
28423,val
28424,train
28425,test
28426,test
28427,test
28428,train
28429,train
28430,train
28431,train
28432,train
28433,train
28434,train
28435,val
28436,test
28437,train
28438,train
28439,train
28440,train
28441,train
28442,train
28443,train
28444,test
28445,val
28446,test
28447,val
28448,train
28449,train
28450,train
28451,train
28452,train
28453,train
28454,val
28455,train
28456,train
28457,train
28458,train
28459,test
28460,train
28461,train
28462,train
28463,test
28464,test
28465,train
28466,test
28467,val
28468,train
28469,train
28470,train
28471,train
28472,train
28473,train
28474,train
28475,train
28476,train
28477,test
28478,train
28479,train
28480,train
28481,val
28482,train
28483,test
28484,test
28485,train
28486,train
28487,val
28488,train
28489,train
28490,train
28491,train
28492,train
28493,train
28494,train
28495,val
28496,val
28497,train
28498,val
28499,train
28500,train
28501,train
28502,train
28503,train
28504,train
28505,train
28506,val
28507,test
28508,train
28509,train
28510,train
28511,train
28512,train
28513,train
28514,test
28515,train
28516,train
28517,val
28518,train
28519,val
28520,train
28521,train
28522,val
28523,train
28524,val
28525,train
28526,train
28527,train
28528,train
28529,train
28530,train
28531,train
28532,train
28533,train
28534,train
28535,train
28536,train
28537,val
28538,train
28539,train
28540,train
28541,train
28542,train
28543,train
28544,test
28545,train
28546,train
28547,train
28548,train
28549,train
28550,train
28551,train
28552,train
28553,train
28554,test
28555,train
28556,train
28557,val
28558,train
28559,train
28560,train
28561,val
28562,test
28563,val
28564,val
28565,test
28566,train
28567,val
28568,train
28569,val
28570,val
28571,train
28572,test
28573,val
28574,val
28575,val
28576,train
28577,test
28578,train
28579,train
28580,train
28581,test
28582,train
28583,test
28584,train
28585,train
28586,val
28587,train
28588,train
28589,val
28590,train
28591,test
28592,train
28593,train
28594,train
28595,train
28596,train
28597,train
28598,train
28599,test
28600,val
28601,val
28602,val
28603,val
28604,train
28605,train
28606,train
28607,val
28608,train
28609,train
28610,train
28611,val
28612,test
28613,train
28614,train
28615,test
28616,train
28617,train
28618,test
28619,train
28620,train
28621,val
28622,train
28623,train
28624,train
28625,val
28626,train
28627,test
28628,train
28629,test
28630,train
28631,train
28632,test
28633,test
28634,train
28635,test
28636,train
28637,train
28638,train
28639,val
28640,val
28641,train
28642,test
28643,test
28644,train
28645,val
28646,train
28647,train
28648,val
28649,train
28650,train
28651,test
28652,train
28653,train
28654,val
28655,train
28656,train
28657,val
28658,train
28659,train
28660,val
28661,train
28662,train
28663,val
28664,train
28665,train
28666,test
28667,train
28668,test
28669,train
28670,val
28671,train
28672,train
28673,train
28674,train
28675,train
28676,train
28677,train
28678,train
28679,train
28680,val
28681,train
28682,val
28683,val
28684,train
28685,val
28686,train
28687,train
28688,train
28689,val
28690,train
28691,train
28692,train
28693,train
28694,train
28695,test
28696,train
28697,train
28698,train
28699,train
28700,train
28701,test
28702,train
28703,train
28704,val
28705,train
28706,train
28707,test
28708,train
28709,train
28710,train
28711,train
28712,train
28713,test
28714,train
28715,train
28716,val
28717,val
28718,train
28719,train
28720,train
28721,test
28722,test
28723,train
28724,val
28725,train
28726,train
28727,train
28728,val
28729,train
28730,val
28731,train
28732,test
28733,val
28734,train
28735,train
28736,train
28737,train
28738,train
28739,train
28740,train
28741,test
28742,train
28743,train
28744,train
28745,test
28746,train
28747,train
28748,train
28749,train
28750,val
28751,train
28752,val
28753,train
28754,val
28755,train
28756,train
28757,test
28758,train
28759,val
28760,train
28761,train
28762,train
28763,test
28764,test
28765,train
28766,train
28767,train
28768,train
28769,train
28770,train
28771,test
28772,train
28773,test
28774,val
28775,test
28776,train
28777,val
28778,train
28779,train
28780,train
28781,train
28782,train
28783,train
28784,train
28785,val
28786,train
28787,train
28788,train
28789,test
28790,test
28791,val
28792,train
28793,val
28794,val
28795,train
28796,train
28797,val
28798,train
28799,test
28800,train
28801,train
28802,val
28803,train
28804,train
28805,test
28806,train
28807,train
28808,train
28809,val
28810,val
28811,train
28812,train
28813,train
28814,train
28815,train
28816,train
28817,train
28818,val
28819,train
28820,train
28821,train
28822,train
28823,test
28824,test
28825,train
28826,train
28827,train
28828,train
28829,train
28830,val
28831,train
28832,test
28833,test
28834,train
28835,train
28836,train
28837,train
28838,train
28839,val
28840,train
28841,train
28842,test
28843,test
28844,test
28845,train
28846,train
28847,train
28848,val
28849,val
28850,train
28851,test
28852,train
28853,train
28854,val
28855,test
28856,train
28857,train
28858,test
28859,train
28860,train
28861,val
28862,train
28863,val
28864,train
28865,train
28866,train
28867,train
28868,test
28869,train
28870,train
28871,train
28872,test
28873,train
28874,train
28875,train
28876,val
28877,train
28878,val
28879,train
28880,train
28881,train
28882,test
28883,train
28884,train
28885,train
28886,test
28887,train
28888,train
28889,train
28890,train
28891,val
28892,test
28893,val
28894,val
28895,train
28896,test
28897,train
28898,train
28899,val
28900,test
28901,val
28902,train
28903,train
28904,train
28905,train
28906,train
28907,train
28908,test
28909,train
28910,train
28911,train
28912,train
28913,train
28914,val
28915,train
28916,train
28917,train
28918,train
28919,train
28920,train
28921,train
28922,val
28923,train
28924,train
28925,val
28926,train
28927,train
28928,val
28929,train
28930,train
28931,test
28932,val
28933,val
28934,test
28935,train
28936,test
28937,train
28938,train
28939,train
28940,test
28941,train
28942,train
28943,train
28944,test
28945,val
28946,test
28947,train
28948,train
28949,train
28950,train
28951,train
28952,train
28953,train
28954,test
28955,test
28956,train
28957,train
28958,train
28959,train
28960,train
28961,train
28962,train
28963,train
28964,train
28965,train
28966,train
28967,train
28968,val
28969,val
28970,train
28971,train
28972,train
28973,train
28974,train
28975,val
28976,test
28977,test
28978,train
28979,train
28980,val
28981,val
28982,train
28983,train
28984,val
28985,train
28986,train
28987,train
28988,train
28989,test
28990,train
28991,test
28992,test
28993,train
28994,train
28995,test
28996,train
28997,test
28998,train
28999,val
29000,train
29001,train
29002,train
29003,train
29004,test
29005,train
29006,train
29007,train
29008,train
29009,train
29010,train
29011,train
29012,train
29013,val
29014,train
29015,val
29016,test
29017,test
29018,val
29019,train
29020,test
29021,train
29022,test
29023,train
29024,test
29025,train
29026,test
29027,train
29028,train
29029,val
29030,train
29031,train
29032,val
29033,train
29034,train
29035,train
29036,train
29037,train
29038,val
29039,train
29040,train
29041,val
29042,train
29043,train
29044,train
29045,train
29046,train
29047,train
29048,train
29049,val
29050,test
29051,test
29052,train
29053,train
29054,test
29055,train
29056,test
29057,train
29058,train
29059,val
29060,val
29061,train
29062,train
29063,train
29064,train
29065,train
29066,train
29067,train
29068,train
29069,train
29070,val
29071,train
29072,train
29073,train
29074,test
29075,train
29076,train
29077,train
29078,train
29079,train
29080,train
29081,train
29082,train
29083,train
29084,train
29085,train
29086,train
29087,train
29088,val
29089,train
29090,train
29091,train
29092,train
29093,train
29094,train
29095,train
29096,train
29097,train
29098,test
29099,train
29100,test
29101,val
29102,test
29103,train
29104,train
29105,train
29106,test
29107,val
29108,val
29109,train
29110,test
29111,train
29112,train
29113,train
29114,test
29115,train
29116,train
29117,train
29118,test
29119,train
29120,train
29121,train
29122,val
29123,train
29124,train
29125,test
29126,train
29127,val
29128,train
29129,train
29130,train
29131,train
29132,train
29133,train
29134,train
29135,train
29136,train
29137,train
29138,val
29139,train
29140,train
29141,train
29142,train
29143,train
29144,val
29145,test
29146,val
29147,train
29148,train
29149,train
29150,train
29151,train
29152,train
29153,test
29154,train
29155,test
29156,test
29157,train
29158,train
29159,train
29160,train
29161,test
29162,train
29163,train
29164,train
29165,test
29166,train
29167,val
29168,train
29169,train
29170,train
29171,train
29172,train
29173,val
29174,test
29175,test
29176,train
29177,val
29178,train
29179,test
29180,train
29181,train
29182,train
29183,test
29184,train
29185,train
29186,train
29187,train
29188,train
29189,train
29190,train
29191,val
29192,train
29193,train
29194,train
29195,train
29196,train
29197,train
29198,val
29199,test
29200,test
29201,train
29202,train
29203,train
29204,train
29205,train
29206,test
29207,val
29208,train
29209,train
29210,test
29211,train
29212,train
29213,train
29214,val
29215,test
29216,train
29217,val
29218,train
29219,train
29220,train
29221,train
29222,train
29223,train
29224,train
29225,train
29226,train
29227,train
29228,train
29229,val
29230,val
29231,train
29232,train
29233,train
29234,train
29235,test
29236,train
29237,train
29238,test
29239,train
29240,test
29241,train
29242,train
29243,train
29244,train
29245,train
29246,val
29247,train
29248,test
29249,train
29250,train
29251,val
29252,val
29253,val
29254,train
29255,val
29256,train
29257,train
29258,train
29259,val
29260,train
29261,train
29262,test
29263,train
29264,val
29265,train
29266,train
29267,train
29268,val
29269,train
29270,train
29271,val
29272,train
29273,val
29274,train
29275,train
29276,train
29277,val
29278,train
29279,train
29280,val
29281,train
29282,train
29283,train
29284,train
29285,test
29286,train
29287,test
29288,train
29289,train
29290,test
29291,train
29292,train
29293,train
29294,train
29295,test
29296,test
29297,train
29298,test
29299,train
29300,train
29301,train
29302,train
29303,val
29304,train
29305,train
29306,train
29307,train
29308,train
29309,train
29310,train
29311,train
29312,test
29313,val
29314,train
29315,train
29316,test
29317,val
29318,train
29319,train
29320,train
29321,train
29322,test
29323,train
29324,train
29325,train
29326,test
29327,train
29328,train
29329,train
29330,train
29331,test
29332,test
29333,train
29334,test
29335,train
29336,train
29337,train
29338,val
29339,train
29340,train
29341,train
29342,train
29343,train
29344,train
29345,train
29346,train
29347,train
29348,train
29349,train
29350,test
29351,train
29352,train
29353,train
29354,train
29355,test
29356,train
29357,train
29358,val
29359,val
29360,train
29361,train
29362,train
29363,train
29364,train
29365,train
29366,train
29367,val
29368,train
29369,train
29370,train
29371,train
29372,train
29373,train
29374,train
29375,train
29376,train
29377,test
29378,val
29379,test
29380,val
29381,train
29382,train
29383,test
29384,val
29385,train
29386,train
29387,train
29388,test
29389,train
29390,test
29391,train
29392,train
29393,train
29394,val
29395,train
29396,train
29397,train
29398,train
29399,test
29400,test
29401,train
29402,train
29403,train
29404,train
29405,test
29406,train
29407,train
29408,train
29409,test
29410,train
29411,train
29412,test
29413,val
29414,train
29415,test
29416,train
29417,val
29418,train
29419,train
29420,train
29421,val
29422,train
29423,train
29424,val
29425,test
29426,train
29427,train
29428,train
29429,train
29430,test
29431,test
29432,train
29433,val
29434,train
29435,train
29436,train
29437,train
29438,train
29439,train
29440,train
29441,train
29442,train
29443,train
29444,train
29445,train
29446,train
29447,train
29448,train
29449,train
29450,test
29451,train
29452,val
29453,test
29454,train
29455,train
29456,train
29457,val
29458,train
29459,train
29460,val
29461,train
29462,val
29463,train
29464,test
29465,train
29466,train
29467,train
29468,train
29469,train
29470,train
29471,val
29472,train
29473,train
29474,train
29475,train
29476,test
29477,train
29478,val
29479,train
29480,train
29481,val
29482,test
29483,train
29484,train
29485,train
29486,val
29487,val
29488,train
29489,train
29490,train
29491,train
29492,train
29493,val
29494,train
29495,train
29496,train
29497,train
29498,val
29499,train
29500,test
29501,test
29502,train
29503,train
29504,test
29505,train
29506,test
29507,test
29508,train
29509,train
29510,train
29511,train
29512,train
29513,val
29514,val
29515,train
29516,train
29517,train
29518,train
29519,train
29520,train
29521,train
29522,train
29523,train
29524,val
29525,train
29526,train
29527,train
29528,train
29529,train
29530,train
29531,val
29532,train
29533,train
29534,train
29535,train
29536,test
29537,train
29538,train
29539,train
29540,val
29541,test
29542,train
29543,train
29544,train
29545,train
29546,train
29547,train
29548,test
29549,train
29550,test
29551,val
29552,test
29553,train
29554,train
29555,train
29556,val
29557,val
29558,val
29559,train
29560,val
29561,train
29562,train
29563,val
29564,val
29565,val
29566,train
29567,train
29568,train
29569,train
29570,test
29571,train
29572,train
29573,test
29574,train
29575,train
29576,test
29577,train
29578,val
29579,train
29580,train
29581,val
29582,train
29583,val
29584,val
29585,train
29586,train
29587,train
29588,train
29589,train
29590,train
29591,test
29592,train
29593,test
29594,train
29595,train
29596,val
29597,train
29598,train
29599,train
29600,train
29601,train
29602,train
29603,train
29604,train
29605,test
29606,test
29607,train
29608,train
29609,train
29610,test
29611,test
29612,train
29613,train
29614,val
29615,train
29616,test
29617,val
29618,train
29619,train
29620,val
29621,train
29622,test
29623,train
29624,train
29625,train
29626,train
29627,train
29628,train
29629,test
29630,train
29631,train
29632,val
29633,train
29634,test
29635,train
29636,test
29637,train
29638,val
29639,test
29640,train
29641,test
29642,train
29643,test
29644,test
29645,train
29646,test
29647,train
29648,val
29649,train
29650,train
29651,train
29652,train
29653,val
29654,train
29655,train
29656,train
29657,train
29658,test
29659,train
29660,test
29661,train
29662,test
29663,train
29664,train
29665,train
29666,train
29667,test
29668,train
29669,test
29670,train
29671,train
29672,train
29673,train
29674,train
29675,train
29676,train
29677,val
29678,val
29679,train
29680,test
29681,train
29682,train
29683,train
29684,train
29685,train
29686,val
29687,train
29688,val
29689,train
29690,train
29691,train
29692,train
29693,test
29694,train
29695,test
29696,val
29697,test
29698,test
29699,train
29700,train
29701,train
29702,train
29703,train
29704,train
29705,train
29706,train
29707,train
29708,train
29709,train
29710,test
29711,train
29712,train
29713,train
29714,train
29715,test
29716,train
29717,train
29718,val
29719,test
29720,train
29721,test
29722,val
29723,train
29724,train
29725,val
29726,test
29727,train
29728,train
29729,train
29730,val
29731,val
29732,train
29733,train
29734,val
29735,val
29736,test
29737,train
29738,train
29739,train
29740,val
29741,val
29742,train
29743,train
29744,train
29745,train
29746,train
29747,train
29748,train
29749,train
29750,test
29751,train
29752,train
29753,val
29754,train
29755,train
29756,train
29757,val
29758,train
29759,test
29760,val
29761,train
29762,train
29763,train
29764,train
29765,train
29766,val
29767,test
29768,val
29769,train
29770,train
29771,train
29772,train
29773,test
29774,train
29775,train
29776,train
29777,test
29778,train
29779,train
29780,train
29781,train
29782,val
29783,train
29784,test
29785,train
29786,train
29787,train
29788,train
29789,test
29790,test
29791,test
29792,train
29793,train
29794,train
29795,val
29796,train
29797,test
29798,test
29799,test
29800,train
29801,train
29802,train
29803,test
29804,val
29805,train
29806,test
29807,train
29808,train
29809,train
29810,val
29811,train
29812,train
29813,train
29814,train
29815,train
29816,test
29817,train
29818,train
29819,train
29820,train
29821,train
29822,train
29823,train
29824,train
29825,train
29826,val
29827,train
29828,train
29829,train
29830,train
29831,train
29832,train
29833,val
29834,test
29835,train
29836,train
29837,train
29838,train
29839,train
29840,train
29841,val
29842,train
29843,train
29844,test
29845,train
29846,train
29847,train
29848,train
29849,train
29850,train
29851,train
29852,val
29853,train
29854,train
29855,test
29856,train
29857,val
29858,train
29859,train
29860,train
29861,val
29862,val
29863,train
29864,train
29865,val
29866,train
29867,train
29868,val
29869,train
29870,train
29871,train
29872,test
29873,train
29874,test
29875,train
29876,test
29877,train
29878,val
29879,test
29880,train
29881,val
29882,val
29883,train
29884,train
29885,train
29886,train
29887,train
29888,train
29889,val
29890,train
29891,train
29892,train
29893,train
29894,train
29895,train
29896,val
29897,val
29898,train
29899,train
29900,train
29901,train
29902,train
29903,train
29904,train
29905,train
29906,train
29907,train
29908,train
29909,test
29910,test
29911,train
29912,train
29913,test
29914,train
29915,train
29916,train
29917,train
29918,train
29919,val
29920,train
29921,val
29922,train
29923,val
29924,train
29925,test
29926,val
29927,test
29928,train
29929,test
29930,train
29931,train
29932,train
29933,train
29934,test
29935,train
29936,val
29937,train
29938,train
29939,train
29940,train
29941,train
29942,train
29943,train
29944,train
29945,train
29946,test
29947,train
29948,train
29949,train
29950,train
29951,val
29952,train
29953,train
29954,train
29955,train
29956,train
29957,train
29958,test
29959,train
29960,train
29961,test
29962,train
29963,train
29964,train
29965,test
29966,train
29967,val
29968,train
29969,train
29970,val
29971,train
29972,train
29973,train
29974,train
29975,val
29976,train
29977,train
29978,train
29979,train
29980,train
29981,train
29982,train
29983,train
29984,train
29985,val
29986,train
29987,train
29988,train
29989,train
29990,train
29991,train
29992,train
29993,train
29994,test
29995,train
29996,train
29997,val
29998,train
29999,train
30000,train
30001,train
30002,val
30003,train
30004,val
30005,val
30006,train
30007,train
30008,train
30009,val
30010,train
30011,train
30012,train
30013,train
30014,train
30015,train
30016,train
30017,train
30018,train
30019,train
30020,val
30021,train
30022,train
30023,train
30024,train
30025,val
30026,train
30027,train
30028,train
30029,val
30030,train
30031,train
30032,train
30033,train
30034,train
30035,train
30036,train
30037,test
30038,train
30039,train
30040,train
30041,train
30042,train
30043,test
30044,val
30045,val
30046,train
30047,train
30048,train
30049,test
30050,val
30051,train
30052,train
30053,test
30054,train
30055,train
30056,test
30057,train
30058,train
30059,train
30060,train
30061,test
30062,train
30063,train
30064,train
30065,train
30066,test
30067,train
30068,test
30069,train
30070,val
30071,train
30072,test
30073,val
30074,val
30075,train
30076,train
30077,val
30078,train
30079,train
30080,val
30081,val
30082,train
30083,train
30084,train
30085,train
30086,train
30087,train
30088,train
30089,train
30090,train
30091,train
30092,train
30093,train
30094,train
30095,val
30096,train
30097,train
30098,train
30099,train
30100,train
30101,test
30102,test
30103,train
30104,train
30105,train
30106,val
30107,train
30108,test
30109,train
30110,train
30111,val
30112,test
30113,test
30114,train
30115,train
30116,val
30117,train
30118,train
30119,train
30120,train
30121,train
30122,train
30123,train
30124,val
30125,val
30126,val
30127,test
30128,val
30129,train
30130,train
30131,train
30132,train
30133,train
30134,train
30135,train
30136,train
30137,test
30138,test
30139,train
30140,train
30141,train
30142,train
30143,train
30144,train
30145,train
30146,test
30147,test
30148,train
30149,test
30150,train
30151,train
30152,train
30153,train
30154,test
30155,train
30156,train
30157,train
30158,val
30159,train
30160,train
30161,train
30162,train
30163,train
30164,train
30165,train
30166,train
30167,train
30168,train
30169,val
30170,train
30171,train
30172,train
30173,val
30174,test
30175,train
30176,train
30177,train
30178,train
30179,test
30180,val
30181,train
30182,train
30183,test
30184,val
30185,train
30186,val
30187,train
30188,train
30189,test
30190,train
30191,train
30192,train
30193,test
30194,train
30195,val
30196,train
30197,val
30198,test
30199,train
30200,train
30201,val
30202,train
30203,val
30204,test
30205,train
30206,train
30207,val
30208,train
30209,train
30210,train
30211,train
30212,train
30213,train
30214,train
30215,val
30216,val
30217,train
30218,test
30219,train
30220,train
30221,val
30222,val
30223,train
30224,test
30225,train
30226,test
30227,train
30228,train
30229,train
30230,train
30231,train
30232,test
30233,test
30234,train
30235,train
30236,test
30237,train
30238,train
30239,train
30240,train
30241,train
30242,val
30243,train
30244,train
30245,train
30246,val
30247,train
30248,val
30249,train
30250,val
30251,test
30252,train
30253,train
30254,train
30255,train
30256,val
30257,val
30258,train
30259,train
30260,train
30261,train
30262,train
30263,train
30264,test
30265,train
30266,train
30267,train
30268,train
30269,test
30270,train
30271,train
30272,train
30273,train
30274,train
30275,train
30276,train
30277,train
30278,train
30279,train
30280,test
30281,test
30282,val
30283,train
30284,train
30285,train
30286,train
30287,val
30288,train
30289,train
30290,train
30291,train
30292,val
30293,train
30294,train
30295,train
30296,test
30297,train
30298,train
30299,train
30300,train
30301,train
30302,train
30303,train
30304,train
30305,train
30306,train
30307,train
30308,val
30309,train
30310,train
30311,val
30312,train
30313,train
30314,val
30315,val
30316,train
30317,train
30318,test
30319,train
30320,val
30321,val
30322,train
30323,train
30324,train
30325,train
30326,train
30327,test
30328,train
30329,train
30330,test
30331,train
30332,test
30333,train
30334,val
30335,test
30336,test
30337,train
30338,train
30339,train
30340,train
30341,test
30342,train
30343,val
30344,train
30345,val
30346,train
30347,train
30348,train
30349,train
30350,test
30351,train
30352,test
30353,train
30354,train
30355,train
30356,train
30357,train
30358,train
30359,train
30360,train
30361,train
30362,train
30363,val
30364,train
30365,train
30366,val
30367,train
30368,train
30369,train
30370,train
30371,test
30372,train
30373,val
30374,test
30375,val
30376,train
30377,train
30378,train
30379,val
30380,train
30381,train
30382,train
30383,train
30384,train
30385,test
30386,train
30387,train
30388,train
30389,train
30390,train
30391,train
30392,train
30393,train
30394,train
30395,train
30396,test
30397,val
30398,val
30399,train
30400,train
30401,train
30402,test
30403,train
30404,train
30405,train
30406,train
30407,test
30408,train
30409,train
30410,train
30411,train
30412,test
30413,val
30414,train
30415,train
30416,train
30417,train
30418,train
30419,train
30420,train
30421,train
30422,train
30423,train
30424,train
30425,train
30426,train
30427,test
30428,train
30429,train
30430,train
30431,train
30432,train
30433,test
30434,train
30435,train
30436,test
30437,val
30438,test
30439,train
30440,val
30441,val
30442,train
30443,test
30444,train
30445,test
30446,train
30447,val
30448,test
30449,train
30450,train
30451,test
30452,test
30453,train
30454,train
30455,train
30456,train
30457,train
30458,test
30459,train
30460,test
30461,train
30462,train
30463,train
30464,train
30465,train
30466,train
30467,val
30468,train
30469,train
30470,train
30471,train
30472,val
30473,train
30474,test
30475,train
30476,train
30477,train
30478,train
30479,train
30480,val
30481,train
30482,train
30483,train
30484,train
30485,train
30486,test
30487,train
30488,train
30489,train
30490,val
30491,train
30492,test
30493,train
30494,val
30495,val
30496,train
30497,train
30498,train
30499,train
30500,train
30501,train
30502,val
30503,train
30504,val
30505,train
30506,train
30507,test
30508,train
30509,train
30510,train
30511,train
30512,test
30513,train
30514,train
30515,train
30516,train
30517,train
30518,test
30519,train
30520,train
30521,val
30522,train
30523,train
30524,train
30525,train
30526,train
30527,val
30528,test
30529,train
30530,train
30531,test
30532,train
30533,train
30534,train
30535,test
30536,train
30537,test
30538,train
30539,train
30540,train
30541,train
30542,test
30543,train
30544,train
30545,train
30546,train
30547,train
30548,test
30549,train
30550,train
30551,val
30552,train
30553,train
30554,train
30555,train
30556,train
30557,train
30558,train
30559,train
30560,train
30561,train
30562,train
30563,train
30564,train
30565,train
30566,train
30567,train
30568,train
30569,train
30570,test
30571,train
30572,train
30573,val
30574,val
30575,train
30576,train
30577,test
30578,train
30579,train
30580,train
30581,train
30582,test
30583,train
30584,train
30585,train
30586,test
30587,train
30588,test
30589,val
30590,train
30591,train
30592,train
30593,val
30594,train
30595,train
30596,train
30597,train
30598,val
30599,val
30600,train
30601,test
30602,train
30603,train
30604,train
30605,train
30606,train
30607,test
30608,train
30609,val
30610,test
30611,train
30612,train
30613,train
30614,train
30615,train
30616,train
30617,train
30618,val
30619,train
30620,val
30621,train
30622,train
30623,train
30624,train
30625,val
30626,val
30627,train
30628,train
30629,test
30630,train
30631,train
30632,test
30633,train
30634,train
30635,train
30636,train
30637,val
30638,train
30639,test
30640,train
30641,train
30642,train
30643,train
30644,test
30645,test
30646,train
30647,train
30648,train
30649,train
30650,train
30651,train
30652,train
30653,test
30654,val
30655,train
30656,train
30657,train
30658,train
30659,train
30660,val
30661,test
30662,train
30663,train
30664,train
30665,train
30666,train
30667,train
30668,val
30669,train
30670,train
30671,train
30672,train
30673,train
30674,train
30675,val
30676,train
30677,test
30678,train
30679,train
30680,val
30681,train
30682,test
30683,train
30684,train
30685,test
30686,train
30687,test
30688,val
30689,train
30690,train
30691,test
30692,train
30693,val
30694,train
30695,test
30696,val
30697,val
30698,train
30699,train
30700,test
30701,train
30702,train
30703,train
30704,val
30705,train
30706,test
30707,val
30708,val
30709,val
30710,val
30711,train
30712,val
30713,val
30714,train
30715,train
30716,val
30717,train
30718,val
30719,test
30720,train
30721,train
30722,test
30723,train
30724,train
30725,train
30726,train
30727,train
30728,train
30729,train
30730,test
30731,train
30732,val
30733,train
30734,train
30735,train
30736,train
30737,val
30738,train
30739,train
30740,test
30741,train
30742,test
30743,train
30744,test
30745,test
30746,val
30747,train
30748,train
30749,val
30750,train
30751,train
30752,train
30753,train
30754,train
30755,train
30756,train
30757,test
30758,train
30759,train
30760,train
30761,train
30762,val
30763,train
30764,train
30765,train
30766,train
30767,train
30768,val
30769,train
30770,train
30771,train
30772,train
30773,train
30774,train
30775,train
30776,train
30777,train
30778,train
30779,train
30780,test
30781,train
30782,val
30783,train
30784,test
30785,test
30786,train
30787,val
30788,train
30789,val
30790,train
30791,train
30792,test
30793,train
30794,test
30795,val
30796,train
30797,val
30798,train
30799,train
30800,train
30801,train
30802,test
30803,train
30804,train
30805,val
30806,train
30807,train
30808,val
30809,train
30810,val
30811,test
30812,val
30813,train
30814,train
30815,train
30816,val
30817,train
30818,train
30819,val
30820,val
30821,train
30822,train
30823,train
30824,train
30825,test
30826,val
30827,train
30828,train
30829,test
30830,train
30831,train
30832,train
30833,train
30834,train
30835,val
30836,train
30837,val
30838,train
30839,val
30840,train
30841,test
30842,val
30843,val
30844,train
30845,val
30846,train
30847,test
30848,train
30849,train
30850,train
30851,train
30852,train
30853,test
30854,train
30855,train
30856,test
30857,train
30858,train
30859,train
30860,test
30861,train
30862,train
30863,train
30864,test
30865,val
30866,train
30867,val
30868,test
30869,val
30870,test
30871,train
30872,test
30873,val
30874,train
30875,val
30876,train
30877,train
30878,test
30879,train
30880,train
30881,train
30882,train
30883,train
30884,train
30885,train
30886,train
30887,train
30888,train
30889,test
30890,test
30891,val
30892,train
30893,train
30894,train
30895,train
30896,train
30897,train
30898,train
30899,train
30900,train
30901,train
30902,train
30903,train
30904,train
30905,train
30906,train
30907,test
30908,train
30909,train
30910,train
30911,val
30912,val
30913,train
30914,train
30915,train
30916,train
30917,test
30918,train
30919,val
30920,train
30921,val
30922,train
30923,val
30924,train
30925,val
30926,train
30927,train
30928,test
30929,train
30930,train
30931,train
30932,train
30933,test
30934,val
30935,train
30936,train
30937,train
30938,train
30939,train
30940,test
30941,train
30942,test
30943,train
30944,train
30945,train
30946,train
30947,train
30948,train
30949,train
30950,test
30951,test
30952,train
30953,train
30954,test
30955,val
30956,train
30957,train
30958,train
30959,train
30960,train
30961,test
30962,train
30963,train
30964,test
30965,train
30966,val
30967,train
30968,test
30969,train
30970,train
30971,train
30972,train
30973,train
30974,train
30975,val
30976,val
30977,val
30978,train
30979,test
30980,val
30981,train
30982,test
30983,train
30984,train
30985,train
30986,train
30987,train
30988,test
30989,val
30990,train
30991,train
30992,val
30993,train
30994,train
30995,train
30996,train
30997,train
30998,test
30999,train
31000,train
31001,train
31002,train
31003,train
31004,train
31005,val
31006,test
31007,train
31008,test
31009,val
31010,val
31011,test
31012,train
31013,train
31014,val
31015,val
31016,train
31017,train
31018,train
31019,train
31020,train
31021,train
31022,val
31023,train
31024,train
31025,test
31026,test
31027,train
31028,val
31029,test
31030,val
31031,train
31032,train
31033,train
31034,train
31035,train
31036,test
31037,train
31038,val
31039,train
31040,train
31041,train
31042,train
31043,train
31044,train
31045,test
31046,train
31047,train
31048,train
31049,train
31050,train
31051,train
31052,train
31053,train
31054,train
31055,val
31056,val
31057,val
31058,train
31059,test
31060,train
31061,val
31062,train
31063,train
31064,train
31065,train
31066,test
31067,train
31068,train
31069,val
31070,train
31071,train
31072,train
31073,test
31074,train
31075,train
31076,test
31077,train
31078,val
31079,train
31080,train
31081,train
31082,test
31083,train
31084,test
31085,train
31086,val
31087,train
31088,val
31089,train
31090,test
31091,train
31092,train
31093,val
31094,train
31095,val
31096,test
31097,train
31098,train
31099,train
31100,train
31101,val
31102,train
31103,val
31104,train
31105,train
31106,test
31107,train
31108,train
31109,train
31110,train
31111,val
31112,val
31113,train
31114,train
31115,test
31116,train
31117,train
31118,train
31119,train
31120,test
31121,val
31122,train
31123,train
31124,train
31125,val
31126,train
31127,train
31128,train
31129,train
31130,test
31131,train
31132,train
31133,train
31134,test
31135,train
31136,test
31137,train
31138,train
31139,train
31140,train
31141,train
31142,train
31143,val
31144,train
31145,val
31146,val
31147,test
31148,train
31149,train
31150,train
31151,train
31152,train
31153,val
31154,train
31155,train
31156,train
31157,train
31158,val
31159,train
31160,val
31161,train
31162,train
31163,train
31164,test
31165,train
31166,train
31167,train
31168,train
31169,train
31170,train
31171,train
31172,test
31173,train
31174,val
31175,train
31176,val
31177,test
31178,val
31179,test
31180,train
31181,train
31182,train
31183,train
31184,train
31185,val
31186,train
31187,train
31188,train
31189,train
31190,train
31191,train
31192,train
31193,train
31194,val
31195,train
31196,train
31197,train
31198,test
31199,train
31200,train
31201,val
31202,train
31203,train
31204,train
31205,train
31206,train
31207,test
31208,train
31209,train
31210,test
31211,train
31212,train
31213,test
31214,train
31215,train
31216,train
31217,train
31218,train
31219,train
31220,train
31221,test
31222,train
31223,val
31224,train
31225,train
31226,train
31227,train
31228,val
31229,train
31230,val
31231,train
31232,train
31233,test
31234,test
31235,test
31236,train
31237,train
31238,train
31239,test
31240,train
31241,train
31242,train
31243,train
31244,train
31245,val
31246,val
31247,train
31248,train
31249,train
31250,train
31251,test
31252,train
31253,train
31254,train
31255,train
31256,train
31257,train
31258,val
31259,train
31260,train
31261,val
31262,train
31263,train
31264,test
31265,train
31266,train
31267,train
31268,test
31269,test
31270,train
31271,train
31272,train
31273,train
31274,train
31275,val
31276,train
31277,train
31278,train
31279,train
31280,train
31281,train
31282,val
31283,train
31284,train
31285,train
31286,train
31287,train
31288,val
31289,test
31290,train
31291,train
31292,train
31293,test
31294,train
31295,train
31296,train
31297,train
31298,train
31299,train
31300,train
31301,train
31302,train
31303,train
31304,test
31305,train
31306,val
31307,train
31308,train
31309,train
31310,test
31311,train
31312,test
31313,train
31314,train
31315,train
31316,train
31317,train
31318,train
31319,train
31320,test
31321,test
31322,train
31323,train
31324,train
31325,train
31326,test
31327,train
31328,train
31329,train
31330,train
31331,train
31332,train
31333,train
31334,train
31335,train
31336,train
31337,train
31338,test
31339,train
31340,train
31341,train
31342,train
31343,val
31344,train
31345,train
31346,train
31347,train
31348,train
31349,train
31350,train
31351,train
31352,test
31353,val
31354,test
31355,train
31356,val
31357,train
31358,train
31359,train
31360,train
31361,val
31362,train
31363,val
31364,train
31365,train
31366,train
31367,val
31368,train
31369,train
31370,val
31371,test
31372,train
31373,train
31374,test
31375,train
31376,train
31377,train
31378,test
31379,test
31380,test
31381,train
31382,train
31383,train
31384,test
31385,train
31386,val
31387,train
31388,train
31389,train
31390,train
31391,test
31392,test
31393,train
31394,train
31395,train
31396,train
31397,train
31398,test
31399,train
31400,val
31401,val
31402,train
31403,train
31404,train
31405,test
31406,train
31407,test
31408,test
31409,train
31410,test
31411,train
31412,train
31413,train
31414,train
31415,train
31416,train
31417,train
31418,train
31419,train
31420,train
31421,train
31422,train
31423,train
31424,train
31425,test
31426,test
31427,train
31428,train
31429,train
31430,test
31431,test
31432,train
31433,train
31434,train
31435,train
31436,test
31437,train
31438,train
31439,train
31440,train
31441,train
31442,val
31443,train
31444,val
31445,train
31446,train
31447,test
31448,train
31449,train
31450,train
31451,train
31452,val
31453,test
31454,val
31455,test
31456,train
31457,train
31458,test
31459,test
31460,train
31461,train
31462,train
31463,train
31464,train
31465,train
31466,val
31467,train
31468,train
31469,train
31470,train
31471,train
31472,train
31473,train
31474,train
31475,train
31476,train
31477,train
31478,val
31479,train
31480,train
31481,train
31482,val
31483,train
31484,train
31485,train
31486,test
31487,train
31488,test
31489,val
31490,train
31491,train
31492,train
31493,train
31494,train
31495,train
31496,train
31497,test
31498,train
31499,train
31500,test
31501,train
31502,train
31503,test
31504,test
31505,train
31506,train
31507,val
31508,val
31509,val
31510,val
31511,train
31512,test
31513,test
31514,train
31515,train
31516,train
31517,test
31518,train
31519,train
31520,val
31521,test
31522,train
31523,train
31524,train
31525,train
31526,train
31527,train
31528,val
31529,train
31530,test
31531,train
31532,train
31533,test
31534,train
31535,train
31536,test
31537,train
31538,val
31539,train
31540,train
31541,train
31542,val
31543,test
31544,test
31545,train
31546,val
31547,val
31548,test
31549,train
31550,test
31551,train
31552,train
31553,train
31554,train
31555,val
31556,train
31557,train
31558,train
31559,test
31560,val
31561,train
31562,train
31563,val
31564,train
31565,train
31566,val
31567,train
31568,train
31569,train
31570,test
31571,val
31572,train
31573,train
31574,test
31575,test
31576,train
31577,train
31578,train
31579,train
31580,train
31581,train
31582,train
31583,train
31584,train
31585,test
31586,train
31587,val
31588,train
31589,train
31590,train
31591,train
31592,train
31593,train
31594,train
31595,train
31596,test
31597,train
31598,train
31599,test
31600,test
31601,test
31602,train
31603,train
31604,train
31605,train
31606,val
31607,val
31608,val
31609,train
31610,train
31611,train
31612,train
31613,train
31614,test
31615,train
31616,val
31617,train
31618,train
31619,val
31620,train
31621,train
31622,val
31623,train
31624,train
31625,train
31626,train
31627,train
31628,train
31629,val
31630,train
31631,val
31632,train
31633,test
31634,train
31635,val
31636,train
31637,train
31638,train
31639,test
31640,train
31641,train
31642,val
31643,train
31644,train
31645,train
31646,train
31647,train
31648,train
31649,train
31650,train
31651,train
31652,test
31653,train
31654,train
31655,train
31656,train
31657,train
31658,train
31659,train
31660,test
31661,train
31662,train
31663,val
31664,test
31665,train
31666,val
31667,train
31668,test
31669,train
31670,val
31671,test
31672,train
31673,train
31674,train
31675,train
31676,test
31677,train
31678,train
31679,train
31680,train
31681,train
31682,val
31683,train
31684,train
31685,train
31686,train
31687,test
31688,train
31689,train
31690,train
31691,train
31692,test
31693,val
31694,train
31695,val
31696,train
31697,train
31698,train
31699,train
31700,train
31701,train
31702,train
31703,val
31704,test
31705,val
31706,train
31707,train
31708,train
31709,train
31710,val
31711,train
31712,train
31713,train
31714,train
31715,train
31716,train
31717,train
31718,test
31719,train
31720,train
31721,train
31722,val
31723,test
31724,train
31725,train
31726,val
31727,train
31728,train
31729,train
31730,test
31731,val
31732,val
31733,val
31734,val
31735,train
31736,val
31737,train
31738,test
31739,val
31740,train
31741,val
31742,train
31743,train
31744,train
31745,train
31746,train
31747,test
31748,test
31749,test
31750,test
31751,train
31752,test
31753,train
31754,train
31755,train
31756,test
31757,test
31758,train
31759,train
31760,train
31761,train
31762,train
31763,train
31764,train
31765,train
31766,train
31767,train
31768,train
31769,test
31770,test
31771,val
31772,train
31773,train
31774,train
31775,train
31776,train
31777,train
31778,train
31779,train
31780,train
31781,train
31782,train
31783,train
31784,train
31785,train
31786,test
31787,train
31788,val
31789,train
31790,train
31791,train
31792,train
31793,train
31794,train
31795,val
31796,train
31797,train
31798,train
31799,train
31800,val
31801,val
31802,train
31803,val
31804,train
31805,train
31806,train
31807,train
31808,train
31809,train
31810,train
31811,train
31812,train
31813,train
31814,train
31815,train
31816,train
31817,val
31818,test
31819,train
31820,train
31821,val
31822,val
31823,train
31824,train
31825,val
31826,train
31827,train
31828,train
31829,train
31830,test
31831,train
31832,train
31833,train
31834,test
31835,train
31836,train
31837,test
31838,val
31839,val
31840,train
31841,train
31842,train
31843,test
31844,train
31845,train
31846,train
31847,train
31848,train
31849,test
31850,train
31851,train
31852,val
31853,val
31854,train
31855,train
31856,train
31857,train
31858,test
31859,train
31860,train
31861,train
31862,train
31863,train
31864,train
31865,train
31866,train
31867,train
31868,train
31869,train
31870,train
31871,train
31872,train
31873,val
31874,train
31875,test
31876,train
31877,val
31878,train
31879,train
31880,train
31881,train
31882,val
31883,test
31884,test
31885,test
31886,train
31887,train
31888,train
31889,train
31890,train
31891,test
31892,train
31893,train
31894,val
31895,test
31896,train
31897,val
31898,test
31899,train
31900,train
31901,train
31902,val
31903,val
31904,val
31905,train
31906,val
31907,train
31908,train
31909,val
31910,val
31911,train
31912,test
31913,train
31914,train
31915,train
31916,train
31917,train
31918,train
31919,train
31920,val
31921,train
31922,val
31923,train
31924,train
31925,train
31926,train
31927,train
31928,train
31929,train
31930,train
31931,train
31932,train
31933,test
31934,test
31935,train
31936,train
31937,train
31938,train
31939,test
31940,train
31941,train
31942,train
31943,test
31944,train
31945,test
31946,train
31947,test
31948,val
31949,train
31950,test
31951,train
31952,train
31953,train
31954,train
31955,train
31956,train
31957,train
31958,train
31959,train
31960,train
31961,val
31962,val
31963,test
31964,train
31965,train
31966,train
31967,train
31968,train
31969,train
31970,train
31971,train
31972,val
31973,test
31974,train
31975,train
31976,val
31977,train
31978,train
31979,train
31980,val
31981,train
31982,train
31983,train
31984,train
31985,train
31986,val
31987,train
31988,test
31989,train
31990,train
31991,train
31992,test
31993,train
31994,val
31995,train
31996,train
31997,test
31998,test
31999,train
32000,train
32001,train
32002,test
32003,train
32004,train
32005,train
32006,train
32007,val
32008,train
32009,val
32010,train
32011,train
32012,test
32013,test
32014,train
32015,train
32016,test
32017,val
32018,train
32019,train
32020,test
32021,train
32022,test
32023,test
32024,train
32025,val
32026,test
32027,test
32028,test
32029,train
32030,train
32031,train
32032,test
32033,train
32034,train
32035,train
32036,train
32037,train
32038,train
32039,train
32040,train
32041,val
32042,train
32043,train
32044,train
32045,train
32046,train
32047,train
32048,train
32049,train
32050,test
32051,train
32052,train
32053,train
32054,train
32055,test
32056,train
32057,test
32058,train
32059,val
32060,test
32061,train
32062,train
32063,train
32064,train
32065,train
32066,train
32067,train
32068,val
32069,train
32070,test
32071,train
32072,train
32073,train
32074,train
32075,train
32076,train
32077,train
32078,train
32079,train
32080,val
32081,train
32082,val
32083,val
32084,train
32085,train
32086,val
32087,train
32088,train
32089,train
32090,val
32091,train
32092,train
32093,train
32094,train
32095,train
32096,train
32097,train
32098,train
32099,train
32100,train
32101,train
32102,train
32103,train
32104,train
32105,train
32106,train
32107,test
32108,val
32109,train
32110,train
32111,train
32112,train
32113,train
32114,val
32115,train
32116,train
32117,val
32118,train
32119,train
32120,train
32121,val
32122,val
32123,train
32124,test
32125,val
32126,train
32127,train
32128,train
32129,train
32130,val
32131,train
32132,train
32133,train
32134,train
32135,val
32136,val
32137,train
32138,train
32139,val
32140,train
32141,train
32142,train
32143,train
32144,test
32145,train
32146,train
32147,test
32148,train
32149,test
32150,train
32151,train
32152,train
32153,train
32154,train
32155,train
32156,train
32157,train
32158,train
32159,train
32160,train
32161,train
32162,train
32163,val
32164,train
32165,train
32166,train
32167,train
32168,train
32169,train
32170,train
32171,train
32172,train
32173,train
32174,train
32175,train
32176,train
32177,test
32178,train
32179,val
32180,train
32181,train
32182,test
32183,train
32184,train
32185,train
32186,train
32187,train
32188,train
32189,train
32190,train
32191,test
32192,train
32193,train
32194,train
32195,train
32196,train
32197,val
32198,train
32199,train
32200,train
32201,val
32202,train
32203,train
32204,test
32205,train
32206,train
32207,train
32208,train
32209,train
32210,test
32211,val
32212,train
32213,train
32214,train
32215,val
32216,test
32217,train
32218,train
32219,val
32220,train
32221,train
32222,train
32223,train
32224,train
32225,train
32226,train
32227,train
32228,train
32229,train
32230,train
32231,train
32232,train
32233,train
32234,train
32235,train
32236,train
32237,train
32238,train
32239,train
32240,train
32241,train
32242,train
32243,val
32244,train
32245,train
32246,val
32247,train
32248,train
32249,test
32250,train
32251,train
32252,train
32253,val
32254,train
32255,val
32256,train
32257,train
32258,train
32259,train
32260,train
32261,train
32262,train
32263,train
32264,train
32265,train
32266,train
32267,train
32268,train
32269,train
32270,val
32271,train
32272,train
32273,val
32274,train
32275,train
32276,val
32277,train
32278,train
32279,test
32280,train
32281,test
32282,train
32283,val
32284,test
32285,train
32286,train
32287,train
32288,train
32289,test
32290,train
32291,train
32292,train
32293,train
32294,val
32295,train
32296,train
32297,val
32298,test
32299,val
32300,train
32301,val
32302,train
32303,val
32304,train
32305,val
32306,train
32307,test
32308,val
32309,val
32310,test
32311,train
32312,val
32313,test
32314,train
32315,train
32316,val
32317,train
32318,train
32319,train
32320,test
32321,train
32322,train
32323,train
32324,val
32325,val
32326,train
32327,val
32328,train
32329,test
32330,train
32331,test
32332,test
32333,val
32334,train
32335,train
32336,val
32337,train
32338,train
32339,train
32340,train
32341,train
32342,train
32343,val
32344,train
32345,train
32346,train
32347,train
32348,train
32349,train
32350,test
32351,train
32352,train
32353,train
32354,val
32355,train
32356,train
32357,train
32358,train
32359,val
32360,test
32361,val
32362,train
32363,train
32364,train
32365,train
32366,val
32367,train
32368,train
32369,train
32370,train
32371,train
32372,train
32373,train
32374,train
32375,train
32376,train
32377,test
32378,train
32379,val
32380,val
32381,train
32382,train
32383,train
32384,train
32385,train
32386,train
32387,train
32388,train
32389,train
32390,train
32391,train
32392,train
32393,train
32394,test
32395,train
32396,train
32397,val
32398,train
32399,train
32400,test
32401,train
32402,train
32403,train
32404,train
32405,train
32406,train
32407,train
32408,val
32409,test
32410,test
32411,train
32412,train
32413,train
32414,train
32415,val
32416,train
32417,train
32418,train
32419,train
32420,val
32421,train
32422,train
32423,train
32424,train
32425,train
32426,train
32427,val
32428,train
32429,train
32430,train
32431,train
32432,train
32433,train
32434,test
32435,val
32436,train
32437,val
32438,train
32439,train
32440,train
32441,val
32442,train
32443,train
32444,train
32445,train
32446,train
32447,train
32448,train
32449,train
32450,val
32451,val
32452,train
32453,train
32454,train
32455,train
32456,val
32457,test
32458,train
32459,train
32460,train
32461,train
32462,train
32463,train
32464,val
32465,train
32466,train
32467,val
32468,test
32469,train
32470,val
32471,train
32472,train
32473,train
32474,val
32475,train
32476,train
32477,train
32478,val
32479,train
32480,train
32481,train
32482,train
32483,train
32484,test
32485,train
32486,train
32487,val
32488,train
32489,train
32490,val
32491,val
32492,train
32493,val
32494,train
32495,test
32496,train
32497,test
32498,test
32499,test
32500,train
32501,train
32502,train
32503,train
32504,train
32505,train
32506,train
32507,train
32508,train
32509,test
32510,val
32511,train
32512,train
32513,train
32514,train
32515,train
32516,train
32517,train
32518,train
32519,train
32520,train
32521,train
32522,test
32523,val
32524,train
32525,train
32526,val
32527,train
32528,train
32529,train
32530,test
32531,test
32532,train
32533,test
32534,val
32535,train
32536,train
32537,train
32538,train
32539,test
32540,train
32541,train
32542,train
32543,val
32544,test
32545,train
32546,val
32547,train
32548,test
32549,train
32550,train
32551,val
32552,train
32553,train
32554,train
32555,train
32556,train
32557,test
32558,val
32559,train
32560,train
32561,train
32562,train
32563,train
32564,train
32565,train
32566,train
32567,test
32568,train
32569,train
32570,val
32571,train
32572,train
32573,train
32574,train
32575,test
32576,train
32577,val
32578,val
32579,train
32580,train
32581,train
32582,train
32583,train
32584,train
32585,train
32586,test
32587,val
32588,train
32589,train
32590,val
32591,train
32592,train
32593,train
32594,train
32595,train
32596,train
32597,train
32598,val
32599,train
32600,train
32601,test
32602,val
32603,train
32604,train
32605,train
32606,train
32607,train
32608,test
32609,val
32610,test
32611,train
32612,test
32613,test
32614,val
32615,train
32616,train
32617,test
32618,val
32619,test
32620,val
32621,val
32622,val
32623,train
32624,train
32625,train
32626,val
32627,train
32628,train
32629,val
32630,train
32631,train
32632,val
32633,val
32634,train
32635,train
32636,val
32637,train
32638,test
32639,val
32640,train
32641,train
32642,train
32643,train
32644,test
32645,train
32646,train
32647,train
32648,val
32649,train
32650,train
32651,train
32652,train
32653,train
32654,train
32655,train
32656,train
32657,train
32658,train
32659,val
32660,train
32661,test
32662,train
32663,test
32664,train
32665,train
32666,train
32667,test
32668,train
32669,train
32670,train
32671,val
32672,train
32673,train
32674,train
32675,train
32676,train
32677,train
32678,train
32679,train
32680,train
32681,train
32682,val
32683,test
32684,test
32685,train
32686,train
32687,val
32688,train
32689,train
32690,test
32691,train
32692,train
32693,val
32694,test
32695,train
32696,train
32697,train
32698,train
32699,train
32700,train
32701,val
32702,train
32703,val
32704,train
32705,train
32706,train
32707,test
32708,val
32709,val
32710,train
32711,val
32712,test
32713,train
32714,train
32715,test
32716,train
32717,val
32718,train
32719,val
32720,train
32721,train
32722,test
32723,train
32724,train
32725,train
32726,test
32727,train
32728,train
32729,train
32730,train
32731,train
32732,test
32733,train
32734,train
32735,train
32736,test
32737,train
32738,train
32739,train
32740,train
32741,val
32742,train
32743,test
32744,train
32745,train
32746,train
32747,train
32748,train
32749,train
32750,train
32751,train
32752,train
32753,val
32754,train
32755,train
32756,val
32757,train
32758,val
32759,train
32760,train
32761,train
32762,train
32763,train
32764,train
32765,train
32766,test
32767,train
32768,train
32769,train
32770,test
32771,train
32772,val
32773,train
32774,test
32775,train
32776,train
32777,train
32778,test
32779,train
32780,train
32781,train
32782,train
32783,train
32784,val
32785,val
32786,train
32787,train
32788,val
32789,test
32790,val
32791,train
32792,train
32793,train
32794,val
32795,train
32796,train
32797,val
32798,train
32799,test
32800,train
32801,val
32802,train
32803,train
32804,test
32805,train
32806,train
32807,train
32808,train
32809,train
32810,test
32811,train
32812,train
32813,test
32814,train
32815,train
32816,train
32817,val
32818,train
32819,test
32820,train
32821,test
32822,train
32823,val
32824,train
32825,train
32826,train
32827,train
32828,train
32829,test
32830,test
32831,train
32832,train
32833,test
32834,test
32835,test
32836,train
32837,val
32838,train
32839,val
32840,test
32841,train
32842,train
32843,val
32844,train
32845,train
32846,test
32847,train
32848,train
32849,train
32850,train
32851,train
32852,train
32853,val
32854,train
32855,train
32856,train
32857,val
32858,train
32859,test
32860,train
32861,train
32862,train
32863,train
32864,train
32865,train
32866,val
32867,val
32868,train
32869,val
32870,val
32871,train
32872,train
32873,val
32874,train
32875,val
32876,train
32877,train
32878,train
32879,train
32880,train
32881,val
32882,train
32883,test
32884,train
32885,train
32886,train
32887,train
32888,val
32889,val
32890,train
32891,train
32892,train
32893,test
32894,test
32895,test
32896,train
32897,train
32898,train
32899,val
32900,val
32901,train
32902,train
32903,val
32904,train
32905,test
32906,train
32907,train
32908,train
32909,train
32910,train
32911,train
32912,train
32913,train
32914,val
32915,train
32916,train
32917,train
32918,val
32919,train
32920,val
32921,val
32922,train
32923,train
32924,test
32925,train
32926,train
32927,val
32928,train
32929,train
32930,val
32931,train
32932,train
32933,train
32934,val
32935,val
32936,train
32937,test
32938,train
32939,train
32940,train
32941,train
32942,train
32943,train
32944,train
32945,val
32946,test
32947,train
32948,train
32949,train
32950,train
32951,train
32952,val
32953,train
32954,val
32955,train
32956,train
32957,train
32958,train
32959,train
32960,train
32961,train
32962,val
32963,train
32964,train
32965,test
32966,train
32967,train
32968,test
32969,val
32970,train
32971,train
32972,train
32973,test
32974,train
32975,train
32976,train
32977,train
32978,test
32979,train
32980,train
32981,test
32982,train
32983,test
32984,train
32985,test
32986,test
32987,train
32988,train
32989,train
32990,val
32991,val
32992,train
32993,train
32994,train
32995,test
32996,val
32997,train
32998,train
32999,train
33000,train
33001,train
33002,val
33003,val
33004,train
33005,train
33006,train
33007,train
33008,train
33009,train
33010,train
33011,train
33012,train
33013,test
33014,train
33015,val
33016,train
33017,train
33018,train
33019,train
33020,train
33021,train
33022,train
33023,test
33024,test
33025,train
33026,train
33027,train
33028,train
33029,train
33030,train
33031,train
33032,train
33033,train
33034,train
33035,train
33036,train
33037,train
33038,test
33039,train
33040,train
33041,train
33042,train
33043,val
33044,train
33045,train
33046,test
33047,test
33048,test
33049,train
33050,val
33051,train
33052,train
33053,test
33054,train
33055,train
33056,train
33057,test
33058,train
33059,train
33060,val
33061,test
33062,train
33063,train
33064,val
33065,train
33066,val
33067,train
33068,train
33069,train
33070,train
33071,train
33072,val
33073,train
33074,train
33075,train
33076,train
33077,train
33078,train
33079,train
33080,train
33081,train
33082,train
33083,val
33084,train
33085,val
33086,train
33087,train
33088,train
33089,train
33090,train
33091,train
33092,train
33093,train
33094,val
33095,val
33096,test
33097,test
33098,train
33099,test
33100,train
33101,train
33102,train
33103,train
33104,train
33105,train
33106,train
33107,test
33108,train
33109,train
33110,test
33111,train
33112,train
33113,train
33114,train
33115,train
33116,train
33117,train
33118,train
33119,val
33120,train
33121,train
33122,val
33123,train
33124,train
33125,val
33126,train
33127,train
33128,train
33129,train
33130,val
33131,test
33132,train
33133,train
33134,train
33135,train
33136,train
33137,train
33138,train
33139,train
33140,test
33141,train
33142,train
33143,val
33144,val
33145,train
33146,train
33147,test
33148,train
33149,test
33150,train
33151,train
33152,train
33153,train
33154,train
33155,val
33156,train
33157,train
33158,train
33159,train
33160,train
33161,train
33162,train
33163,train
33164,train
33165,train
33166,train
33167,train
33168,test
33169,test
33170,train
33171,test
33172,test
33173,train
33174,train
33175,train
33176,train
33177,train
33178,test
33179,train
33180,train
33181,train
33182,train
33183,train
33184,val
33185,train
33186,val
33187,train
33188,train
33189,test
33190,train
33191,train
33192,train
33193,train
33194,train
33195,train
33196,train
33197,val
33198,train
33199,train
33200,val
33201,test
33202,train
33203,train
33204,test
33205,train
33206,test
33207,val
33208,test
33209,train
33210,train
33211,train
33212,test
33213,train
33214,train
33215,train
33216,train
33217,train
33218,train
33219,train
33220,train
33221,train
33222,test
33223,train
33224,train
33225,train
33226,train
33227,train
33228,val
33229,train
33230,train
33231,test
33232,train
33233,train
33234,train
33235,train
33236,test
33237,train
33238,train
33239,train
33240,train
33241,train
33242,test
33243,train
33244,train
33245,train
33246,train
33247,val
33248,test
33249,train
33250,train
33251,val
33252,train
33253,train
33254,train
33255,val
33256,test
33257,train
33258,train
33259,train
33260,val
33261,train
33262,train
33263,train
33264,train
33265,train
33266,train
33267,train
33268,train
33269,train
33270,train
33271,train
33272,train
33273,test
33274,train
33275,train
33276,train
33277,train
33278,train
33279,train
33280,val
33281,train
33282,train
33283,test
33284,train
33285,train
33286,train
33287,test
33288,train
33289,train
33290,train
33291,train
33292,train
33293,train
33294,train
33295,train
33296,train
33297,test
33298,train
33299,val
33300,train
33301,train
33302,train
33303,train
33304,train
33305,train
33306,test
33307,train
33308,train
33309,test
33310,train
33311,test
33312,train
33313,train
33314,train
33315,train
33316,train
33317,train
33318,train
33319,train
33320,train
33321,val
33322,train
33323,train
33324,train
33325,train
33326,val
33327,train
33328,train
33329,train
33330,train
33331,train
33332,train
33333,train
33334,train
33335,train
33336,train
33337,test
33338,val
33339,train
33340,train
33341,train
33342,train
33343,train
33344,test
33345,train
33346,train
33347,train
33348,test
33349,train
33350,train
33351,train
33352,train
33353,test
33354,train
33355,train
33356,train
33357,test
33358,train
33359,train
33360,train
33361,train
33362,test
33363,train
33364,train
33365,train
33366,train
33367,test
33368,train
33369,train
33370,train
33371,train
33372,train
33373,train
33374,test
33375,train
33376,val
33377,train
33378,train
33379,val
33380,val
33381,test
33382,test
33383,train
33384,train
33385,train
33386,train
33387,val
33388,test
33389,train
33390,train
33391,train
33392,val
33393,train
33394,train
33395,test
33396,train
33397,train
33398,train
33399,train
33400,train
33401,train
33402,test
33403,train
33404,train
33405,train
33406,test
33407,val
33408,train
33409,train
33410,val
33411,train
33412,train
33413,train
33414,train
33415,train
33416,val
33417,train
33418,train
33419,val
33420,train
33421,train
33422,train
33423,val
33424,train
33425,val
33426,train
33427,train
33428,train
33429,val
33430,train
33431,train
33432,train
33433,train
33434,train
33435,train
33436,train
33437,train
33438,train
33439,train
33440,test
33441,train
33442,train
33443,train
33444,train
33445,val
33446,train
33447,train
33448,train
33449,test
33450,val
33451,test
33452,train
33453,val
33454,val
33455,val
33456,val
33457,test
33458,test
33459,test
33460,train
33461,val
33462,test
33463,test
33464,train
33465,train
33466,train
33467,train
33468,train
33469,val
33470,test
33471,train
33472,val
33473,train
33474,test
33475,test
33476,val
33477,val
33478,train
33479,test
33480,test
33481,train
33482,test
33483,train
33484,test
33485,train
33486,val
33487,train
33488,train
33489,test
33490,test
33491,train
33492,train
33493,test
33494,train
33495,train
33496,test
33497,train
33498,train
33499,train
33500,train
33501,train
33502,train
33503,train
33504,train
33505,test
33506,train
33507,train
33508,train
33509,test
33510,val
33511,val
33512,train
33513,test
33514,train
33515,train
33516,train
33517,train
33518,train
33519,val
33520,val
33521,train
33522,train
33523,train
33524,test
33525,train
33526,train
33527,train
33528,train
33529,train
33530,train
33531,train
33532,train
33533,train
33534,val
33535,train
33536,train
33537,train
33538,test
33539,train
33540,train
33541,train
33542,train
33543,test
33544,train
33545,train
33546,train
33547,test
33548,test
33549,train
33550,train
33551,train
33552,train
33553,train
33554,train
33555,train
33556,train
33557,train
33558,train
33559,train
33560,train
33561,test
33562,val
33563,train
33564,train
33565,train
33566,val
33567,test
33568,val
33569,train
33570,train
33571,train
33572,train
33573,val
33574,train
33575,train
33576,train
33577,train
33578,train
33579,val
33580,val
33581,val
33582,val
33583,train
33584,train
33585,train
33586,train
33587,train
33588,test
33589,train
33590,val
33591,train
33592,train
33593,train
33594,test
33595,train
33596,train
33597,train
33598,val
33599,train
33600,train
33601,test
33602,val
33603,train
33604,train
33605,train
33606,train
33607,train
33608,train
33609,train
33610,train
33611,train
33612,val
33613,train
33614,val
33615,test
33616,train
33617,val
33618,test
33619,val
33620,train
33621,train
33622,train
33623,train
33624,test
33625,train
33626,test
33627,train
33628,train
33629,train
33630,train
33631,test
33632,train
33633,train
33634,test
33635,val
33636,train
33637,train
33638,train
33639,train
33640,train
33641,train
33642,train
33643,train
33644,train
33645,test
33646,train
33647,train
33648,train
33649,val
33650,train
33651,train
33652,val
33653,train
33654,train
33655,train
33656,train
33657,val
33658,train
33659,test
33660,train
33661,val
33662,val
33663,val
33664,val
33665,train
33666,train
33667,train
33668,train
33669,train
33670,test
33671,train
33672,test
33673,test
33674,train
33675,train
33676,train
33677,test
33678,train
33679,train
33680,val
33681,test
33682,train
33683,train
33684,train
33685,val
33686,train
33687,train
33688,train
33689,train
33690,val
33691,test
33692,train
33693,test
33694,train
33695,train
33696,train
33697,train
33698,test
33699,train
33700,train
33701,train
33702,test
33703,train
33704,train
33705,test
33706,val
33707,train
33708,train
33709,train
33710,train
33711,train
33712,train
33713,train
33714,train
33715,train
33716,train
33717,train
33718,train
33719,val
33720,train
33721,train
33722,train
33723,val
33724,train
33725,train
33726,val
33727,train
33728,train
33729,val
33730,train
33731,train
33732,train
33733,val
33734,train
33735,val
33736,val
33737,train
33738,train
33739,train
33740,val
33741,test
33742,test
33743,test
33744,train
33745,val
33746,train
33747,train
33748,val
33749,test
33750,train
33751,train
33752,train
33753,train
33754,train
33755,test
33756,train
33757,train
33758,train
33759,train
33760,test
33761,test
33762,train
33763,train
33764,val
33765,train
33766,train
33767,val
33768,train
33769,val
33770,test
33771,val
33772,train
33773,test
33774,val
33775,test
33776,train
33777,train
33778,train
33779,val
33780,val
33781,train
33782,train
33783,train
33784,train
33785,train
33786,train
33787,val
33788,train
33789,train
33790,val
33791,train
33792,train
33793,train
33794,train
33795,train
33796,test
33797,test
33798,val
33799,train
33800,train
33801,train
33802,val
33803,train
33804,train
33805,train
33806,val
33807,test
33808,test
33809,val
33810,train
33811,train
33812,train
33813,train
33814,test
33815,train
33816,train
33817,train
33818,train
33819,val
33820,train
33821,val
33822,train
33823,train
33824,test
33825,test
33826,val
33827,val
33828,train
33829,train
33830,test
33831,test
33832,test
33833,train
33834,train
33835,train
33836,train
33837,test
33838,test
33839,test
33840,train
33841,test
33842,val
33843,train
33844,val
33845,train
33846,test
33847,val
33848,train
33849,test
33850,test
33851,test
33852,test
33853,train
33854,test
33855,train
33856,val
33857,train
33858,val
33859,train
33860,train
33861,train
33862,val
33863,val
33864,val
33865,train
33866,test
33867,test
33868,train
33869,val
33870,train
33871,train
33872,train
33873,val
33874,train
33875,train
33876,train
33877,train
33878,val
33879,train
33880,train
33881,train
33882,val
33883,test
33884,train
33885,train
33886,train
33887,train
33888,train
33889,train
33890,train
33891,train
33892,train
33893,train
33894,train
33895,train
33896,train
33897,val
33898,train
33899,test
33900,train
33901,train
33902,val
33903,train
33904,train
33905,val
33906,val
33907,train
33908,train
33909,test
33910,train
33911,train
33912,train
33913,val
33914,train
33915,train
33916,val
33917,test
33918,train
33919,test
33920,train
33921,val
33922,train
33923,test
33924,val
33925,val
33926,val
33927,val
33928,val
33929,train
33930,train
33931,train
33932,train
33933,train
33934,train
33935,train
33936,train
33937,train
33938,train
33939,test
33940,train
33941,train
33942,train
33943,test
33944,val
33945,train
33946,train
33947,train
33948,train
33949,train
33950,test
33951,train
33952,train
33953,train
33954,train
33955,train
33956,val
33957,train
33958,train
33959,val
33960,test
33961,test
33962,train
33963,train
33964,train
33965,train
33966,train
33967,train
33968,train
33969,val
33970,test
33971,val
33972,train
33973,train
33974,train
33975,test
33976,train
33977,train
33978,test
33979,train
33980,train
33981,train
33982,test
33983,val
33984,train
33985,test
33986,train
33987,train
33988,val
33989,train
33990,train
33991,train
33992,test
33993,train
33994,val
33995,train
33996,train
33997,train
33998,train
33999,test
34000,train
34001,train
34002,train
34003,test
34004,train
34005,train
34006,train
34007,train
34008,train
34009,train
34010,train
34011,val
34012,train
34013,train
34014,train
34015,val
34016,train
34017,train
34018,train
34019,train
34020,val
34021,train
34022,val
34023,train
34024,train
34025,train
34026,train
34027,test
34028,train
34029,train
34030,train
34031,val
34032,train
34033,train
34034,train
34035,train
34036,val
34037,train
34038,train
34039,train
34040,train
34041,train
34042,train
34043,train
34044,val
34045,train
34046,test
34047,val
34048,train
34049,train
34050,train
34051,train
34052,train
34053,train
34054,train
34055,train
34056,train
34057,train
34058,train
34059,train
34060,val
34061,train
34062,train
34063,train
34064,train
34065,train
34066,train
34067,train
34068,val
34069,test
34070,test
34071,test
34072,train
34073,train
34074,train
34075,train
34076,train
34077,test
34078,val
34079,train
34080,train
34081,train
34082,val
34083,train
34084,val
34085,train
34086,train
34087,val
34088,train
34089,val
34090,val
34091,train
34092,train
34093,train
34094,test
34095,train
34096,train
34097,val
34098,train
34099,train
34100,test
34101,val
34102,val
34103,train
34104,train
34105,test
34106,train
34107,test
34108,train
34109,test
34110,val
34111,val
34112,train
34113,train
34114,test
34115,train
34116,train
34117,train
34118,train
34119,train
34120,val
34121,train
34122,test
34123,train
34124,train
34125,val
34126,train
34127,val
34128,val
34129,train
34130,test
34131,val
34132,train
34133,train
34134,val
34135,train
34136,train
34137,train
34138,train
34139,val
34140,train
34141,train
34142,train
34143,train
34144,train
34145,train
34146,val
34147,train
34148,train
34149,train
34150,train
34151,test
34152,train
34153,train
34154,train
34155,train
34156,val
34157,train
34158,train
34159,train
34160,train
34161,train
34162,test
34163,val
34164,train
34165,train
34166,train
34167,val
34168,train
34169,train
34170,train
34171,train
34172,train
34173,train
34174,test
34175,train
34176,test
34177,train
34178,train
34179,val
34180,val
34181,train
34182,train
34183,train
34184,train
34185,test
34186,test
34187,train
34188,train
34189,train
34190,test
34191,train
34192,train
34193,train
34194,train
34195,train
34196,val
34197,train
34198,train
34199,train
34200,train
34201,train
34202,train
34203,train
34204,test
34205,train
34206,train
34207,train
34208,val
34209,test
34210,test
34211,val
34212,val
34213,val
34214,val
34215,train
34216,val
34217,train
34218,train
34219,train
34220,train
34221,train
34222,val
34223,val
34224,train
34225,train
34226,train
34227,test
34228,train
34229,train
34230,train
34231,val
34232,train
34233,train
34234,train
34235,test
34236,train
34237,train
34238,train
34239,train
34240,test
34241,train
34242,train
34243,train
34244,val
34245,val
34246,train
34247,train
34248,train
34249,train
34250,test
34251,train
34252,train
34253,train
34254,train
34255,train
34256,train
34257,train
34258,train
34259,train
34260,train
34261,val
34262,val
34263,train
34264,train
34265,train
34266,train
34267,train
34268,test
34269,train
34270,train
34271,val
34272,train
34273,train
34274,train
34275,train
34276,train
34277,train
34278,train
34279,val
34280,train
34281,train
34282,train
34283,train
34284,train
34285,train
34286,train
34287,train
34288,train
34289,train
34290,train
34291,train
34292,train
34293,test
34294,train
34295,train
34296,train
34297,train
34298,train
34299,test
34300,val
34301,train
34302,train
34303,val
34304,test
34305,train
34306,train
34307,train
34308,train
34309,train
34310,train
34311,test
34312,train
34313,train
34314,val
34315,train
34316,train
34317,train
34318,train
34319,val
34320,test
34321,train
34322,train
34323,train
34324,train
34325,train
34326,train
34327,test
34328,train
34329,train
34330,train
34331,train
34332,train
34333,train
34334,train
34335,val
34336,train
34337,train
34338,train
34339,val
34340,train
34341,train
34342,train
34343,train
34344,train
34345,train
34346,train
34347,val
34348,train
34349,train
34350,train
34351,train
34352,train
34353,train
34354,train
34355,val
34356,train
34357,test
34358,train
34359,test
34360,train
34361,train
34362,train
34363,train
34364,train
34365,train
34366,test
34367,val
34368,test
34369,train
34370,train
34371,test
34372,train
34373,train
34374,train
34375,train
34376,val
34377,train
34378,train
34379,train
34380,train
34381,test
34382,test
34383,train
34384,test
34385,val
34386,val
34387,train
34388,train
34389,train
34390,val
34391,train
34392,train
34393,train
34394,train
34395,train
34396,train
34397,train
34398,train
34399,train
34400,train
34401,test
34402,train
34403,val
34404,test
34405,train
34406,train
34407,val
34408,train
34409,train
34410,train
34411,train
34412,train
34413,train
34414,val
34415,train
34416,test
34417,val
34418,train
34419,test
34420,test
34421,train
34422,train
34423,train
34424,train
34425,test
34426,test
34427,train
34428,test
34429,train
34430,train
34431,train
34432,train
34433,train
34434,train
34435,val
34436,train
34437,val
34438,test
34439,train
34440,train
34441,train
34442,train
34443,train
34444,train
34445,test
34446,val
34447,val
34448,train
34449,val
34450,train
34451,test
34452,train
34453,train
34454,train
34455,test
34456,val
34457,train
34458,val
34459,train
34460,train
34461,train
34462,val
34463,train
34464,train
34465,train
34466,train
34467,train
34468,train
34469,train
34470,train
34471,val
34472,val
34473,val
34474,train
34475,test
34476,test
34477,train
34478,val
34479,test
34480,test
34481,train
34482,train
34483,test
34484,train
34485,train
34486,val
34487,train
34488,train
34489,train
34490,test
34491,test
34492,val
34493,train
34494,train
34495,train
34496,train
34497,train
34498,train
34499,train
34500,train
34501,train
34502,val
34503,train
34504,test
34505,test
34506,val
34507,train
34508,test
34509,val
34510,train
34511,train
34512,train
34513,train
34514,test
34515,train
34516,test
34517,train
34518,train
34519,val
34520,val
34521,train
34522,train
34523,train
34524,train
34525,val
34526,train
34527,train
34528,train
34529,val
34530,test
34531,test
34532,test
34533,test
34534,test
34535,train
34536,train
34537,train
34538,train
34539,val
34540,test
34541,val
34542,test
34543,test
34544,train
34545,train
34546,train
34547,train
34548,test
34549,train
34550,val
34551,train
34552,test
34553,train
34554,train
34555,train
34556,train
34557,train
34558,train
34559,train
34560,train
34561,test
34562,test
34563,train
34564,val
34565,train
34566,train
34567,train
34568,train
34569,train
34570,train
34571,val
34572,test
34573,val
34574,train
34575,train
34576,train
34577,train
34578,train
34579,val
34580,train
34581,val
34582,train
34583,train
34584,train
34585,train
34586,train
34587,train
34588,train
34589,train
34590,train
34591,train
34592,train
34593,train
34594,train
34595,val
34596,train
34597,train
34598,val
34599,train
34600,train
34601,val
34602,train
34603,val
34604,train
34605,test
34606,train
34607,train
34608,train
34609,train
34610,train
34611,train
34612,train
34613,train
34614,test
34615,test
34616,train
34617,train
34618,train
34619,train
34620,test
34621,train
34622,train
34623,test
34624,train
34625,train
34626,train
34627,train
34628,train
34629,val
34630,val
34631,train
34632,train
34633,train
34634,train
34635,train
34636,test
34637,train
34638,val
34639,train
34640,train
34641,val
34642,val
34643,train
34644,train
34645,train
34646,val
34647,val
34648,train
34649,train
34650,val
34651,train
34652,train
34653,val
34654,train
34655,train
34656,train
34657,train
34658,train
34659,train
34660,val
34661,train
34662,train
34663,train
34664,train
34665,train
34666,train
34667,train
34668,val
34669,test
34670,test
34671,val
34672,train
34673,train
34674,train
34675,test
34676,train
34677,test
34678,val
34679,train
34680,val
34681,val
34682,train
34683,train
34684,train
34685,val
34686,train
34687,train
34688,train
34689,train
34690,train
34691,train
34692,train
34693,train
34694,train
34695,train
34696,train
34697,train
34698,val
34699,train
34700,val
34701,train
34702,train
34703,train
34704,train
34705,train
34706,train
34707,train
34708,test
34709,train
34710,val
34711,train
34712,test
34713,train
34714,val
34715,train
34716,val
34717,val
34718,train
34719,test
34720,train
34721,test
34722,train
34723,test
34724,train
34725,train
34726,train
34727,train
34728,train
34729,val
34730,val
34731,train
34732,val
34733,train
34734,train
34735,train
34736,test
34737,train
34738,val
34739,train
34740,val
34741,train
34742,train
34743,train
34744,train
34745,train
34746,train
34747,train
34748,train
34749,train
34750,test
34751,train
34752,train
34753,train
34754,train
34755,test
34756,train
34757,train
34758,test
34759,val
34760,train
34761,train
34762,test
34763,test
34764,train
34765,test
34766,train
34767,train
34768,train
34769,test
34770,train
34771,val
34772,val
34773,test
34774,train
34775,train
34776,val
34777,train
34778,test
34779,train
34780,train
34781,test
34782,train
34783,train
34784,train
34785,train
34786,train
34787,train
34788,test
34789,train
34790,train
34791,test
34792,val
34793,test
34794,train
34795,test
34796,val
34797,train
34798,test
34799,test
34800,train
34801,test
34802,train
34803,train
34804,test
34805,train
34806,train
34807,train
34808,test
34809,train
34810,train
34811,test
34812,train
34813,train
34814,train
34815,val
34816,train
34817,train
34818,train
34819,train
34820,train
34821,val
34822,train
34823,train
34824,train
34825,test
34826,train
34827,train
34828,val
34829,test
34830,train
34831,test
34832,test
34833,train
34834,test
34835,train
34836,train
34837,train
34838,train
34839,val
34840,train
34841,train
34842,train
34843,train
34844,train
34845,train
34846,train
34847,train
34848,val
34849,train
34850,train
34851,val
34852,train
34853,train
34854,val
34855,train
34856,train
34857,test
34858,val
34859,val
34860,val
34861,train
34862,train
34863,train
34864,train
34865,train
34866,val
34867,train
34868,train
34869,train
34870,train
34871,train
34872,train
34873,test
34874,train
34875,train
34876,val
34877,train
34878,train
34879,train
34880,val
34881,train
34882,test
34883,train
34884,train
34885,test
34886,train
34887,val
34888,train
34889,train
34890,test
34891,train
34892,train
34893,test
34894,train
34895,test
34896,train
34897,val
34898,train
34899,test
34900,train
34901,train
34902,train
34903,train
34904,val
34905,val
34906,train
34907,train
34908,test
34909,train
34910,test
34911,test
34912,val
34913,train
34914,test
34915,train
34916,train
34917,test
34918,train
34919,train
34920,train
34921,train
34922,test
34923,val
34924,train
34925,train
34926,train
34927,train
34928,train
34929,val
34930,train
34931,train
34932,train
34933,train
34934,train
34935,val
34936,train
34937,train
34938,train
34939,train
34940,train
34941,train
34942,val
34943,test
34944,train
34945,test
34946,train
34947,train
34948,train
34949,val
34950,val
34951,train
34952,train
34953,train
34954,train
34955,train
34956,val
34957,train
34958,train
34959,train
34960,train
34961,val
34962,train
34963,train
34964,train
34965,train
34966,train
34967,test
34968,train
34969,test
34970,train
34971,train
34972,train
34973,train
34974,train
34975,test
34976,train
34977,train
34978,train
34979,train
34980,train
34981,test
34982,train
34983,test
34984,train
34985,train
34986,train
34987,val
34988,train
34989,train
34990,train
34991,train
34992,train
34993,test
34994,train
34995,train
34996,train
34997,train
34998,train
34999,train
35000,train
35001,train
35002,train
35003,train
35004,test
35005,train
35006,train
35007,val
35008,train
35009,train
35010,train
35011,val
35012,train
35013,train
35014,train
35015,train
35016,train
35017,train
35018,train
35019,train
35020,train
35021,train
35022,train
35023,train
35024,test
35025,train
35026,train
35027,train
35028,train
35029,test
35030,test
35031,train
35032,val
35033,train
35034,train
35035,train
35036,test
35037,train
35038,train
35039,train
35040,val
35041,train
35042,val
35043,test
35044,train
35045,train
35046,train
35047,test
35048,train
35049,train
35050,test
35051,train
35052,train
35053,train
35054,train
35055,train
35056,val
35057,train
35058,train
35059,train
35060,train
35061,val
35062,train
35063,test
35064,train
35065,train
35066,train
35067,train
35068,train
35069,train
35070,train
35071,train
35072,test
35073,val
35074,train
35075,train
35076,train
35077,train
35078,train
35079,train
35080,val
35081,train
35082,train
35083,test
35084,train
35085,train
35086,test
35087,val
35088,train
35089,train
35090,train
35091,test
35092,val
35093,train
35094,test
35095,train
35096,train
35097,train
35098,train
35099,val
35100,train
35101,test
35102,train
35103,train
35104,train
35105,train
35106,val
35107,train
35108,train
35109,val
35110,test
35111,test
35112,val
35113,val
35114,train
35115,train
35116,train
35117,train
35118,val
35119,test
35120,val
35121,test
35122,train
35123,train
35124,train
35125,train
35126,train
35127,train
35128,train
35129,val
35130,train
35131,val
35132,val
35133,train
35134,train
35135,test
35136,test
35137,train
35138,train
35139,train
35140,train
35141,test
35142,train
35143,train
35144,val
35145,train
35146,test
35147,val
35148,train
35149,train
35150,train
35151,train
35152,train
35153,test
35154,train
35155,val
35156,train
35157,train
35158,train
35159,train
35160,train
35161,train
35162,train
35163,train
35164,train
35165,train
35166,train
35167,val
35168,train
35169,train
35170,test
35171,val
35172,train
35173,train
35174,train
35175,train
35176,test
35177,train
35178,test
35179,train
35180,train
35181,train
35182,train
35183,train
35184,val
35185,val
35186,train
35187,train
35188,test
35189,train
35190,train
35191,train
35192,train
35193,test
35194,train
35195,train
35196,train
35197,val
35198,train
35199,train
35200,val
35201,test
35202,train
35203,train
35204,train
35205,train
35206,val
35207,train
35208,train
35209,train
35210,test
35211,train
35212,train
35213,train
35214,val
35215,train
35216,train
35217,train
35218,train
35219,train
35220,train
35221,train
35222,test
35223,train
35224,train
35225,test
35226,train
35227,train
35228,val
35229,train
35230,train
35231,test
35232,test
35233,test
35234,test
35235,test
35236,val
35237,train
35238,train
35239,test
35240,train
35241,val
35242,train
35243,train
35244,train
35245,train
35246,train
35247,train
35248,train
35249,train
35250,train
35251,train
35252,train
35253,train
35254,train
35255,val
35256,train
35257,train
35258,train
35259,val
35260,train
35261,val
35262,train
35263,train
35264,train
35265,train
35266,train
35267,train
35268,train
35269,train
35270,train
35271,val
35272,train
35273,train
35274,train
35275,train
35276,test
35277,val
35278,train
35279,val
35280,train
35281,train
35282,train
35283,train
35284,test
35285,test
35286,train
35287,test
35288,train
35289,train
35290,val
35291,train
35292,train
35293,val
35294,test
35295,train
35296,train
35297,train
35298,train
35299,train
35300,test
35301,train
35302,train
35303,train
35304,train
35305,test
35306,test
35307,train
35308,train
35309,train
35310,train
35311,test
35312,train
35313,train
35314,train
35315,train
35316,val
35317,val
35318,train
35319,test
35320,train
35321,train
35322,train
35323,test
35324,train
35325,val
35326,train
35327,train
35328,val
35329,test
35330,train
35331,train
35332,train
35333,train
35334,train
35335,train
35336,train
35337,train
35338,train
35339,train
35340,test
35341,train
35342,test
35343,train
35344,train
35345,train
35346,val
35347,train
35348,train
35349,train
35350,train
35351,train
35352,train
35353,train
35354,train
35355,train
35356,train
35357,train
35358,train
35359,train
35360,train
35361,train
35362,test
35363,train
35364,train
35365,val
35366,test
35367,train
35368,train
35369,train
35370,test
35371,train
35372,val
35373,test
35374,train
35375,train
35376,test
35377,val
35378,train
35379,train
35380,train
35381,train
35382,test
35383,train
35384,train
35385,test
35386,train
35387,train
35388,train
35389,train
35390,train
35391,train
35392,train
35393,test
35394,train
35395,train
35396,val
35397,train
35398,train
35399,train
35400,test
35401,train
35402,val
35403,train
35404,train
35405,train
35406,train
35407,train
35408,train
35409,val
35410,train
35411,train
35412,train
35413,train
35414,train
35415,train
35416,test
35417,train
35418,val
35419,train
35420,train
35421,train
35422,test
35423,train
35424,train
35425,train
35426,val
35427,train
35428,train
35429,val
35430,train
35431,train
35432,train
35433,test
35434,train
35435,train
35436,train
35437,val
35438,val
35439,train
35440,train
35441,train
35442,train
35443,val
35444,train
35445,train
35446,val
35447,train
35448,train
35449,test
35450,train
35451,train
35452,train
35453,train
35454,train
35455,train
35456,train
35457,train
35458,val
35459,train
35460,train
35461,val
35462,val
35463,train
35464,val
35465,val
35466,val
35467,val
35468,train
35469,train
35470,train
35471,train
35472,train
35473,val
35474,train
35475,train
35476,train
35477,train
35478,test
35479,train
35480,test
35481,val
35482,train
35483,train
35484,test
35485,test
35486,train
35487,val
35488,val
35489,train
35490,train
35491,test
35492,val
35493,test
35494,train
35495,train
35496,train
35497,train
35498,test
35499,train
35500,val
35501,train
35502,train
35503,train
35504,train
35505,train
35506,train
35507,val
35508,test
35509,test
35510,train
35511,train
35512,train
35513,test
35514,train
35515,train
35516,train
35517,val
35518,train
35519,test
35520,train
35521,train
35522,train
35523,val
35524,train
35525,train
35526,train
35527,train
35528,train
35529,val
35530,train
35531,test
35532,test
35533,train
35534,test
35535,train
35536,val
35537,train
35538,test
35539,train
35540,train
35541,train
35542,train
35543,val
35544,train
35545,train
35546,val
35547,train
35548,train
35549,test
35550,train
35551,train
35552,test
35553,train
35554,test
35555,train
35556,train
35557,test
35558,train
35559,train
35560,test
35561,train
35562,train
35563,val
35564,val
35565,val
35566,val
35567,train
35568,train
35569,test
35570,train
35571,train
35572,val
35573,train
35574,val
35575,val
35576,train
35577,train
35578,test
35579,train
35580,train
35581,val
35582,train
35583,train
35584,train
35585,train
35586,val
35587,train
35588,val
35589,train
35590,train
35591,train
35592,val
35593,train
35594,test
35595,train
35596,test
35597,train
35598,train
35599,train
35600,train
35601,val
35602,test
35603,train
35604,train
35605,train
35606,train
35607,test
35608,train
35609,train
35610,train
35611,train
35612,val
35613,train
35614,train
35615,train
35616,test
35617,val
35618,val
35619,val
35620,train
35621,train
35622,train
35623,train
35624,train
35625,train
35626,train
35627,train
35628,train
35629,train
35630,train
35631,val
35632,test
35633,val
35634,train
35635,train
35636,val
35637,train
35638,val
35639,train
35640,train
35641,test
35642,val
35643,train
35644,train
35645,test
35646,train
35647,train
35648,train
35649,test
35650,val
35651,test
35652,train
35653,train
35654,train
35655,train
35656,train
35657,train
35658,train
35659,train
35660,train
35661,train
35662,train
35663,train
35664,train
35665,val
35666,train
35667,train
35668,test
35669,train
35670,train
35671,train
35672,test
35673,train
35674,test
35675,train
35676,train
35677,train
35678,train
35679,train
35680,val
35681,train
35682,train
35683,test
35684,train
35685,train
35686,test
35687,train
35688,test
35689,train
35690,train
35691,test
35692,train
35693,train
35694,train
35695,val
35696,train
35697,train
35698,test
35699,train
35700,train
35701,train
35702,train
35703,train
35704,train
35705,train
35706,train
35707,train
35708,train
35709,train
35710,test
35711,train
35712,train
35713,train
35714,train
35715,train
35716,val
35717,val
35718,train
35719,train
35720,test
35721,train
35722,train
35723,train
35724,train
35725,train
35726,val
35727,val
35728,val
35729,test
35730,train
35731,val
35732,test
35733,train
35734,train
35735,train
35736,train
35737,train
35738,train
35739,train
35740,test
35741,train
35742,train
35743,train
35744,train
35745,test
35746,train
35747,train
35748,train
35749,train
35750,train
35751,test
35752,val
35753,train
35754,train
35755,train
35756,train
35757,train
35758,test
35759,val
35760,train
35761,train
35762,train
35763,train
35764,train
35765,train
35766,train
35767,train
35768,train
35769,train
35770,test
35771,train
35772,test
35773,val
35774,test
35775,train
35776,train
35777,train
35778,val
35779,train
35780,train
35781,train
35782,train
35783,test
35784,train
35785,val
35786,train
35787,train
35788,val
35789,train
35790,train
35791,train
35792,val
35793,train
35794,test
35795,train
35796,val
35797,val
35798,val
35799,train
35800,train
35801,val
35802,train
35803,train
35804,test
35805,test
35806,train
35807,train
35808,train
35809,val
35810,train
35811,train
35812,test
35813,test
35814,train
35815,train
35816,val
35817,train
35818,val
35819,train
35820,train
35821,test
35822,val
35823,train
35824,train
35825,train
35826,val
35827,val
35828,val
35829,train
35830,train
35831,train
35832,train
35833,train
35834,train
35835,train
35836,train
35837,train
35838,train
35839,test
35840,val
35841,train
35842,test
35843,train
35844,train
35845,test
35846,test
35847,train
35848,train
35849,train
35850,train
35851,train
35852,train
35853,val
35854,train
35855,test
35856,train
35857,train
35858,train
35859,val
35860,train
35861,train
35862,train
35863,train
35864,val
35865,train
35866,train
35867,train
35868,val
35869,train
35870,train
35871,test
35872,train
35873,train
35874,train
35875,train
35876,train
35877,test
35878,train
35879,train
35880,train
35881,train
35882,train
35883,train
35884,train
35885,train
35886,train
35887,val
35888,test
35889,test
35890,val
35891,val
35892,test
35893,test
35894,train
35895,train
35896,test
35897,train
35898,train
35899,train
35900,train
35901,test
35902,train
35903,train
35904,train
35905,test
35906,train
35907,test
35908,val
35909,train
35910,test
35911,test
35912,train
35913,val
35914,train
35915,train
35916,train
35917,val
35918,train
35919,test
35920,train
35921,train
35922,train
35923,train
35924,train
35925,train
35926,val
35927,val
35928,train
35929,train
35930,train
35931,train
35932,train
35933,train
35934,train
35935,test
35936,train
35937,val
35938,train
35939,train
35940,train
35941,val
35942,train
35943,train
35944,train
35945,train
35946,train
35947,train
35948,train
35949,val
35950,test
35951,train
35952,val
35953,train
35954,train
35955,train
35956,train
35957,train
35958,train
35959,train
35960,train
35961,val
35962,train
35963,train
35964,train
35965,val
35966,train
35967,train
35968,val
35969,train
35970,test
35971,train
35972,train
35973,train
35974,train
35975,train
35976,train
35977,val
35978,train
35979,val
35980,train
35981,test
35982,val
35983,train
35984,train
35985,val
35986,test
35987,train
35988,train
35989,train
35990,train
35991,train
35992,val
35993,train
35994,train
35995,train
35996,train
35997,train
35998,train
35999,train
36000,val
36001,test
36002,train
36003,val
36004,train
36005,test
36006,train
36007,test
36008,train
36009,train
36010,val
36011,train
36012,train
36013,train
36014,train
36015,val
36016,test
36017,val
36018,train
36019,train
36020,train
36021,train
36022,test
36023,train
36024,train
36025,test
36026,train
36027,train
36028,train
36029,train
36030,train
36031,train
36032,train
36033,test
36034,train
36035,test
36036,train
36037,train
36038,train
36039,train
36040,train
36041,train
36042,train
36043,train
36044,train
36045,train
36046,train
36047,train
36048,test
36049,test
36050,test
36051,train
36052,train
36053,val
36054,test
36055,train
36056,train
36057,train
36058,train
36059,val
36060,val
36061,train
36062,train
36063,train
36064,train
36065,train
36066,test
36067,test
36068,train
36069,val
36070,train
36071,train
36072,val
36073,test
36074,val
36075,val
36076,train
36077,train
36078,train
36079,train
36080,train
36081,train
36082,train
36083,train
36084,val
36085,val
36086,val
36087,train
36088,train
36089,train
36090,train
36091,val
36092,test
36093,train
36094,train
36095,test
36096,train
36097,train
36098,train
36099,train
36100,test
36101,train
36102,train
36103,train
36104,train
36105,train
36106,train
36107,train
36108,train
36109,train
36110,test
36111,train
36112,train
36113,train
36114,train
36115,test
36116,train
36117,train
36118,val
36119,test
36120,train
36121,train
36122,train
36123,train
36124,test
36125,train
36126,train
36127,train
36128,train
36129,val
36130,train
36131,val
36132,train
36133,test
36134,train
36135,train
36136,train
36137,train
36138,test
36139,train
36140,train
36141,train
36142,test
36143,train
36144,train
36145,train
36146,val
36147,train
36148,train
36149,train
36150,train
36151,val
36152,test
36153,train
36154,train
36155,val
36156,train
36157,train
36158,train
36159,train
36160,train
36161,val
36162,val
36163,train
36164,train
36165,train
36166,val
36167,test
36168,train
36169,test
36170,train
36171,train
36172,test
36173,val
36174,val
36175,train
36176,val
36177,train
36178,train
36179,train
36180,train
36181,train
36182,train
36183,train
36184,train
36185,train
36186,train
36187,train
36188,train
36189,train
36190,train
36191,train
36192,train
36193,train
36194,test
36195,val
36196,val
36197,train
36198,train
36199,train
36200,test
36201,train
36202,train
36203,train
36204,test
36205,train
36206,test
36207,train
36208,val
36209,train
36210,train
36211,test
36212,train
36213,test
36214,train
36215,val
36216,test
36217,train
36218,train
36219,val
36220,train
36221,train
36222,val
36223,val
36224,train
36225,train
36226,train
36227,train
36228,test
36229,train
36230,val
36231,train
36232,train
36233,train
36234,train
36235,train
36236,train
36237,test
36238,test
36239,train
36240,test
36241,train
36242,train
36243,train
36244,train
36245,train
36246,test
36247,train
36248,test
36249,val
36250,val
36251,train
36252,train
36253,test
36254,train
36255,train
36256,train
36257,train
36258,val
36259,train
36260,train
36261,train
36262,train
36263,train
36264,test
36265,train
36266,train
36267,train
36268,val
36269,train
36270,train
36271,train
36272,val
36273,train
36274,val
36275,train
36276,train
36277,train
36278,train
36279,train
36280,train
36281,train
36282,train
36283,test
36284,test
36285,train
36286,train
36287,train
36288,train
36289,train
36290,train
36291,train
36292,train
36293,train
36294,train
36295,val
36296,train
36297,train
36298,train
36299,train
36300,train
36301,train
36302,test
36303,test
36304,val
36305,test
36306,train
36307,train
36308,train
36309,train
36310,train
36311,test
36312,train
36313,train
36314,train
36315,train
36316,train
36317,train
36318,train
36319,train
36320,train
36321,train
36322,train
36323,train
36324,train
36325,test
36326,train
36327,train
36328,train
36329,val
36330,train
36331,train
36332,val
36333,test
36334,train
36335,train
36336,train
36337,train
36338,test
36339,train
36340,train
36341,test
36342,val
36343,train
36344,val
36345,train
36346,train
36347,train
36348,train
36349,test
36350,train
36351,train
36352,train
36353,train
36354,train
36355,val
36356,test
36357,train
36358,train
36359,train
36360,train
36361,train
36362,train
36363,train
36364,train
36365,test
36366,train
36367,train
36368,train
36369,train
36370,test
36371,train
36372,train
36373,train
36374,test
36375,val
36376,train
36377,train
36378,train
36379,train
36380,train
36381,train
36382,val
36383,test
36384,train
36385,train
36386,test
36387,train
36388,train
36389,val
36390,train
36391,train
36392,train
36393,train
36394,train
36395,train
36396,test
36397,train
36398,train
36399,train
36400,train
36401,train
36402,train
36403,test
36404,train
36405,test
36406,train
36407,val
36408,train
36409,val
36410,train
36411,train
36412,train
36413,val
36414,train
36415,train
36416,train
36417,train
36418,val
36419,val
36420,train
36421,train
36422,train
36423,train
36424,train
36425,train
36426,train
36427,train
36428,train
36429,train
36430,train
36431,train
36432,val
36433,train
36434,train
36435,train
36436,train
36437,train
36438,test
36439,train
36440,train
36441,train
36442,train
36443,train
36444,train
36445,train
36446,val
36447,train
36448,train
36449,test
36450,train
36451,train
36452,train
36453,train
36454,train
36455,train
36456,test
36457,train
36458,val
36459,train
36460,train
36461,train
36462,train
36463,train
36464,train
36465,val
36466,train
36467,train
36468,train
36469,test
36470,train
36471,train
36472,train
36473,train
36474,val
36475,train
36476,val
36477,train
36478,train
36479,train
36480,test
36481,train
36482,train
36483,train
36484,train
36485,val
36486,val
36487,train
36488,train
36489,train
36490,test
36491,train
36492,train
36493,train
36494,train
36495,train
36496,train
36497,train
36498,val
36499,train
36500,train
36501,train
36502,train
36503,train
36504,train
36505,train
36506,test
36507,train
36508,val
36509,train
36510,train
36511,train
36512,train
36513,val
36514,test
36515,train
36516,train
36517,val
36518,val
36519,train
36520,train
36521,train
36522,train
36523,train
36524,test
36525,train
36526,test
36527,train
36528,val
36529,train
36530,train
36531,train
36532,train
36533,val
36534,train
36535,train
36536,train
36537,train
36538,train
36539,train
36540,train
36541,train
36542,val
36543,train
36544,train
36545,train
36546,train
36547,val
36548,test
36549,val
36550,train
36551,test
36552,test
36553,test
36554,train
36555,train
36556,train
36557,test
36558,test
36559,train
36560,train
36561,train
36562,train
36563,train
36564,test
36565,train
36566,test
36567,train
36568,val
36569,train
36570,val
36571,train
36572,train
36573,train
36574,train
36575,train
36576,test
36577,train
36578,test
36579,test
36580,val
36581,test
36582,val
36583,val
36584,test
36585,test
36586,train
36587,train
36588,val
36589,test
36590,test
36591,train
36592,train
36593,train
36594,train
36595,train
36596,train
36597,test
36598,train
36599,train
36600,test
36601,train
36602,train
36603,train
36604,train
36605,train
36606,train
36607,train
36608,train
36609,train
36610,train
36611,train
36612,train
36613,test
36614,train
36615,train
36616,train
36617,test
36618,val
36619,train
36620,train
36621,train
36622,val
36623,train
36624,train
36625,val
36626,train
36627,test
36628,train
36629,test
36630,test
36631,test
36632,train
36633,test
36634,train
36635,test
36636,test
36637,train
36638,train
36639,val
36640,train
36641,train
36642,test
36643,train
36644,train
36645,val
36646,test
36647,train
36648,test
36649,val
36650,train
36651,test
36652,train
36653,test
36654,train
36655,train
36656,train
36657,train
36658,train
36659,test
36660,train
36661,test
36662,test
36663,test
36664,train
36665,val
36666,train
36667,val
36668,train
36669,test
36670,train
36671,train
36672,train
36673,train
36674,train
36675,train
36676,train
36677,test
36678,train
36679,train
36680,val
36681,train
36682,train
36683,test
36684,test
36685,train
36686,train
36687,train
36688,train
36689,train
36690,val
36691,train
36692,train
36693,val
36694,train
36695,train
36696,train
36697,val
36698,train
36699,train
36700,train
36701,train
36702,val
36703,train
36704,val
36705,train
36706,test
36707,val
36708,train
36709,val
36710,train
36711,test
36712,train
36713,train
36714,train
36715,train
36716,test
36717,test
36718,val
36719,train
36720,test
36721,train
36722,train
36723,test
36724,train
36725,val
36726,val
36727,train
36728,train
36729,val
36730,val
36731,train
36732,train
36733,train
36734,train
36735,train
36736,train
36737,train
36738,train
36739,train
36740,test
36741,test
36742,train
36743,test
36744,train
36745,train
36746,train
36747,train
36748,train
36749,test
36750,train
36751,train
36752,val
36753,train
36754,val
36755,train
36756,train
36757,train
36758,val
36759,train
36760,val
36761,train
36762,train
36763,val
36764,train
36765,train
36766,train
36767,val
36768,test
36769,train
36770,val
36771,train
36772,train
36773,val
36774,train
36775,train
36776,test
36777,train
36778,train
36779,test
36780,test
36781,test
36782,train
36783,train
36784,val
36785,train
36786,val
36787,val
36788,train
36789,train
36790,train
36791,test
36792,train
36793,val
36794,train
36795,test
36796,train
36797,val
36798,train
36799,train
36800,val
36801,train
36802,val
36803,test
36804,train
36805,train
36806,train
36807,train
36808,test
36809,train
36810,train
36811,train
36812,train
36813,train
36814,train
36815,train
36816,train
36817,train
36818,train
36819,train
36820,train
36821,test
36822,train
36823,train
36824,train
36825,train
36826,train
36827,train
36828,train
36829,train
36830,train
36831,train
36832,train
36833,train
36834,train
36835,train
36836,train
36837,train
36838,train
36839,train
36840,train
36841,train
36842,val
36843,train
36844,train
36845,train
36846,train
36847,train
36848,train
36849,val
36850,train
36851,train
36852,test
36853,test
36854,test
36855,train
36856,train
36857,train
36858,train
36859,train
36860,test
36861,train
36862,train
36863,train
36864,train
36865,train
36866,train
36867,val
36868,train
36869,train
36870,train
36871,val
36872,train
36873,train
36874,train
36875,test
36876,train
36877,train
36878,train
36879,train
36880,val
36881,test
36882,train
36883,train
36884,train
36885,train
36886,train
36887,test
36888,train
36889,train
36890,train
36891,val
36892,train
36893,train
36894,train
36895,train
36896,test
36897,train
36898,train
36899,test
36900,train
36901,test
36902,train
36903,train
36904,train
36905,train
36906,train
36907,train
36908,val
36909,test
36910,train
36911,val
36912,val
36913,train
36914,train
36915,train
36916,val
36917,test
36918,test
36919,train
36920,train
36921,train
36922,train
36923,train
36924,train
36925,train
36926,test
36927,train
36928,train
36929,train
36930,val
36931,train
36932,train
36933,train
36934,train
36935,val
36936,train
36937,train
36938,train
36939,train
36940,train
36941,train
36942,val
36943,train
36944,test
36945,val
36946,train
36947,train
36948,train
36949,test
36950,train
36951,test
36952,test
36953,test
36954,train
36955,test
36956,test
36957,train
36958,train
36959,train
36960,train
36961,train
36962,test
36963,train
36964,train
36965,train
36966,val
36967,val
36968,val
36969,test
36970,train
36971,train
36972,train
36973,train
36974,val
36975,val
36976,val
36977,train
36978,train
36979,train
36980,train
36981,train
36982,val
36983,train
36984,train
36985,train
36986,train
36987,train
36988,train
36989,test
36990,train
36991,test
36992,test
36993,test
36994,test
36995,train
36996,train
36997,train
36998,train
36999,train
37000,test
37001,train
37002,test
37003,train
37004,test
37005,train
37006,train
37007,train
37008,train
37009,train
37010,train
37011,train
37012,train
37013,train
37014,train
37015,test
37016,val
37017,test
37018,val
37019,test
37020,train
37021,train
37022,test
37023,val
37024,train
37025,train
37026,train
37027,val
37028,train
37029,train
37030,train
37031,train
37032,train
37033,train
37034,train
37035,test
37036,train
37037,train
37038,train
37039,train
37040,train
37041,train
37042,train
37043,test
37044,test
37045,val
37046,train
37047,train
37048,train
37049,train
37050,val
37051,train
37052,val
37053,train
37054,train
37055,train
37056,train
37057,train
37058,train
37059,train
37060,train
37061,val
37062,train
37063,train
37064,train
37065,train
37066,train
37067,test
37068,test
37069,train
37070,val
37071,val
37072,train
37073,test
37074,val
37075,test
37076,test
37077,val
37078,val
37079,train
37080,train
37081,train
37082,train
37083,val
37084,test
37085,train
37086,test
37087,test
37088,train
37089,train
37090,val
37091,train
37092,train
37093,train
37094,train
37095,train
37096,train
37097,val
37098,train
37099,train
37100,train
37101,val
37102,train
37103,train
37104,train
37105,val
37106,train
37107,train
37108,train
37109,train
37110,train
37111,train
37112,train
37113,test
37114,test
37115,val
37116,train
37117,train
37118,train
37119,test
37120,train
37121,train
37122,train
37123,train
37124,train
37125,train
37126,test
37127,train
37128,val
37129,train
37130,train
37131,val
37132,test
37133,train
37134,test
37135,train
37136,val
37137,train
37138,train
37139,test
37140,train
37141,val
37142,train
37143,train
37144,train
37145,train
37146,train
37147,train
37148,train
37149,train
37150,train
37151,train
37152,train
37153,train
37154,train
37155,test
37156,train
37157,train
37158,train
37159,train
37160,train
37161,test
37162,train
37163,test
37164,val
37165,train
37166,train
37167,train
37168,train
37169,test
37170,val
37171,train
37172,test
37173,test
37174,train
37175,train
37176,train
37177,train
37178,test
37179,train
37180,test
37181,train
37182,train
37183,val
37184,train
37185,train
37186,val
37187,val
37188,train
37189,train
37190,test
37191,train
37192,train
37193,train
37194,train
37195,train
37196,train
37197,train
37198,train
37199,test
37200,train
37201,train
37202,train
37203,train
37204,train
37205,train
37206,train
37207,train
37208,val
37209,train
37210,train
37211,val
37212,val
37213,train
37214,val
37215,train
37216,val
37217,train
37218,train
37219,test
37220,train
37221,test
37222,test
37223,test
37224,train
37225,train
37226,train
37227,val
37228,train
37229,train
37230,test
37231,val
37232,test
37233,train
37234,train
37235,train
37236,train
37237,test
37238,train
37239,test
37240,val
37241,train
37242,train
37243,train
37244,train
37245,train
37246,train
37247,train
37248,train
37249,train
37250,train
37251,train
37252,train
37253,val
37254,train
37255,train
37256,train
37257,val
37258,train
37259,train
37260,train
37261,val
37262,train
37263,train
37264,train
37265,test
37266,train
37267,train
37268,train
37269,train
37270,train
37271,train
37272,train
37273,train
37274,train
37275,train
37276,train
37277,test
37278,train
37279,train
37280,train
37281,val
37282,train
37283,train
37284,test
37285,val
37286,val
37287,train
37288,train
37289,test
37290,train
37291,test
37292,train
37293,train
37294,val
37295,train
37296,test
37297,train
37298,train
37299,val
37300,train
37301,val
37302,train
37303,train
37304,val
37305,train
37306,val
37307,test
37308,test
37309,train
37310,val
37311,train
37312,train
37313,train
37314,train
37315,train
37316,test
37317,test
37318,val
37319,train
37320,train
37321,train
37322,train
37323,train
37324,train
37325,train
37326,test
37327,train
37328,val
37329,train
37330,train
37331,test
37332,train
37333,train
37334,train
37335,test
37336,train
37337,train
37338,train
37339,train
37340,val
37341,val
37342,train
37343,train
37344,val
37345,train
37346,train
37347,val
37348,train
37349,train
37350,train
37351,train
37352,test
37353,test
37354,train
37355,test
37356,train
37357,train
37358,val
37359,train
37360,train
37361,test
37362,test
37363,train
37364,train
37365,train
37366,val
37367,train
37368,train
37369,train
37370,train
37371,val
37372,train
37373,train
37374,train
37375,train
37376,test
37377,train
37378,val
37379,val
37380,train
37381,train
37382,val
37383,train
37384,val
37385,train
37386,train
37387,train
37388,train
37389,train
37390,train
37391,train
37392,val
37393,train
37394,test
37395,train
37396,train
37397,test
37398,train
37399,train
37400,train
37401,train
37402,test
37403,train
37404,train
37405,val
37406,test
37407,train
37408,train
37409,train
37410,val
37411,train
37412,train
37413,train
37414,train
37415,train
37416,train
37417,test
37418,train
37419,train
37420,train
37421,val
37422,val
37423,train
37424,test
37425,test
37426,test
37427,train
37428,train
37429,test
37430,train
37431,test
37432,train
37433,train
37434,val
37435,train
37436,val
37437,train
37438,train
37439,test
37440,val
37441,train
37442,train
37443,train
37444,val
37445,train
37446,train
37447,test
37448,train
37449,train
37450,val
37451,val
37452,train
37453,train
37454,train
37455,train
37456,train
37457,train
37458,val
37459,val
37460,train
37461,train
37462,train
37463,train
37464,train
37465,train
37466,train
37467,val
37468,train
37469,train
37470,train
37471,train
37472,train
37473,train
37474,train
37475,train
37476,train
37477,train
37478,train
37479,train
37480,train
37481,test
37482,train
37483,train
37484,train
37485,train
37486,test
37487,train
37488,val
37489,test
37490,train
37491,test
37492,train
37493,train
37494,val
37495,train
37496,val
37497,test
37498,train
37499,test
37500,test
37501,train
37502,train
37503,train
37504,train
37505,train
37506,train
37507,train
37508,train
37509,val
37510,train
37511,train
37512,train
37513,train
37514,train
37515,train
37516,train
37517,test
37518,train
37519,train
37520,test
37521,train
37522,train
37523,test
37524,train
37525,train
37526,train
37527,train
37528,train
37529,train
37530,test
37531,test
37532,train
37533,val
37534,val
37535,val
37536,train
37537,train
37538,train
37539,test
37540,train
37541,test
37542,train
37543,train
37544,train
37545,train
37546,test
37547,train
37548,val
37549,train
37550,train
37551,train
37552,train
37553,train
37554,train
37555,train
37556,train
37557,test
37558,train
37559,test
37560,train
37561,train
37562,train
37563,test
37564,test
37565,val
37566,train
37567,train
37568,train
37569,train
37570,train
37571,val
37572,train
37573,train
37574,train
37575,train
37576,train
37577,val
37578,train
37579,test
37580,test
37581,train
37582,train
37583,val
37584,train
37585,test
37586,train
37587,train
37588,test
37589,test
37590,train
37591,val
37592,train
37593,train
37594,train
37595,test
37596,train
37597,test
37598,train
37599,test
37600,train
37601,train
37602,train
37603,train
37604,val
37605,train
37606,train
37607,val
37608,test
37609,val
37610,train
37611,test
37612,train
37613,train
37614,test
37615,test
37616,train
37617,train
37618,train
37619,train
37620,test
37621,train
37622,train
37623,train
37624,train
37625,test
37626,test
37627,val
37628,train
37629,val
37630,val
37631,train
37632,train
37633,val
37634,train
37635,test
37636,test
37637,train
37638,val
37639,train
37640,train
37641,test
37642,train
37643,train
37644,train
37645,train
37646,test
37647,val
37648,val
37649,train
37650,train
37651,val
37652,val
37653,test
37654,train
37655,train
37656,test
37657,train
37658,val
37659,train
37660,val
37661,val
37662,train
37663,train
37664,train
37665,val
37666,train
37667,train
37668,test
37669,val
37670,train
37671,train
37672,train
37673,train
37674,train
37675,train
37676,train
37677,train
37678,train
37679,train
37680,train
37681,train
37682,train
37683,train
37684,train
37685,test
37686,train
37687,train
37688,test
37689,test
37690,val
37691,train
37692,val
37693,test
37694,val
37695,train
37696,val
37697,test
37698,train
37699,test
37700,train
37701,val
37702,train
37703,train
37704,train
37705,train
37706,test
37707,val
37708,train
37709,train
37710,val
37711,train
37712,val
37713,test
37714,train
37715,train
37716,train
37717,train
37718,train
37719,train
37720,train
37721,train
37722,test
37723,train
37724,train
37725,val
37726,train
37727,train
37728,train
37729,test
37730,train
37731,val
37732,train
37733,train
37734,train
37735,train
37736,test
37737,train
37738,train
37739,train
37740,train
37741,val
37742,val
37743,train
37744,train
37745,train
37746,train
37747,train
37748,train
37749,val
37750,val
37751,train
37752,val
37753,train
37754,train
37755,train
37756,train
37757,val
37758,train
37759,train
37760,train
37761,val
37762,test
37763,train
37764,val
37765,train
37766,val
37767,train
37768,train
37769,train
37770,test
37771,train
37772,train
37773,train
37774,train
37775,val
37776,test
37777,test
37778,train
37779,train
37780,val
37781,train
37782,train
37783,test
37784,test
37785,train
37786,train
37787,train
37788,train
37789,train
37790,test
37791,train
37792,val
37793,test
37794,train
37795,val
37796,train
37797,train
37798,train
37799,train
37800,train
37801,train
37802,train
37803,train
37804,train
37805,val
37806,train
37807,train
37808,train
37809,train
37810,train
37811,train
37812,val
37813,train
37814,train
37815,val
37816,train
37817,train
37818,train
37819,test
37820,train
37821,train
37822,train
37823,train
37824,train
37825,train
37826,train
37827,train
37828,test
37829,train
37830,train
37831,train
37832,train
37833,train
37834,val
37835,train
37836,test
37837,train
37838,test
37839,test
37840,train
37841,val
37842,train
37843,train
37844,train
37845,test
37846,train
37847,train
37848,val
37849,train
37850,train
37851,train
37852,val
37853,val
37854,val
37855,train
37856,train
37857,train
37858,train
37859,train
37860,train
37861,train
37862,val
37863,train
37864,train
37865,train
37866,train
37867,train
37868,train
37869,train
37870,train
37871,train
37872,train
37873,train
37874,train
37875,train
37876,val
37877,train
37878,val
37879,train
37880,val
37881,val
37882,train
37883,test
37884,train
37885,train
37886,val
37887,train
37888,train
37889,train
37890,train
37891,train
37892,val
37893,train
37894,train
37895,test
37896,train
37897,train
37898,train
37899,val
37900,train
37901,train
37902,train
37903,test
37904,train
37905,train
37906,test
37907,train
37908,test
37909,test
37910,train
37911,train
37912,train
37913,test
37914,test
37915,test
37916,train
37917,val
37918,test
37919,train
37920,train
37921,train
37922,train
37923,train
37924,test
37925,train
37926,val
37927,train
37928,train
37929,val
37930,train
37931,train
37932,val
37933,train
37934,train
37935,test
37936,test
37937,train
37938,train
37939,val
37940,val
37941,train
37942,test
37943,train
37944,train
37945,train
37946,train
37947,train
37948,train
37949,test
37950,val
37951,train
37952,test
37953,val
37954,train
37955,train
37956,train
37957,train
37958,test
37959,train
37960,val
37961,train
37962,test
37963,val
37964,train
37965,train
37966,train
37967,train
37968,train
37969,train
37970,test
37971,train
37972,train
37973,train
37974,test
37975,train
37976,train
37977,val
37978,train
37979,train
37980,train
37981,train
37982,train
37983,test
37984,test
37985,train
37986,val
37987,train
37988,train
37989,train
37990,test
37991,test
37992,val
37993,train
37994,train
37995,test
37996,val
37997,val
37998,train
37999,train
38000,train
38001,train
38002,train
38003,train
38004,train
38005,val
38006,val
38007,train
38008,train
38009,train
38010,train
38011,val
38012,train
38013,train
38014,train
38015,train
38016,test
38017,test
38018,train
38019,train
38020,test
38021,train
38022,train
38023,test
38024,train
38025,train
38026,train
38027,train
38028,train
38029,train
38030,train
38031,test
38032,train
38033,train
38034,val
38035,train
38036,val
38037,train
38038,test
38039,test
38040,val
38041,val
38042,val
38043,test
38044,test
38045,train
38046,val
38047,test
38048,test
38049,train
38050,train
38051,train
38052,train
38053,train
38054,val
38055,train
38056,val
38057,train
38058,test
38059,train
38060,train
38061,train
38062,train
38063,test
38064,train
38065,train
38066,train
38067,train
38068,train
38069,train
38070,train
38071,test
38072,train
38073,train
38074,train
38075,test
38076,train
38077,train
38078,train
38079,train
38080,test
38081,train
38082,train
38083,train
38084,train
38085,train
38086,test
38087,train
38088,train
38089,train
38090,train
38091,val
38092,train
38093,test
38094,test
38095,test
38096,train
38097,train
38098,train
38099,train
38100,train
38101,train
38102,train
38103,train
38104,train
38105,test
38106,test
38107,train
38108,train
38109,train
38110,val
38111,train
38112,train
38113,test
38114,train
38115,train
38116,test
38117,train
38118,train
38119,val
38120,train
38121,train
38122,val
38123,train
38124,train
38125,train
38126,test
38127,test
38128,train
38129,val
38130,test
38131,train
38132,train
38133,train
38134,test
38135,train
38136,val
38137,train
38138,val
38139,train
38140,train
38141,train
38142,test
38143,train
38144,train
38145,test
38146,train
38147,train
38148,test
38149,train
38150,test
38151,train
38152,train
38153,train
38154,train
38155,train
38156,val
38157,train
38158,val
38159,val
38160,test
38161,train
38162,train
38163,train
38164,val
38165,val
38166,train
38167,val
38168,test
38169,train
38170,train
38171,train
38172,train
38173,test
38174,train
38175,train
38176,train
38177,train
38178,val
38179,train
38180,test
38181,val
38182,train
38183,val
38184,train
38185,train
38186,train
38187,train
38188,train
38189,train
38190,val
38191,train
38192,train
38193,test
38194,train
38195,train
38196,train
38197,train
38198,val
38199,train
38200,val
38201,val
38202,test
38203,train
38204,train
38205,train
38206,val
38207,train
38208,val
38209,train
38210,train
38211,train
38212,val
38213,train
38214,train
38215,val
38216,train
38217,train
38218,train
38219,train
38220,train
38221,train
38222,train
38223,train
38224,test
38225,train
38226,train
38227,train
38228,train
38229,val
38230,test
38231,val
38232,val
38233,train
38234,train
38235,test
38236,val
38237,val
38238,train
38239,val
38240,train
38241,train
38242,train
38243,train
38244,val
38245,train
38246,train
38247,test
38248,train
38249,train
38250,train
38251,val
38252,train
38253,train
38254,train
38255,train
38256,train
38257,train
38258,test
38259,val
38260,train
38261,train
38262,train
38263,train
38264,train
38265,train
38266,train
38267,train
38268,train
38269,train
38270,train
38271,train
38272,train
38273,train
38274,train
38275,train
38276,train
38277,train
38278,test
38279,train
38280,train
38281,test
38282,train
38283,test
38284,train
38285,train
38286,test
38287,test
38288,train
38289,val
38290,test
38291,test
38292,train
38293,train
38294,train
38295,val
38296,train
38297,train
38298,train
38299,train
38300,train
38301,train
38302,test
38303,test
38304,test
38305,train
38306,train
38307,train
38308,train
38309,train
38310,train
38311,test
38312,train
38313,test
38314,train
38315,train
38316,train
38317,train
38318,val
38319,train
38320,test
38321,val
38322,val
38323,val
38324,train
38325,test
38326,train
38327,val
38328,train
38329,val
38330,val
38331,val
38332,train
38333,test
38334,val
38335,train
38336,train
38337,train
38338,test
38339,train
38340,train
38341,test
38342,train
38343,train
38344,val
38345,train
38346,train
38347,test
38348,test
38349,train
38350,train
38351,train
38352,train
38353,train
38354,train
38355,train
38356,val
38357,val
38358,train
38359,train
38360,train
38361,test
38362,train
38363,train
38364,val
38365,train
38366,train
38367,val
38368,train
38369,train
38370,test
38371,train
38372,train
38373,train
38374,train
38375,train
38376,test
38377,train
38378,train
38379,train
38380,train
38381,val
38382,test
38383,train
38384,test
38385,val
38386,train
38387,train
38388,train
38389,train
38390,train
38391,test
38392,test
38393,test
38394,val
38395,train
38396,train
38397,train
38398,train
38399,val
38400,test
38401,train
38402,test
38403,train
38404,train
38405,train
38406,train
38407,train
38408,train
38409,train
38410,train
38411,test
38412,train
38413,train
38414,test
38415,train
38416,train
38417,test
38418,test
38419,train
38420,train
38421,train
38422,test
38423,train
38424,train
38425,val
38426,train
38427,train
38428,test
38429,test
38430,val
38431,train
38432,train
38433,train
38434,train
38435,train
38436,train
38437,train
38438,train
38439,train
38440,test
38441,test
38442,train
38443,train
38444,train
38445,train
38446,train
38447,train
38448,train
38449,test
38450,train
38451,train
38452,train
38453,train
38454,train
38455,test
38456,test
38457,train
38458,train
38459,train
38460,train
38461,train
38462,train
38463,train
38464,train
38465,train
38466,test
38467,test
38468,train
38469,train
38470,train
38471,train
38472,val
38473,val
38474,train
38475,train
38476,test
38477,train
38478,train
38479,train
38480,train
38481,test
38482,train
38483,train
38484,train
38485,train
38486,train
38487,train
38488,train
38489,train
38490,train
38491,train
38492,train
38493,train
38494,train
38495,train
38496,val
38497,train
38498,test
38499,train
38500,train
38501,train
38502,train
38503,test
38504,train
38505,train
38506,train
38507,train
38508,train
38509,train
38510,train
38511,train
38512,train
38513,train
38514,test
38515,train
38516,train
38517,train
38518,train
38519,train
38520,train
38521,test
38522,test
38523,train
38524,train
38525,val
38526,train
38527,train
38528,val
38529,val
38530,train
38531,train
38532,train
38533,val
38534,train
38535,train
38536,train
38537,test
38538,val
38539,train
38540,train
38541,train
38542,test
38543,val
38544,train
38545,train
38546,train
38547,val
38548,val
38549,val
38550,train
38551,train
38552,train
38553,train
38554,train
38555,test
38556,train
38557,train
38558,train
38559,test
38560,train
38561,train
38562,train
38563,train
38564,train
38565,train
38566,train
38567,train
38568,train
38569,test
38570,train
38571,train
38572,train
38573,train
38574,train
38575,train
38576,train
38577,test
38578,train
38579,train
38580,train
38581,train
38582,train
38583,train
38584,train
38585,train
38586,test
38587,val
38588,train
38589,val
38590,test
38591,train
38592,train
38593,val
38594,test
38595,train
38596,train
38597,test
38598,test
38599,test
38600,train
38601,train
38602,train
38603,train
38604,val
38605,train
38606,train
38607,train
38608,test
38609,train
38610,train
38611,val
38612,test
38613,train
38614,val
38615,train
38616,train
38617,train
38618,train
38619,train
38620,train
38621,train
38622,train
38623,train
38624,train
38625,train
38626,train
38627,train
38628,test
38629,train
38630,train
38631,val
38632,train
38633,test
38634,train
38635,test
38636,train
38637,test
38638,train
38639,test
38640,train
38641,test
38642,test
38643,train
38644,val
38645,train
38646,train
38647,val
38648,train
38649,train
38650,train
38651,train
38652,train
38653,test
38654,train
38655,test
