row_id,split,y_true,y_pred,prob_fake
19,val,1,1,0.9740983391660349
31,val,1,1,0.9017534382073075
33,val,1,1,0.901193462662432
39,val,1,1,0.9806306154655665
46,val,1,1,0.9568423698977087
62,val,1,1,0.9661073661368691
75,val,1,1,0.9811981365641571
78,val,1,1,0.9799064672336198
80,val,1,1,0.7182833888503531
81,val,1,1,0.9468496765815761
87,val,1,1,0.999127153783405
100,val,1,1,0.972613768143625
106,val,1,1,0.9815764016257946
110,val,1,1,0.9775819402276322
112,val,1,1,0.9217950511437446
113,val,1,1,0.9669099719644006
114,val,1,1,0.9792173257717214
118,val,1,1,0.9246677666227879
127,val,1,1,0.9681359338750751
131,val,1,1,0.9873309107433212
139,val,1,1,0.9930979812790208
142,val,1,1,0.9851101525497526
144,val,1,1,0.9914546489572035
151,val,1,1,0.94201422869906
157,val,1,1,0.9691313764096617
158,val,1,1,0.9700337941728768
174,val,1,1,0.9986717088196149
189,val,1,1,0.9955361859716012
191,val,1,1,0.9685381307834544
209,val,1,1,0.9990966559369593
215,val,1,1,0.9102702984822962
225,val,1,1,0.9896931396939311
231,val,1,1,0.9772101456521176
233,val,1,1,0.9701784593252475
236,val,1,1,0.9669568914148033
242,val,1,1,0.9750431267493164
244,val,1,1,0.9994208593412601
246,val,1,1,0.989698244823318
247,val,1,1,0.9944083536618804
248,val,1,1,0.9911272349807396
265,val,1,1,0.9869243902482382
277,val,1,1,0.9929915846612108
279,val,1,1,0.9947840949251601
281,val,1,1,0.9680826151350971
282,val,1,1,0.9053264807983651
283,val,1,1,0.9638784763561364
287,val,1,1,0.9626702968482106
293,val,1,1,0.9824300092623492
314,val,1,1,0.9881752684352035
325,val,1,1,0.9430246784232477
328,val,1,1,0.9905864071346535
331,val,1,1,0.9959439124793509
337,val,1,1,0.9682102614567277
341,val,1,1,0.9830648507926043
342,val,1,1,0.9928803337956501
372,val,1,1,0.9986408909395263
386,val,1,1,0.8663462586776672
388,val,1,1,0.9883169106462074
390,val,1,1,0.9090324783686704
402,val,1,1,0.9974136869106471
406,val,1,1,0.9854888832036615
408,val,1,1,0.9791504516380092
409,val,1,1,0.9921632281527111
411,val,1,1,0.9629376298471962
421,val,1,1,0.7701691945298182
428,val,1,1,0.9562649422482229
437,val,1,1,0.9794537520971428
441,val,1,1,0.8934328254057317
444,val,1,1,0.9921224886721228
445,val,1,1,0.8645945793457802
446,val,1,1,0.9817481417396157
457,val,1,1,0.9699770835747551
474,val,1,1,0.8705686005288769
475,val,1,1,0.9580456530909348
485,val,1,1,0.9757365366829869
493,val,1,1,0.9943591495502089
511,val,1,1,0.9774475973403157
512,val,1,1,0.9925927098718591
532,val,1,1,0.9510831225229247
541,val,1,1,0.978311226803566
544,val,1,1,0.9739351492977325
549,val,1,1,0.9595773851741265
550,val,1,1,0.9830494443834087
560,val,1,1,0.9782078683576969
561,val,1,1,0.9881177369313019
564,val,1,1,0.9919854863950156
571,val,1,1,0.9928450342967361
572,val,1,1,0.9745598614756388
586,val,1,1,0.9921403872683746
587,val,1,1,0.9917065314329301
593,val,1,1,0.9046574260730231
601,val,1,1,0.9982005181598095
605,val,1,1,0.9774887965138624
623,val,1,1,0.9426885853974679
627,val,1,1,0.9723038854751634
631,val,1,1,0.9520054194413361
639,val,1,1,0.9759876608402739
642,val,1,1,0.9837014559175213
644,val,1,1,0.9822386039604275
667,val,1,1,0.9865405212667714
671,val,1,1,0.9782559958368676
672,val,1,1,0.973373996974355
680,val,1,1,0.9869469214278646
685,val,1,1,0.9922781304826687
687,val,1,1,0.9791680679501558
689,val,1,1,0.9816533913188407
700,val,1,1,0.9792363902557475
703,val,1,1,0.9964462981104001
710,val,1,1,0.9907163047444988
715,val,1,1,0.9321470932040041
716,val,1,1,0.9733447006920041
719,val,1,1,0.8803279472383062
729,val,1,1,0.9924670019139421
730,val,1,1,0.8958292225343777
736,val,1,1,0.9413131717179136
747,val,1,1,0.9557823765177935
748,val,1,1,0.9946400104922006
765,val,1,1,0.7562727305954373
769,val,1,1,0.9972784538265295
771,val,1,1,0.9964879992731556
795,val,1,1,0.8026445225814594
801,val,1,1,0.9807846697271878
810,val,1,1,0.7589088719930552
816,val,1,1,0.9890450321316338
823,val,1,1,0.9629210237882719
825,val,1,1,0.9510722828745778
833,val,1,1,0.9382717170199105
844,val,1,1,0.9297788852026062
848,val,1,1,0.9607439936831187
858,val,1,1,0.959616635809792
872,val,1,1,0.9416046531183438
873,val,1,1,0.9735786310055939
896,val,1,1,0.982768238136409
898,val,1,1,0.9342845180909867
905,val,1,1,0.9732033317785864
912,val,1,1,0.9961496592534292
914,val,1,1,0.8961745965618152
921,val,1,1,0.9917326148023039
922,val,1,1,0.9727588077480692
923,val,1,1,0.9684609217921167
943,val,1,1,0.9364632752560687
944,val,1,1,0.9892291162247836
949,val,1,1,0.9980136512973277
962,val,1,1,0.9925024882828554
973,val,1,1,0.9423580880322013
978,val,1,1,0.9926872398940484
983,val,1,1,0.9970516468041285
986,val,1,1,0.9599922146633485
991,val,1,1,0.9540551937313271
995,val,1,1,0.9930759389781676
997,val,1,1,0.9878418169634949
1003,val,1,1,0.9776479993909862
1007,val,1,1,0.9584459311205724
1008,val,1,1,0.9646163622598076
1015,val,1,1,0.9636931410934999
1018,val,1,1,0.9889535863826261
1020,val,1,1,0.9914584740433711
1034,val,1,1,0.9610708840999113
1052,val,1,1,0.9495914598949919
1066,val,1,1,0.9861958708148968
1069,val,1,1,0.9553813618973743
1072,val,1,1,0.6605822914102548
1077,val,1,1,0.9776940679345505
1089,val,1,1,0.8999494830785972
1096,val,1,1,0.9910130779701994
1122,val,1,1,0.9864361756406028
1124,val,1,1,0.9547597815883019
1133,val,1,1,0.9643219105992493
1134,val,1,1,0.709938485280887
1146,val,1,1,0.9925044948630145
1160,val,1,1,0.9781972306316624
1164,val,1,1,0.8999689650079177
1167,val,1,1,0.929446048095614
1178,val,1,1,0.9398466046147166
1187,val,1,1,0.9488955472520211
1197,val,1,1,0.9769667222564081
1218,val,1,1,0.9962426612843828
1240,val,1,1,0.9861191225073597
1251,val,1,1,0.8971179473053699
1254,val,1,1,0.8527473268648176
1255,val,1,1,0.973540812954337
1267,val,1,1,0.9380589071651692
1271,val,1,1,0.9826541627722836
1275,val,1,1,0.9625316675093283
1276,val,1,1,0.9935158902532985
1280,val,1,1,0.9911097538244588
1292,val,1,1,0.9869697763680406
1298,val,1,1,0.9468137780078758
1325,val,1,1,0.9768931477364681
1338,val,1,1,0.9737824589823842
1348,val,1,1,0.9072233356513765
1350,val,1,1,0.9424910879017144
1352,val,1,1,0.968047959550776
1356,val,1,1,0.9821938437702168
1360,val,1,1,0.9516520290883405
1369,val,1,1,0.9967338719357075
1371,val,1,1,0.7487124589117231
1374,val,1,1,0.9764362555141815
1377,val,1,1,0.9128029262027589
1378,val,1,1,0.9694719889126249
1390,val,1,1,0.9465463607259574
1404,val,1,1,0.9484804200367487
1430,val,1,1,0.9377407463496864
1432,val,1,1,0.9832347739246285
1438,val,1,1,0.9710418822671737
1440,val,1,1,0.9986196367915071
1446,val,1,1,0.8263485855299525
1447,val,1,1,0.8706726701114594
1462,val,1,1,0.9766497998616375
1477,val,1,1,0.9945870037635653
1482,val,1,1,0.8405405639173342
1483,val,1,1,0.8313272050202439
1486,val,1,1,0.9968005199242707
1493,val,1,1,0.9737672342442336
1510,val,1,1,0.9688760410677221
1512,val,1,1,0.5586574884697049
1523,val,1,1,0.9905657736119238
1524,val,1,1,0.9903694567636148
1528,val,1,1,0.965360314596083
1530,val,1,1,0.9942409987722416
1532,val,1,1,0.987280186942753
1533,val,1,1,0.9928773037219967
1535,val,1,1,0.9565538678514633
1542,val,1,1,0.7474706094937544
1544,val,1,1,0.9559179471841678
1550,val,1,1,0.9682511666512634
1575,val,1,1,0.966422278409454
1585,val,1,1,0.9845152120047765
1590,val,1,1,0.8161055613881225
1612,val,1,1,0.9916030301977994
1626,val,1,1,0.9918815370376409
1629,val,1,1,0.962413558574796
1630,val,1,1,0.9975661486599978
1640,val,1,1,0.987679695303819
1650,val,1,1,0.9254217833522648
1652,val,1,1,0.952371353443776
1655,val,1,1,0.9763665024182685
1658,val,1,1,0.9921376926077311
1668,val,1,1,0.8470492316128948
1675,val,1,1,0.9283041262295805
1694,val,1,1,0.9964791152334558
1697,val,1,1,0.954891795405303
1698,val,1,1,0.9651217505630375
1705,val,1,1,0.9870872665496493
1708,val,1,1,0.8713839594624198
1710,val,1,1,0.9862698246091182
1711,val,1,1,0.9918065219939867
1714,val,1,1,0.9938512789143109
1718,val,1,1,0.9917832963893037
1720,val,1,1,0.9877056261268153
1726,val,1,1,0.9812929993877565
1732,val,1,1,0.9681629126791519
1734,val,1,1,0.8436215559711636
1738,val,1,1,0.932186549890174
1744,val,1,1,0.5888476780557999
1757,val,1,1,0.9523021701827902
1769,val,1,1,0.966415011589691
1772,val,1,1,0.9825860993479707
1784,val,1,1,0.8946004295682267
1786,val,1,1,0.993692755884048
1789,val,1,1,0.9740487815906965
1793,val,1,1,0.9673913400522749
1802,val,1,1,0.9919755091748764
1806,val,1,1,0.9905540858886007
1810,val,1,1,0.9772592568519112
1813,val,1,1,0.9880443416479141
1814,val,1,1,0.9683915742695001
1817,val,1,1,0.9885606857661361
1821,val,1,1,0.9814557067358033
1829,val,1,1,0.9456352645685806
1838,val,1,1,0.9843718050968392
1846,val,1,1,0.9927360071603206
1849,val,1,1,0.9819058797083199
1852,val,1,1,0.9640312109270968
1856,val,1,1,0.9785002810773131
1860,val,1,1,0.9825613691623483
1865,val,1,1,0.9966998458179922
1868,val,1,1,0.9634798761740917
1871,val,1,1,0.9764853192965255
1873,val,1,1,0.9818878274694598
1876,val,1,1,0.9970375804857692
1889,val,1,1,0.9805309644357368
1900,val,1,1,0.9938908229273201
1924,val,1,1,0.9934189710936501
1934,val,1,1,0.9747375178698853
1944,val,1,1,0.982881495386737
1946,val,1,1,0.9507617404408427
1950,val,1,1,0.9889356727517931
1960,val,1,1,0.9754145062319677
1971,val,1,1,0.9634662504080581
1977,val,1,1,0.9889186628044909
2006,val,1,1,0.982451006083498
2016,val,1,1,0.9859486822466808
2032,val,1,1,0.9832767151405764
2052,val,1,1,0.9371024301617742
2063,val,1,1,0.9113244945963805
2066,val,1,1,0.9924135100062659
2076,val,1,1,0.9895371943363752
2091,val,1,1,0.9086840160858457
2098,val,1,1,0.9773593848008865
2099,val,1,1,0.9693953919796627
2118,val,1,1,0.991750383732566
2125,val,1,1,0.9417001258811792
2126,val,1,1,0.9959218660706242
2127,val,1,1,0.9933893192901523
2132,val,1,1,0.9539756327784272
2141,val,1,1,0.9881320364621279
2149,val,1,1,0.9827939925579414
2153,val,1,1,0.9977211513957327
2154,val,1,1,0.9969303156017402
2159,val,1,1,0.9881405801360541
2171,val,1,1,0.9870670232731107
2181,val,1,1,0.9967257919861687
2186,val,1,1,0.9898832568444874
2193,val,1,1,0.9908886898065974
2195,val,1,1,0.9448775754784804
2208,val,1,1,0.9964807685735321
2218,val,1,1,0.9949636016721776
2221,val,1,1,0.9788218860161167
2244,val,1,1,0.9908077226723615
2255,val,1,1,0.9695118313262243
2258,val,1,1,0.9978927961056095
2269,val,1,1,0.9629426816338872
2277,val,1,1,0.9864474651783419
2283,val,1,1,0.9969769746419048
2288,val,1,1,0.9769435626097939
2289,val,1,1,0.9514328387235758
2295,val,1,1,0.9974004968417156
2296,val,1,1,0.9907753727513345
2300,val,1,1,0.981228841576046
2319,val,1,1,0.9964721635907882
2323,val,1,1,0.979478991470491
2330,val,1,1,0.9690323644181488
2335,val,1,1,0.978595536564416
2340,val,1,1,0.9928734832525391
2341,val,1,1,0.9854461000284008
2350,val,1,1,0.9945691126808927
2358,val,1,1,0.9951668591040076
2373,val,1,1,0.9856593968576413
2377,val,1,1,0.9969610789874138
2378,val,1,1,0.9932195343176571
2379,val,1,1,0.9973567838838728
2383,val,1,1,0.9938089069001355
2403,val,1,1,0.9764300178559472
2408,val,1,1,0.9805125138790773
2414,val,1,1,0.9940783388478529
2422,val,1,1,0.9187808870352406
2430,val,1,1,0.9944768575067788
2431,val,1,1,0.9886845670822785
2435,val,1,1,0.974671566776251
2436,val,1,1,0.9825689343887984
2437,val,1,1,0.9859009669548322
2439,val,1,1,0.9918383257985407
2464,val,1,1,0.9812480341609315
2467,val,1,1,0.9897409353164924
2469,val,1,1,0.9968865947299265
2476,val,1,1,0.9831819865503322
2486,val,1,1,0.9981776743407623
2492,val,1,1,0.9817665519181882
2504,val,1,1,0.9962627038000582
2516,val,1,1,0.9975595822402822
2523,val,1,1,0.9770704428672677
2527,val,1,1,0.9838789209268113
2529,val,1,1,0.9685157729303181
2538,val,1,1,0.9414952793267302
2565,val,1,1,0.877913263820135
2566,val,1,1,0.9965997646373487
2569,val,1,1,0.9849483688702008
2581,val,1,1,0.8185704302849095
2589,val,1,1,0.9909078408636074
2595,val,1,1,0.986968958162728
2597,val,1,1,0.9903736688413942
2621,val,1,1,0.9968857115970939
2635,val,1,1,0.9285942733981495
2638,val,1,1,0.9861079512925988
2642,val,1,1,0.9963758193248166
2645,val,1,1,0.9904215115652026
2646,val,1,1,0.9969901770206476
2650,val,1,1,0.9906633127973502
2652,val,1,1,0.9904056912441487
2653,val,1,1,0.9163153439585425
2658,val,1,1,0.9958639984003201
2668,val,1,1,0.9909912623231776
2694,val,1,1,0.9929389644903879
2695,val,1,1,0.9918314202572436
2704,val,1,1,0.8724305405215811
2706,val,1,1,0.9963206902968269
2712,val,1,1,0.7669153828370524
2713,val,1,1,0.9158576592802662
2715,val,1,1,0.9122390804213661
2717,val,1,1,0.9759433190534804
2719,val,1,1,0.9476937065373792
2721,val,1,1,0.9443461716171235
2728,val,1,1,0.9365168447883887
2730,val,1,1,0.979593381481949
2733,val,1,1,0.9644029713447836
2742,val,1,1,0.9974183466467391
2756,val,1,1,0.9549197513131914
2761,val,1,1,0.966263050312751
2764,val,1,1,0.996384880440653
2773,val,1,1,0.7199541674341562
2788,val,1,1,0.956492561856858
2790,val,1,1,0.987687013989819
2802,val,1,1,0.9849970584585205
2808,val,1,1,0.977566712900014
2826,val,1,1,0.9753067317194859
2833,val,1,1,0.8445811747855034
2834,val,1,1,0.9546998689720211
2851,val,1,1,0.9915171850245129
2856,val,1,1,0.9666402512006087
2859,val,1,1,0.9745872270764719
2863,val,1,1,0.9849292883160139
2880,val,1,1,0.9905642398139967
2885,val,1,1,0.9928536268254566
2893,val,1,1,0.9484245612922839
2907,val,1,1,0.9706187767154419
2908,val,1,1,0.9748284543245105
2913,val,1,1,0.9976467768497752
2924,val,1,1,0.9543845135766078
2925,val,1,1,0.9674296217217631
2928,val,1,1,0.9920269538989948
2931,val,1,1,0.5972544167820526
2943,val,1,1,0.9641438077276179
2956,val,1,1,0.9953125757695689
2961,val,1,1,0.9931338425905344
2964,val,1,1,0.9838253756476375
2965,val,1,1,0.9557446299212761
2967,val,1,1,0.9820914644226059
2992,val,1,1,0.9879693136008418
2993,val,1,1,0.9892628205925718
3022,val,1,1,0.9807139859157136
3028,val,1,1,0.9948319824352747
3038,val,1,1,0.8613973648405447
3056,val,1,1,0.9352921556996175
3062,val,1,1,0.9921667968851476
3076,val,1,1,0.9874991457673635
3083,val,1,1,0.9759561419129781
3094,val,1,1,0.9872328417253023
3101,val,1,1,0.9988435444444829
3103,val,1,1,0.9704570503663136
3112,val,1,1,0.9972567110557471
3116,val,1,1,0.9963359532019199
3122,val,1,1,0.9955461464933301
3139,val,1,1,0.8813621690782144
3141,val,1,1,0.995711901349554
3144,val,1,1,0.9664732896435783
3155,val,1,1,0.9719347421397718
3158,val,1,1,0.9764725668317996
3163,val,1,1,0.9335035571911237
3178,val,1,1,0.9947243362005045
3187,val,1,1,0.911709174096103
3188,val,1,1,0.9976313646546345
3192,val,1,1,0.9843323605551451
3207,val,1,1,0.9985904514073111
3210,val,1,1,0.5481815864117539
3213,val,1,1,0.9029693333604997
3215,val,1,1,0.9892483387025881
3226,val,1,1,0.9698624138247329
3233,val,1,1,0.9724111163655632
3238,val,1,1,0.9958980230948264
3239,val,1,1,0.9558460022573237
3245,val,1,1,0.9877970309349937
3252,val,1,1,0.9606639991159469
3256,val,1,1,0.9223544122722925
3261,val,1,1,0.9924374886158062
3275,val,1,1,0.959182470240334
3278,val,1,1,0.9622687397330595
3286,val,1,1,0.930555032728051
3287,val,1,1,0.9766006137642639
3308,val,1,1,0.9962906943136196
3313,val,1,1,0.981917460121927
3320,val,1,1,0.9847027505906911
3322,val,1,1,0.9948700512044372
3335,val,1,1,0.9864432149643219
3340,val,1,1,0.9426695531349764
3379,val,1,1,0.7986508698062967
3380,val,1,1,0.9935894253948417
3384,val,1,1,0.9525841269695028
3386,val,1,1,0.9915811393255138
3407,val,1,1,0.9656641973384985
3414,val,1,1,0.910782763800003
3418,val,1,1,0.9713303950052931
3425,val,1,1,0.9613064743232069
3428,val,1,1,0.9964150661647734
3440,val,1,1,0.9825766044207355
3442,val,1,1,0.9975062257589751
3445,val,1,1,0.9926501261904113
3449,val,1,1,0.9848908036468689
3454,val,1,1,0.991413734563725
3455,val,1,1,0.9878930122662176
3469,val,1,1,0.9140407336025675
3475,val,1,1,0.9452975664694948
3476,val,1,1,0.9796735764265334
3485,val,1,1,0.9801265618570973
3490,val,1,1,0.9832788179391616
3493,val,1,1,0.983419947285448
3494,val,1,1,0.9815955299247331
3495,val,1,1,0.9667378152883497
3500,val,1,1,0.9912440666014339
3509,val,1,1,0.9985101232366757
3510,val,1,1,0.971533605660868
3521,val,1,1,0.982011631409089
3528,val,1,1,0.9973786086242034
3544,val,1,1,0.9754492054540294
3553,val,1,1,0.9175182459517244
3561,val,1,1,0.9874885208370435
3562,val,1,1,0.9927743422911044
3566,val,1,1,0.9951350032017434
3567,val,1,1,0.9253177909569276
3568,val,1,1,0.9267005624774814
3593,val,1,1,0.8282341953382378
3596,val,1,1,0.9857826304488345
3600,val,1,1,0.9682666442910016
3619,val,1,1,0.920394105225318
3647,val,1,1,0.8199553547491947
3655,val,1,1,0.9954674457188606
3660,val,1,1,0.9859629959290933
3662,val,1,1,0.9932024445976695
3667,val,1,1,0.9939826340528963
3670,val,1,1,0.9793180630795003
3679,val,1,1,0.8866419280983805
3680,val,1,1,0.986800996323091
3681,val,1,1,0.9407664925170293
3689,val,1,1,0.997126303174064
3698,val,1,1,0.9401784513966358
3751,val,1,1,0.9869430509764319
3768,val,1,1,0.9591066635389116
3771,val,1,1,0.9873688387735639
3772,val,1,1,0.9960987767787371
3783,val,1,1,0.9223003511427618
3785,val,1,1,0.974389267947769
3791,val,1,1,0.9868865864291715
3795,val,1,1,0.9710388744478905
3817,val,1,1,0.9747146350279333
3826,val,1,1,0.9311357405809718
3827,val,1,1,0.6164389261043102
3828,val,1,1,0.9959025309873674
3850,val,1,1,0.9955405734572174
3851,val,1,1,0.9820693522865712
3856,val,1,1,0.9884443889051951
3857,val,1,1,0.9984694560030637
3859,val,1,1,0.9760348025589491
3880,val,1,1,0.9742879253374449
3882,val,1,1,0.9949087146073776
3883,val,1,1,0.9856960421005364
3886,val,1,1,0.9936318304896927
3897,val,1,1,0.9803375189768967
3899,val,1,1,0.9801877276551724
3901,val,1,1,0.994328681616939
3904,val,1,1,0.9923358537154087
3907,val,1,1,0.995868094271413
3909,val,1,1,0.9901683939786831
3917,val,1,1,0.6854907653391435
3921,val,1,1,0.9413208548268008
3924,val,1,1,0.9881866221444685
3932,val,1,1,0.9884296884499386
3935,val,1,1,0.997759627544782
3940,val,1,1,0.9966929218858102
3948,val,1,1,0.9889750920592776
3955,val,1,1,0.9911266119441239
3957,val,1,1,0.9922140660808738
3958,val,1,1,0.9344115286436923
3965,val,1,1,0.9905411420119558
3982,val,1,1,0.9868947221250872
4001,val,1,1,0.9958720330185231
4005,val,1,1,0.9511518428314858
4023,val,1,1,0.9937497196398619
4030,val,1,1,0.9525274648837618
4032,val,1,1,0.9898547296872809
4035,val,1,1,0.9903293683903894
4047,val,1,1,0.9567857193579299
4053,val,1,1,0.9894336958854126
4054,val,1,1,0.9750936909007973
4055,val,1,1,0.9707672651422757
4065,val,1,1,0.9803398750128463
4080,val,1,1,0.9869955206506514
4089,val,1,1,0.9887190409455016
4103,val,1,1,0.9701660001799322
4107,val,1,1,0.9859307810969952
4120,val,1,1,0.985088267885234
4124,val,1,1,0.9855004070871047
4127,val,1,1,0.9848162825045611
4132,val,1,1,0.9480604471041746
4134,val,1,1,0.9844065145204838
4143,val,1,1,0.9942395815535393
4145,val,1,1,0.9978686393118462
4148,val,1,1,0.9756605283155659
4149,val,1,1,0.9360643912994381
4160,val,1,1,0.9758019024625956
4170,val,1,1,0.9641920250008665
4187,val,1,1,0.9202801603911694
4195,val,1,1,0.9749259784712716
4196,val,1,1,0.9922845031007836
4200,val,1,1,0.8737725209991137
4201,val,1,1,0.9946738186643995
4205,val,1,1,0.9877519772918127
4227,val,1,1,0.9978655737847092
4228,val,1,1,0.9959934493924131
4231,val,1,1,0.9913338897307212
4235,val,1,1,0.9867467053386493
4243,val,1,1,0.9926659280701488
4244,val,1,1,0.9393886856531539
4248,val,1,1,0.9754745074029627
4250,val,1,1,0.8857316457363947
4259,val,1,1,0.9089589875917138
4265,val,1,1,0.9595263256757778
4276,val,1,1,0.9940369431745003
4279,val,1,1,0.9775290405652037
4300,val,1,1,0.9787503855183748
4301,val,1,1,0.9685341294731049
4308,val,1,1,0.9915480069230821
4314,val,1,1,0.9523375501183476
4318,val,1,1,0.9840350313626199
4325,val,1,1,0.5223295852911788
4326,val,1,1,0.9827522640554993
4331,val,1,1,0.9924159713615207
4342,val,1,1,0.8531971557851421
4352,val,1,1,0.9833524529593279
4359,val,1,1,0.9676500239781494
4369,val,1,1,0.9927051837726931
4370,val,1,1,0.9515444267494347
4386,val,1,1,0.9948108916444753
4394,val,1,1,0.9954327258867147
4400,val,1,1,0.9932965392213062
4404,val,1,1,0.9891825405945107
4412,val,1,1,0.9962860478142116
4413,val,1,1,0.9858194885470609
4419,val,1,1,0.9893633765640482
4420,val,1,1,0.9966195906915999
4424,val,1,1,0.9596413011083755
4428,val,1,1,0.8993069718339897
4431,val,1,1,0.9847070322632199
4441,val,1,1,0.9849484539673727
4442,val,1,1,0.9840989332990728
4443,val,1,1,0.9954110059268039
4445,val,1,1,0.9962272974785145
4450,val,1,1,0.9862749270488527
4459,val,1,1,0.9591519245724147
4461,val,1,1,0.9899175865820826
4469,val,1,1,0.9895271619674793
4472,val,1,1,0.9862613791166679
4482,val,1,1,0.9969680879177022
4492,val,1,1,0.9935430004331572
4493,val,1,1,0.895834075254351
4500,val,1,1,0.9643362395925876
4505,val,1,1,0.9648308902682105
4508,val,1,1,0.9961543353003448
4513,val,1,1,0.9497106364604091
4514,val,1,1,0.9943894967034114
4517,val,1,1,0.9794992046978535
4519,val,1,1,0.9962484782505692
4521,val,1,1,0.9883588023812608
4525,val,1,1,0.9960357827680454
4535,val,1,1,0.97237381167661
4537,val,1,1,0.9948714096530972
4546,val,1,1,0.9992626706795764
4561,val,1,1,0.9858262140744453
4562,val,1,1,0.9932558247206411
4563,val,1,1,0.9981646244828968
4567,val,1,1,0.9947203914608763
4579,val,1,1,0.978661240251093
4581,val,1,1,0.9954842972619132
4585,val,1,1,0.9708139971682793
4598,val,1,1,0.9945232838419936
4603,val,1,1,0.9919460621246164
4608,val,1,1,0.9974894899357141
4622,val,1,1,0.9941493327750917
4628,val,1,1,0.9960316478172828
4632,val,1,1,0.9946196508728173
4639,val,1,1,0.9673399182192803
4641,val,1,1,0.988588880392863
4650,val,1,1,0.9966254431956743
4672,val,1,1,0.9950481689019133
4675,val,1,1,0.9930156392930766
4676,val,1,1,0.9802399036071906
4689,val,1,1,0.998309932036157
4700,val,1,1,0.9957632121002908
4705,val,1,1,0.9803167729443241
4706,val,1,1,0.9891858003332141
4709,val,1,1,0.9881819601660049
4716,val,1,1,0.9617595018907893
4717,val,1,1,0.9347306264198728
4718,val,1,1,0.991897523186534
4737,val,1,1,0.9613693064231538
4747,val,1,1,0.9011194649865008
4750,val,1,1,0.9783259443525342
4755,val,1,1,0.9864426623387116
4757,val,1,1,0.9927675129491159
4761,val,1,1,0.9543996212244655
4766,val,1,1,0.9967382565779133
4768,val,1,1,0.9880134597853086
4769,val,1,1,0.9119024418143344
4783,val,1,1,0.9962194663258097
4790,val,1,1,0.9930494130053094
4799,val,1,1,0.9827972355907302
4803,val,1,1,0.982694838908634
4805,val,1,1,0.8540827577435839
4813,val,1,1,0.9492786146542185
4814,val,1,1,0.939473160532689
4821,val,1,1,0.9954894536207417
4823,val,1,1,0.8501036285024449
4830,val,1,1,0.994415474019381
4834,val,1,1,0.982495616477726
4835,val,1,1,0.885433783677933
4845,val,1,1,0.9292668747687263
4847,val,1,1,0.7919585249191834
4851,val,1,1,0.9951737226210694
4858,val,1,1,0.9963100689597928
4860,val,1,1,0.9975151373116682
4866,val,1,1,0.9586858950085926
4867,val,1,1,0.9933817475457374
4869,val,1,1,0.9963503198495928
4885,val,1,1,0.9718902473477519
4892,val,1,1,0.8533237793008615
4902,val,1,1,0.99552574976758
4916,val,1,1,0.9737335545396563
4918,val,1,1,0.9885927913725038
4922,val,1,1,0.993648081464671
4931,val,1,1,0.9915512224197649
4935,val,1,1,0.9879270641521558
4953,val,1,1,0.9906971308718171
4986,val,1,1,0.9149677245218364
4992,val,1,1,0.9804639170924336
4995,val,1,1,0.9883704754396994
5000,val,1,1,0.997313620984806
5012,val,1,1,0.9921533470376553
5015,val,1,1,0.9770665031964092
5023,val,1,1,0.9913450187500752
5031,val,1,1,0.9880380728347813
5035,val,1,1,0.9554958816296097
5037,val,1,1,0.9890891499715962
5040,val,1,1,0.9095209601939876
5041,val,1,1,0.9974152962119921
5046,val,1,1,0.8720984814698236
5052,val,1,1,0.9965822416433326
5067,val,1,1,0.9980501098517757
5073,val,1,1,0.9906070515958042
5094,val,1,1,0.9743413513615943
5106,val,1,1,0.9678743139170067
5108,val,1,1,0.9832550552815409
5126,val,1,1,0.9986724630835826
5132,val,1,1,0.9668286000858608
5140,val,1,1,0.9006041790442664
5146,val,1,1,0.993842464618313
5153,val,1,1,0.9881129031868916
5179,val,1,1,0.997025314740988
5190,val,1,1,0.9949193039470877
5192,val,1,1,0.9363866224589735
5195,val,1,1,0.9052089997356189
5206,val,1,1,0.9834451401103554
5211,val,1,1,0.994735015668178
5215,val,1,1,0.9897289284049963
5227,val,1,1,0.9866199730328687
5228,val,1,1,0.9949538896277339
5231,val,1,1,0.9885909038921411
5238,val,1,1,0.9592329294074745
5249,val,1,1,0.9930470709204088
5254,val,1,1,0.942945252589628
5262,val,1,1,0.9483058114537298
5267,val,1,1,0.9902624756704919
5274,val,1,1,0.7898441553672758
5278,val,1,1,0.9886960006337381
5283,val,1,1,0.9734042591911661
5286,val,1,1,0.9891986694703642
5294,val,1,1,0.9843547888534651
5295,val,1,1,0.9975195977375109
5299,val,1,1,0.9882450619729157
5303,val,1,1,0.9862028787433275
5304,val,1,1,0.9816830882470344
5314,val,1,1,0.9474438520907696
5318,val,1,1,0.988719201891297
5328,val,1,1,0.8547681430401299
5340,val,1,1,0.9618103824681941
5346,val,1,1,0.9661178980177755
5353,val,1,1,0.9401829603524184
5355,val,1,1,0.989846460559698
5356,val,1,1,0.9871113012999153
5378,val,1,1,0.9872089158687068
5382,val,1,1,0.9928428339743355
5389,val,1,1,0.7590038237650363
5396,val,1,1,0.8841554125666978
5398,val,1,1,0.9607958521224501
5399,val,1,1,0.9964581398644312
5416,val,1,1,0.9990745958791853
5420,val,1,1,0.9962425285688272
5422,val,1,1,0.9925029203599905
5424,val,1,1,0.9807732967815914
5432,val,1,1,0.9206453592990504
5458,val,1,1,0.9833218879162751
5461,val,1,1,0.8719648567328568
5473,val,1,1,0.99914784461293
5476,val,1,1,0.994226523238088
5514,val,1,1,0.9826507375723761
5521,val,1,1,0.9854503317657735
5535,val,1,1,0.990542573353002
5543,val,1,1,0.9895013245328381
5546,val,1,1,0.9727928718347946
5549,val,1,1,0.998442425818998
5561,val,1,1,0.9700698494247604
5576,val,1,1,0.9973349412184473
5577,val,1,1,0.986156108780742
5599,val,1,1,0.9943269489965262
5609,val,1,1,0.9966930950527081
5617,val,1,1,0.9882730777791927
5619,val,1,1,0.9963539955747874
5628,val,1,1,0.9159055877695106
5633,val,1,1,0.8461797537709371
5656,val,1,1,0.9598611627114456
5666,val,1,1,0.8806661806464644
5669,val,1,1,0.9966558936639571
5674,val,1,1,0.9973310307772396
5675,val,1,1,0.9712390370358807
5681,val,1,1,0.8234101439758015
5682,val,1,1,0.958635690221871
5684,val,1,1,0.8574201797073472
5703,val,1,1,0.9116974605780549
5704,val,1,1,0.9235809367463069
5716,val,1,1,0.9906034787597549
5719,val,1,1,0.9664647536970528
5722,val,1,1,0.9917546504174392
5724,val,1,1,0.9168052672861983
5727,val,1,1,0.7838167277579987
5743,val,1,1,0.7617280299141312
5755,val,1,1,0.9911525980814013
5757,val,1,1,0.8912273643571447
5771,val,1,1,0.9949837169104541
5773,val,1,1,0.9976603119162896
5774,val,1,1,0.9920061449279858
5783,val,1,1,0.8540994268655437
5787,val,1,1,0.9563963723405522
5788,val,1,1,0.9748450919198215
5790,val,1,1,0.9924345014560947
5794,val,1,1,0.9820077838942023
5795,val,1,1,0.8474553103323773
5800,val,1,1,0.9935780701467883
5803,val,1,1,0.9733564740514813
5821,val,1,1,0.9882695975748762
5825,val,1,1,0.9971336164031747
5828,val,1,1,0.9944105116832063
5834,val,1,1,0.9373270080676357
5838,val,1,1,0.9955393078911381
5841,val,1,1,0.9931806160340865
5842,val,1,1,0.9953763818055983
5848,val,1,1,0.8837308294405669
5855,val,1,1,0.9492970262236626
5857,val,1,1,0.9899126609761231
5864,val,1,1,0.9739225932369048
5871,val,1,1,0.9734598491384118
5872,val,1,1,0.9808040185071748
5873,val,1,1,0.9781583369868103
5874,val,1,1,0.9954753974967079
5875,val,1,1,0.9904218715792515
5878,val,1,1,0.9371179973731004
5883,val,1,1,0.9897626194423661
5886,val,1,1,0.9829570607338722
5894,val,1,1,0.9956303725470101
5899,val,1,1,0.9953458708251317
5933,val,1,1,0.9654611217496389
5941,val,1,1,0.9823997220438736
5944,val,1,1,0.996402954298268
5947,val,1,1,0.9793646533843687
5965,val,1,1,0.9660862603395167
5966,val,1,1,0.9589997411034813
5967,val,1,1,0.9698448200587452
5974,val,1,1,0.9938404887209984
5977,val,1,1,0.9397422157241678
5978,val,1,1,0.9906039990740946
5979,val,1,1,0.9978778055394543
5981,val,1,1,0.8904270773936986
5987,val,1,1,0.9644510465185058
5991,val,1,1,0.9951114549169733
6002,val,1,1,0.9916842296867994
6007,val,1,1,0.9870024540288523
6010,val,1,1,0.9634807526298601
6011,val,1,1,0.9947806477075057
6013,val,1,1,0.9779263926187359
6015,val,1,1,0.7914296725809047
6033,val,1,1,0.9644040839739456
6046,val,1,1,0.8845097379801383
6065,val,1,1,0.9748949019156375
6066,val,1,1,0.9512178589720924
6069,val,1,1,0.9979504438002639
6071,val,1,1,0.8222575051508746
6076,val,1,1,0.8848792910607144
6078,val,1,1,0.9980907891304293
6095,val,1,1,0.9521960358576321
6103,val,1,1,0.87254619436442
6111,val,1,1,0.9632550433736407
6116,val,1,1,0.8008424427531642
6128,val,1,1,0.7112900772352901
6141,val,1,1,0.7973924654414897
6144,val,1,1,0.9753024936648991
6150,val,1,1,0.9974987472525202
6161,val,1,1,0.9870212046078296
6164,val,1,1,0.9960110148418821
6175,val,1,1,0.9797092208254395
6179,val,1,1,0.9923383165899609
6186,val,1,1,0.9766696562806607
6193,val,1,1,0.9939989271285528
6196,val,1,1,0.9862117644522801
6197,val,1,1,0.9577712671756763
6201,val,1,1,0.9920544338532887
6210,val,1,1,0.9415589040166465
6215,val,1,1,0.9754638615123153
6218,val,1,1,0.9905380583398684
6225,val,1,1,0.973711049910744
6227,val,1,1,0.9948205936840223
6242,val,1,1,0.9905588099790368
6254,val,1,1,0.9959936918701225
6255,val,1,1,0.9737891040606157
6260,val,1,1,0.9901635433247952
6269,val,1,1,0.9440064165606967
6272,val,1,1,0.9166363509808436
6280,val,1,1,0.9952326314631168
6282,val,1,1,0.9094415927847528
6289,val,1,1,0.9774359780330717
6291,val,1,1,0.9948302771327264
6293,val,1,1,0.9804768965616499
6300,val,1,1,0.9534890717475912
6307,val,1,1,0.9813996615310921
6315,val,1,1,0.951943516468674
6316,val,1,1,0.9558004549983055
6333,val,1,1,0.9962780053718162
6338,val,1,1,0.9963091733836582
6339,val,1,1,0.944343233532164
6342,val,1,1,0.9667411476915607
6345,val,1,1,0.9439528660424454
6352,val,1,1,0.9678572131473897
6365,val,1,1,0.9650707192234796
6379,val,1,1,0.9927727342974051
6380,val,1,1,0.9984693314730994
6387,val,1,1,0.9831169517760505
6407,val,1,1,0.9267813889721723
6409,val,1,1,0.9435822906193416
6413,val,1,1,0.9799609398658065
6419,val,1,1,0.99231756012515
6428,val,1,1,0.9971598253920333
6437,val,1,1,0.9910065268721134
6441,val,1,1,0.9933895663439181
6442,val,1,1,0.9948796810474989
6446,val,1,1,0.9840258794388236
6457,val,1,1,0.9919767235245079
6464,val,1,1,0.967303662406733
6466,val,1,1,0.974425109371736
6472,val,1,1,0.9821950970250114
6473,val,1,1,0.9924735053979676
6480,val,1,1,0.9864427511782671
6481,val,1,1,0.9970341934052812
6488,val,1,1,0.9952490361390053
6496,val,1,1,0.9042065924378891
6503,val,1,1,0.8951496739362143
6509,val,1,1,0.9969969899095387
6518,val,1,1,0.9840333175293721
6521,val,1,1,0.9651318146839152
6533,val,1,1,0.9610566345761091
6553,val,1,1,0.9904363221628635
6554,val,1,1,0.9836590312307163
6567,val,1,1,0.9833355434898665
6571,val,1,1,0.9738987745729089
6572,val,1,1,0.9933835291469553
6576,val,1,1,0.9724211558174192
6591,val,1,1,0.9785657460452034
6598,val,1,1,0.9943336698239434
6605,val,1,1,0.8997029329367906
6608,val,1,1,0.9366219198257171
6612,val,1,1,0.983985601152017
6613,val,1,1,0.9390498041225035
6620,val,1,1,0.9820642205488255
6624,val,1,1,0.9823187194307836
6625,val,1,1,0.9748510020923297
6633,val,1,1,0.988071909113217
6637,val,1,1,0.9848843528096097
6643,val,1,1,0.9924717567386105
6649,val,1,1,0.9924694792902623
6653,val,1,1,0.9706263474408305
6681,val,1,1,0.9953396686729543
6686,val,1,1,0.9914498989112414
6697,val,1,1,0.974269158883448
6704,val,1,1,0.8910517611323587
6708,val,1,1,0.9956066650764468
6712,val,1,1,0.9910722299980635
6715,val,1,1,0.9776104685640247
6725,val,1,1,0.9778591849835303
6728,val,1,1,0.960741391182195
6738,val,1,1,0.9504450388273569
6740,val,1,1,0.9938737458925385
6743,val,1,1,0.9559293561493959
6747,val,1,1,0.9895316851926479
6753,val,1,1,0.9939653864703198
6755,val,1,1,0.8152065280150441
6768,val,1,1,0.9871182432645157
6775,val,1,1,0.7640682614864105
6779,val,1,1,0.9441944438462824
6780,val,1,1,0.9959026699417192
6808,val,1,1,0.9983762134240908
6825,val,1,1,0.9817453418751276
6832,val,1,1,0.977916970614047
6841,val,1,1,0.9934876296697134
6852,val,1,1,0.9094338949504492
6859,val,1,1,0.9305035190201332
6874,val,1,1,0.9951694591595343
6882,val,1,1,0.933654438319049
6891,val,1,1,0.984825224250259
6893,val,1,1,0.9717919352100203
6900,val,1,1,0.9713665278284589
6901,val,1,1,0.9899858209666903
6906,val,1,1,0.9663711715398278
6912,val,1,1,0.9735872115691058
6920,val,1,1,0.9675296490369454
6932,val,1,1,0.8982416148909742
6934,val,1,1,0.9891464802250025
6939,val,1,1,0.9550005414364326
6943,val,1,1,0.9587520268761313
6954,val,1,1,0.995405841568347
6957,val,1,1,0.8295898152556164
6969,val,1,1,0.9765433023667613
6978,val,1,1,0.8819464679638463
6982,val,1,1,0.9947439457633221
6983,val,1,1,0.9396841974173765
6984,val,1,1,0.9941421898250321
6986,val,1,1,0.9763399655206395
6987,val,1,1,0.9986586033825648
6989,val,1,1,0.9405369827896148
6992,val,1,1,0.9450433697569548
7001,val,1,1,0.885441637108227
7029,val,1,1,0.9882446259634979
7040,val,1,1,0.9946351786042782
7047,val,1,1,0.9637022305333822
7049,val,1,1,0.9808450952027143
7075,val,1,1,0.9959955173023232
7078,val,1,1,0.8290487808499226
7081,val,1,1,0.9943044344599896
7091,val,1,1,0.9932199825455047
7096,val,1,1,0.9097669942703607
7098,val,1,1,0.9973661839098359
7099,val,1,1,0.9877709676270224
7103,val,1,1,0.9792749677715578
7108,val,1,1,0.901323671984768
7115,val,1,1,0.9835402489122399
7116,val,1,1,0.988089945515477
7117,val,1,1,0.9596429869677016
7118,val,1,1,0.9680265816536686
7136,val,1,1,0.9847313777601441
7146,val,1,1,0.976272310809881
7158,val,1,1,0.9314559149503027
7162,val,1,1,0.96371653238563
7174,val,1,1,0.9867617317847226
7176,val,1,1,0.8495815357266235
7177,val,1,1,0.9498541374798288
7182,val,1,1,0.9864705448924834
7185,val,1,1,0.9874169318344606
7188,val,1,1,0.9404342177157915
7190,val,1,1,0.9892427093204995
7205,val,1,1,0.9954110729878162
7212,val,1,1,0.9960574182350218
7215,val,1,1,0.9286778096031999
7223,val,1,1,0.9923368422729829
7246,val,1,1,0.7484643277662788
7258,val,1,1,0.7912477840861394
7270,val,1,1,0.9176480887539623
7272,val,1,1,0.9924986140875165
7288,val,1,1,0.994499325977711
7301,val,1,1,0.9880466160101312
7306,val,1,1,0.9079703894968937
7318,val,1,1,0.9900343832966303
7321,val,1,1,0.9960209632772533
7328,val,1,1,0.9877609478903562
7335,val,1,1,0.9841470790800599
7337,val,1,1,0.983639983298387
7341,val,1,1,0.995154494390791
7350,val,1,1,0.9917288722624379
7352,val,1,1,0.9914480279759535
7356,val,1,1,0.9986147623139
7367,val,1,1,0.9851198117390638
7370,val,1,1,0.9839179038277059
7374,val,1,1,0.9978726864045124
7378,val,1,1,0.979638335243725
7396,val,1,1,0.98189265854043
7402,val,1,1,0.9987896081176286
7404,val,1,1,0.9907706166684435
7415,val,1,1,0.8849589143661717
7418,val,1,1,0.9968444662136396
7446,val,1,1,0.9724058605340092
7448,val,1,1,0.9868823651587496
7451,val,1,1,0.7932980009555688
7463,val,1,1,0.9880820700249687
7475,val,1,1,0.9828423318437611
7487,val,1,1,0.9915639904177092
7493,val,1,1,0.9821192535263732
7525,val,1,1,0.9939376006115963
7530,val,1,1,0.99762789378081
7565,val,1,1,0.9913722503319342
7572,val,1,1,0.9823459497328915
7577,val,1,1,0.9116376705098427
7580,val,1,1,0.9902631700363901
7592,val,1,1,0.9928010293058072
7599,val,1,1,0.9958429910143496
7605,val,1,1,0.9975704556388526
7613,val,1,1,0.9650492610970494
7614,val,1,1,0.9369121474605601
7615,val,1,1,0.9885868450174932
7617,val,1,1,0.9857474857575851
7618,val,1,1,0.9771387060011308
7635,val,1,1,0.7471172106716878
7637,val,1,1,0.983829377664034
7642,val,1,1,0.9818598131382273
7643,val,1,1,0.6861833922886125
7648,val,1,1,0.9725597956496467
7657,val,1,1,0.9954155326533352
7673,val,1,1,0.9451013115490952
7683,val,1,1,0.8304267585880202
7692,val,1,1,0.8846605781771559
7694,val,1,1,0.8462890660591993
7695,val,1,1,0.97286958339004
7701,val,1,1,0.802357571542682
7706,val,1,1,0.9875502486963732
7707,val,1,1,0.9943368644447415
7710,val,1,1,0.9988276473132085
7712,val,1,1,0.9912968057708357
7720,val,1,1,0.9929578709879625
7727,val,1,1,0.9862617473210498
7732,val,1,1,0.891487947337229
7735,val,1,1,0.9828601721560295
7740,val,1,1,0.9557042843693956
7744,val,1,1,0.9492755305094496
7753,val,1,1,0.9589283891953224
7759,val,1,1,0.9805508883143927
7766,val,1,1,0.9978158691615456
7770,val,1,1,0.9930663536447871
7779,val,1,1,0.9957441683709498
7789,val,1,1,0.9431066139514879
7790,val,1,1,0.981138898180866
7794,val,1,1,0.764195061725795
7818,val,1,1,0.9317851182819956
7820,val,1,1,0.9107211623912661
7823,val,1,1,0.9931663891937396
7828,val,1,1,0.972634849287935
7835,val,1,1,0.9697351628996539
7837,val,1,1,0.7145446358819264
7842,val,1,1,0.9725511223880258
7848,val,1,1,0.90202146613583
7853,val,1,1,0.9596104492974679
7861,val,1,1,0.8231788223506876
7862,val,1,1,0.9468118349698408
7877,val,1,1,0.9338230962951544
7894,val,1,1,0.983549600582491
7899,val,1,1,0.7637038667032556
7902,val,1,1,0.9796117846566876
7903,val,1,1,0.9884360966076611
7912,val,1,1,0.9906162655056059
7913,val,1,1,0.9981173051391421
7921,val,1,1,0.9752421843503793
7928,val,1,1,0.9284609680204784
7933,val,1,1,0.9413338678299482
7938,val,1,1,0.8681276493876805
7941,val,1,1,0.9969658656221818
7943,val,1,1,0.993007200843981
7945,val,1,1,0.9955963431564454
7948,val,1,1,0.9416409455627297
7950,val,1,1,0.9896186132330537
7954,val,1,1,0.9819795842711274
7957,val,1,1,0.9213173082580615
7968,val,1,1,0.986481199497502
7969,val,1,1,0.9833779373943671
7975,val,1,1,0.9538618735594298
7980,val,1,1,0.9975542944808238
7982,val,1,1,0.937769195985393
7990,val,1,1,0.9145963936369413
7993,val,1,1,0.991446204177221
7997,val,1,1,0.9595248154587726
8007,val,1,1,0.9879318512473585
8011,val,1,1,0.9526311774810535
8017,val,1,1,0.9913693975225913
8018,val,1,1,0.9156145170673573
8023,val,1,1,0.9758487930563661
8024,val,1,1,0.9930653331715895
8049,val,1,1,0.9881001095572518
8060,val,1,1,0.9623069868116965
8078,val,1,1,0.9842407877042034
8081,val,1,1,0.9852327409263993
8092,val,1,1,0.9810945497488794
8093,val,1,1,0.9790236175052281
8095,val,1,1,0.9741180621568428
8097,val,1,1,0.893968213752498
8101,val,1,1,0.9077860609580967
8107,val,1,1,0.9684213050423937
8108,val,1,1,0.9748913455291717
8109,val,1,1,0.9730826774971386
8125,val,1,1,0.9886812121858805
8132,val,1,1,0.9966812425645911
8133,val,1,1,0.9010388327668315
8142,val,1,1,0.992302144914147
8143,val,1,1,0.9911254709569307
8148,val,1,1,0.9681687492417749
8150,val,1,1,0.9675162366462279
8151,val,1,1,0.957697277114758
8154,val,1,1,0.9822773284297335
8167,val,1,1,0.9901983115039615
8169,val,1,1,0.9894859987264701
8181,val,1,1,0.9942820556903875
8183,val,1,1,0.9954829668731989
8193,val,1,1,0.9745937206971835
8202,val,1,1,0.9935270158115842
8213,val,1,1,0.9429434284622076
8221,val,1,1,0.9852337066505232
8254,val,1,1,0.944426305545288
8257,val,1,1,0.9796609075441863
8266,val,1,1,0.9984190664809054
8268,val,1,1,0.9853704746227503
8269,val,1,1,0.9920454884333127
8271,val,1,1,0.9783694130284465
8281,val,1,1,0.9845074429140744
8282,val,1,1,0.9511490011757625
8283,val,1,1,0.986164613807265
8284,val,1,1,0.9830247424612611
8288,val,1,1,0.9821800529536469
8290,val,1,1,0.9843817952591839
8293,val,1,1,0.9937213915334143
8314,val,1,1,0.9607404567593885
8321,val,1,1,0.9692405759812931
8324,val,1,1,0.9669708653123124
8328,val,1,1,0.8878394088280749
8336,val,1,1,0.9402038266367985
8347,val,1,1,0.9835236131477497
8349,val,1,1,0.9954554970867153
8358,val,1,1,0.9939801465656748
8359,val,1,1,0.934967675488739
8365,val,1,1,0.906734012462522
8366,val,1,1,0.9804463762538891
8371,val,1,1,0.9026671758392864
8375,val,1,1,0.8949218531341859
8379,val,1,1,0.8337966992981696
8383,val,1,1,0.9875409910246005
8390,val,1,1,0.8383831619358734
8392,val,1,1,0.967458950130331
8393,val,1,1,0.9880695266483709
8404,val,1,1,0.989399133228644
8408,val,1,1,0.9746796635978633
8411,val,1,1,0.9891394660198618
8416,val,1,1,0.9136070722215901
8419,val,1,1,0.9892233567176233
8427,val,1,1,0.9857953063834636
8435,val,1,1,0.9921534909360064
8440,val,1,1,0.9963522956253819
8448,val,1,1,0.9978626971833809
8456,val,1,1,0.9226589754669681
8480,val,1,1,0.9840988621137382
8484,val,1,1,0.9897360848644551
8507,val,1,1,0.9794832257033438
8509,val,1,1,0.9888223802632445
8517,val,1,1,0.9944766885554355
8526,val,1,1,0.9904275741298859
8530,val,1,1,0.996113421023533
8531,val,1,1,0.9894689784818195
8532,val,1,1,0.9305009596793523
8533,val,1,1,0.9055761019025529
8543,val,1,1,0.8612520540601161
8548,val,1,1,0.978522565435878
8549,val,1,1,0.9854635302784885
8564,val,1,1,0.921709280758955
8567,val,1,1,0.9953761857590863
8570,val,1,1,0.9974090032813789
8582,val,1,1,0.9943240965848434
8588,val,1,1,0.9971586652089818
8589,val,1,1,0.9174721479639848
8597,val,1,1,0.9390837294736796
8605,val,1,1,0.9848802580199786
8606,val,1,1,0.8837727002263567
8615,val,1,1,0.9836488757529285
8625,val,1,1,0.9736510295295487
8641,val,1,1,0.9564764981422783
8650,val,1,1,0.9779200284030276
8652,val,1,1,0.803024123604092
8656,val,1,1,0.9914622886354442
8661,val,1,1,0.9982890261931442
8664,val,1,1,0.9736253378110782
8684,val,1,1,0.8301620440787196
8694,val,1,1,0.9636797661678853
8699,val,1,1,0.8920242291887464
8708,val,1,1,0.9909790256171935
8713,val,1,1,0.9880273362428276
8715,val,1,1,0.9963245645751982
8716,val,1,1,0.9935817339146782
8719,val,1,1,0.969729186460315
8722,val,1,1,0.979499675652448
8728,val,1,1,0.9972257765127064
8729,val,1,1,0.9888900489565601
8732,val,1,1,0.9180137204689703
8744,val,1,1,0.978858924604687
8752,val,1,1,0.9475349328227625
8754,val,1,1,0.9841115824174343
8764,val,1,1,0.9919855397506154
8780,val,1,1,0.976865173304006
8783,val,1,1,0.9865303249626444
8784,val,1,1,0.9937354633341214
8786,val,1,1,0.9867176863307485
8788,val,1,1,0.9834150434817736
8794,val,1,1,0.8474019526086889
8820,val,1,1,0.9969035961896083
8825,val,1,1,0.9810959559333373
8828,val,1,1,0.9458147798809811
8832,val,1,1,0.9944627342816453
8844,val,1,1,0.910608543375985
8852,val,1,1,0.9529314266252282
8854,val,1,1,0.9846415077776184
8865,val,1,1,0.9950477918243289
8882,val,1,1,0.9941510087955218
8885,val,1,1,0.9841898554338931
8898,val,1,1,0.9418659111573192
8899,val,1,1,0.9469632807310348
8902,val,1,1,0.9881705422320518
8903,val,1,1,0.9860989818194164
8904,val,1,1,0.9866815424050993
8919,val,1,1,0.9890957455940084
8921,val,1,1,0.9691802499721811
8923,val,1,1,0.9809555089129849
8929,val,1,1,0.9483459739157363
8936,val,1,1,0.9945439952752955
8945,val,1,1,0.9856051559981859
8953,val,1,1,0.9694803728317649
8963,val,1,1,0.9906149124753798
8969,val,1,1,0.9288270375563475
8976,val,1,1,0.9567171812684516
8983,val,1,1,0.9879542665589683
8988,val,1,1,0.9948826613577059
9010,val,1,1,0.9988695407253343
9018,val,1,1,0.9727402642873744
9020,val,1,1,0.9907371579894692
9024,val,1,1,0.9362424264980826
9030,val,1,1,0.9959317934372761
9045,val,1,1,0.958699907720664
9046,val,1,1,0.9916500990327652
9052,val,1,1,0.9840492812997454
9056,val,1,1,0.9897219033969535
9064,val,1,1,0.9621564645729968
9068,val,1,1,0.9557221891005492
9069,val,1,1,0.9693264887189427
9071,val,1,1,0.9760567157783108
9073,val,1,1,0.9838352185523412
9076,val,1,1,0.9297931007907706
9083,val,1,1,0.7392767359651972
9089,val,1,1,0.9944220417325367
9102,val,1,1,0.7169612267398054
9104,val,1,1,0.8212953536459213
9108,val,1,1,0.9711547911584916
9115,val,1,1,0.930474198751594
9119,val,1,1,0.993032639564394
9121,val,1,1,0.9241147100489691
9124,val,1,1,0.905695848177959
9141,val,1,1,0.9660433058219405
9144,val,1,1,0.940008580349871
9147,val,1,1,0.9348986488573938
9148,val,1,1,0.9183136753217647
9151,val,1,1,0.9885584014967053
9162,val,1,1,0.7167120289865929
9165,val,1,1,0.9415079010686421
9172,val,1,0,0.494592722865122
9175,val,1,1,0.8286978308967045
9178,val,1,1,0.9975190465589133
9185,val,1,1,0.9483218626162767
9186,val,1,1,0.949525792557688
9188,val,1,1,0.9875183211626598
9192,val,1,1,0.973089523565844
9199,val,1,1,0.994499962458139
9206,val,1,1,0.9775518569785574
9211,val,1,1,0.9885720019015548
9212,val,1,1,0.9749902277836864
9220,val,1,1,0.9666756026665099
9223,val,1,1,0.9616970064153035
9230,val,1,1,0.9549922440960611
9235,val,1,1,0.9721337309037454
9245,val,1,1,0.8177479770667702
9248,val,1,1,0.9932379654928132
9250,val,1,1,0.7361000442112411
9256,val,1,1,0.9906306384699612
9264,val,1,1,0.9545383741038237
9272,val,1,1,0.7870586909499313
9278,val,1,1,0.98044129600596
9286,val,1,1,0.9901482011177618
9295,val,1,1,0.9679383342496127
9296,val,1,1,0.8801857602390435
9304,val,1,1,0.9758480248630228
9306,val,1,1,0.8241759149544663
9316,val,1,1,0.8763640678254863
9318,val,1,1,0.9682254591868801
9320,val,1,1,0.9394388404000986
9327,val,1,1,0.9027537016296381
9333,val,1,1,0.9693760226910592
9340,val,1,1,0.8756818663853604
9349,val,1,0,0.38511036731322035
9360,val,1,1,0.9670490048954362
9363,val,1,1,0.994983731553206
9383,val,1,1,0.7798977880198692
9384,val,1,1,0.7765345667003827
9390,val,1,1,0.9902596614256106
9392,val,1,1,0.9935156379159523
9393,val,1,1,0.9937997974656828
9397,val,1,1,0.92731402377197
9411,val,1,1,0.8314842757823607
9413,val,1,1,0.908497800803202
9418,val,1,1,0.7536860847046172
9428,val,1,1,0.986321630011117
9433,val,1,1,0.8483175889402225
9437,val,1,1,0.9184314429744973
9441,val,1,1,0.904770160054078
9463,val,1,1,0.9089284824663222
9470,val,1,1,0.6421143678699964
9478,val,1,1,0.9579485894497207
9479,val,1,1,0.8781879229853544
9499,val,1,1,0.6814908577020153
9501,val,1,1,0.8394870670046712
9503,val,1,1,0.8702070731974321
9505,val,1,1,0.9652646389720537
9510,val,1,0,0.3554663128144109
9511,val,1,1,0.9676105157351175
9512,val,1,1,0.8881888042617515
9518,val,1,1,0.9069167133840527
9519,val,1,1,0.5357016951891848
9520,val,1,1,0.8618133314632578
9522,val,1,1,0.9823976232863253
9532,val,1,1,0.9669530986588901
9535,val,1,1,0.9481028257109057
9556,val,1,1,0.91568135678919
9563,val,1,1,0.9899562648700676
9580,val,1,1,0.8984147349633274
9584,val,1,1,0.952459709273111
9587,val,1,1,0.9761008034198277
9594,val,1,1,0.8093093773569504
9595,val,1,1,0.830761628676775
9597,val,1,1,0.572976619003754
9604,val,1,1,0.6737135522217405
9617,val,1,1,0.8514002178677662
9627,val,1,1,0.9742387922793576
9643,val,1,1,0.9950306395058767
9644,val,1,1,0.9369492575798386
9645,val,1,1,0.988065427990971
9651,val,1,1,0.9006987886498233
9657,val,1,1,0.8824608291899901
9659,val,1,1,0.9328840852684374
9663,val,1,1,0.9690949870669526
9674,val,1,1,0.9658631974129668
9677,val,1,1,0.9954869678159671
9693,val,1,0,0.3868250629990155
9696,val,1,1,0.7727799649998419
9702,val,1,1,0.9968146263930009
9723,val,1,1,0.9285217652862584
9726,val,1,1,0.930330060018175
9736,val,1,1,0.8796226971110532
9763,val,1,1,0.9411828632865292
9766,val,1,1,0.8917146407242854
9772,val,1,1,0.9907168906264248
9775,val,1,1,0.9746670063775512
9782,val,1,1,0.959898213330758
9791,val,1,1,0.9963178130566294
9815,val,1,1,0.9873205344995205
9817,val,1,1,0.9631304854754101
9828,val,1,1,0.9499903122765675
9829,val,1,1,0.9690572919146924
9838,val,1,1,0.9093205335677289
9839,val,1,1,0.9676883293575682
9841,val,1,1,0.9564381989679228
9852,val,1,1,0.9773788855298443
9865,val,1,1,0.8400176375726668
9871,val,1,1,0.8346532189232412
9876,val,1,1,0.9876347721832174
9885,val,1,1,0.9936849065164027
9896,val,1,1,0.9866756244703495
9900,val,1,1,0.9954061191876795
9908,val,1,1,0.721227405205254
9917,val,1,1,0.9829729720454828
9929,val,1,1,0.8876467840598394
9935,val,1,1,0.5385683121166108
9936,val,1,1,0.9887810793424858
9945,val,1,1,0.9677393913344621
9949,val,1,1,0.9860714938405841
9954,val,1,1,0.9667667850652507
9957,val,1,1,0.9915933979442368
9970,val,1,1,0.8495978531421442
9973,val,1,1,0.9935964725626214
9981,val,1,1,0.7537384183372582
9992,val,1,1,0.9804131147286377
10002,val,1,1,0.9113301607347409
10008,val,1,1,0.996737961196754
10011,val,1,1,0.9715253391658581
10013,val,1,1,0.8488773765097166
10026,val,1,1,0.9904361895180996
10030,val,1,1,0.9483245264620428
10036,val,1,1,0.9478325995723531
10039,val,1,1,0.9851005047674235
10043,val,1,1,0.9782629145945035
10046,val,1,1,0.8124940115274645
10048,val,1,1,0.9897410574117128
10057,val,1,1,0.9420478916393035
10059,val,1,1,0.9464310148576168
10060,val,1,1,0.9976280755698662
10066,val,1,1,0.9919337314597666
10070,val,1,1,0.9056119151633711
10082,val,1,1,0.9426483212233621
10087,val,1,1,0.9528435613864917
10101,val,1,1,0.9678387163152639
10104,val,1,1,0.9921826446373518
10109,val,1,1,0.9891293738387231
10115,val,1,1,0.9914097323921777
10119,val,1,1,0.9977599971550758
10122,val,1,1,0.9893901223142878
10125,val,1,1,0.7962137852406317
10135,val,1,1,0.8264417903804064
10140,val,1,1,0.9143910373338344
10147,val,1,1,0.9505244610763098
10154,val,1,0,0.4959673695333909
10157,val,1,1,0.946327479572704
10161,val,1,1,0.9905997112970996
10163,val,1,1,0.7578732061230363
10169,val,1,1,0.595658047341313
10171,val,1,1,0.9277839346472936
10177,val,1,1,0.9062918563693759
10178,val,1,1,0.940904040245064
10181,val,1,1,0.9434208624879302
10183,val,1,1,0.7634009607911043
10186,val,1,1,0.5986635674821628
10196,val,1,1,0.994481535377085
10201,val,1,0,0.338470377934103
10207,val,1,1,0.9597380432060632
10224,val,1,1,0.881349555042624
10240,val,1,1,0.9265246147853566
10247,val,1,1,0.6109596998461511
10249,val,1,1,0.964264369954426
10254,val,1,1,0.847853724205502
10257,val,1,1,0.9696282961119621
10259,val,1,1,0.9931495144758729
10265,val,1,1,0.8017134997724904
10266,val,1,1,0.9699834243744473
10268,val,1,1,0.9129441969014599
10275,val,1,1,0.738223218056289
10280,val,1,1,0.9614731168766177
10281,val,1,1,0.9557292985568846
10291,val,1,1,0.9429727190449898
10295,val,1,1,0.8997840032365735
10309,val,1,1,0.6122892265252146
10329,val,1,1,0.9752663586476886
10330,val,1,0,0.4308371109288347
10333,val,1,1,0.9816290705357686
10336,val,1,1,0.9798018613589452
10345,val,1,1,0.9297968441484037
10351,val,1,1,0.9850961055339884
10358,val,1,1,0.6104832133460547
10361,val,1,1,0.9079369239682058
10392,val,1,1,0.9905369552671938
10395,val,1,1,0.8353817819387794
10404,val,1,1,0.9461181400936902
10405,val,1,1,0.9384781179132782
10408,val,1,1,0.8378882622909921
10410,val,1,1,0.9227443148941414
10416,val,1,0,0.370206142204654
10425,val,1,1,0.9940063661905388
10428,val,1,1,0.9390369414563475
10439,val,1,1,0.9795109054507266
10441,val,1,1,0.992702788221574
10446,val,1,1,0.823769957555142
10453,val,1,1,0.9771653072379511
10459,val,1,1,0.9821084514169679
10461,val,1,1,0.9155102134439427
10471,val,1,1,0.9631679470454143
10472,val,1,1,0.9927731149299835
10478,val,1,1,0.9670699565803504
10480,val,1,0,0.3847123149468705
10497,val,1,1,0.980284653567165
10498,val,1,1,0.9578260687167832
10500,val,1,1,0.9929461003055472
10506,val,1,1,0.52351018870358
10514,val,1,1,0.8492554253616768
10519,val,1,1,0.7355756061029984
10525,val,1,0,0.09510964001938173
10529,val,1,1,0.9921103681187092
10530,val,1,1,0.5463086525984461
10538,val,1,1,0.5719922128505257
10539,val,1,1,0.8813020739090873
10545,val,1,1,0.9657630292561902
10554,val,1,1,0.8280626379036148
10562,val,1,1,0.9621822405585213
10570,val,1,1,0.9564434726396291
10572,val,1,0,0.06471783716748054
10573,val,1,1,0.8110838308956614
10580,val,1,1,0.9454982313970585
10594,val,1,1,0.8487642898091396
10595,val,1,1,0.9843482759818837
10607,val,1,1,0.9787247782478294
10610,val,1,1,0.8099395943272587
10612,val,1,1,0.9796289029552393
10628,val,1,1,0.9818370851768577
10632,val,1,1,0.9521057448874832
10646,val,1,1,0.9712959359509648
10647,val,1,1,0.5231817500366545
10648,val,1,1,0.9848867510472494
10651,val,1,1,0.7844587524530431
10655,val,1,1,0.9904884578679767
10675,val,1,1,0.9436148783441464
10680,val,1,1,0.9185170454383064
10686,val,1,1,0.6423735774772033
10692,val,1,1,0.8189701121180787
10696,val,1,1,0.9902552419838985
10700,val,1,1,0.9992314694473512
10704,val,1,1,0.9067104213313006
10713,val,1,1,0.9252160235600001
10714,val,1,1,0.9080209180652482
10717,val,1,0,0.428986512710134
10720,val,1,1,0.9688588693439701
10740,val,1,1,0.9768796974743748
10756,val,1,1,0.9757371175935144
10771,val,1,1,0.715043937021182
10775,val,1,1,0.9766461381714902
10777,val,1,1,0.965346906326133
10778,val,1,1,0.9443405239373096
10783,val,1,1,0.8523177466509241
10788,val,1,1,0.9500703924478068
10798,val,1,1,0.7942124599140552
10799,val,1,1,0.9847175773748988
10818,val,1,1,0.8527065422345731
10821,val,1,1,0.838538345979093
10823,val,1,1,0.6014373120707963
10825,val,1,1,0.9649364764618132
10829,val,1,1,0.8935757430799077
10831,val,1,1,0.9280377012438152
10847,val,1,1,0.9771401446464502
10854,val,1,1,0.9897545575295522
10865,val,1,1,0.9775229163214043
10867,val,1,1,0.9740754414235562
10874,val,1,1,0.8952943021601732
10877,val,1,1,0.9946110957914004
10880,val,1,1,0.9412517110785056
10894,val,1,1,0.9092169695676142
10904,val,1,1,0.9912178138591827
10907,val,1,1,0.9491479054199801
10916,val,1,1,0.9137752645981181
10938,val,1,1,0.8873677094135821
10940,val,1,1,0.8914724001124353
10942,val,1,1,0.9718209172069934
10950,val,1,1,0.9836153474148671
10953,val,1,1,0.9424490944678323
10964,val,1,1,0.8418931281325627
10967,val,1,1,0.9634848168678748
10975,val,1,1,0.9927116522459601
10976,val,1,1,0.9494476207353861
10987,val,1,1,0.7715302609240312
10989,val,1,1,0.9337369107345153
11000,val,1,1,0.967839573647518
11008,val,1,1,0.9782912646465068
11013,val,1,1,0.8301048278343665
11016,val,1,1,0.989774632623703
11022,val,1,1,0.8843794012627652
11024,val,1,1,0.9590427452189827
11025,val,1,1,0.8942358111901292
11031,val,1,1,0.9555878469590792
11052,val,1,1,0.7921062611373542
11056,val,1,1,0.8646346880323076
11064,val,1,1,0.9025048711332372
11075,val,1,1,0.8006142958351238
11083,val,1,1,0.9957175080900879
11087,val,1,1,0.9766062282469836
11096,val,1,1,0.9759411193948041
11097,val,1,1,0.9639374164809366
11104,val,1,1,0.8813748352692699
11113,val,1,1,0.92429530257574
11115,val,1,1,0.9828205825559033
11119,val,1,1,0.8966509908700412
11125,val,1,1,0.9918508734566072
11126,val,1,1,0.9705027275275271
11127,val,1,1,0.9468279169113822
11143,val,1,1,0.9766771651962436
11146,val,1,1,0.5051951178045365
11147,val,1,0,0.3488928002566292
11161,val,1,1,0.642327245044179
11162,val,1,1,0.693237410667373
11163,val,1,1,0.7283345878563353
11174,val,1,1,0.7692582476303494
11188,val,1,1,0.9773773978273383
11191,val,1,1,0.9618137023682637
11197,val,1,1,0.9584806912296592
11199,val,1,1,0.9194622240912531
11205,val,1,1,0.9375960877947133
11206,val,1,1,0.8595368697898425
11219,val,1,1,0.7103595380796285
11221,val,1,1,0.9786772509036884
11222,val,1,1,0.7017619095574988
11229,val,1,1,0.8644324172896891
11230,val,1,1,0.8931932561030758
11233,val,1,1,0.9754899296639494
11240,val,1,1,0.5494752470125647
11243,val,1,1,0.7741359883507937
11257,val,1,1,0.9290293707268016
11258,val,1,1,0.9237201551929356
11259,val,1,1,0.7371354361035337
11263,val,1,1,0.9671065352938506
11265,val,1,1,0.939369338034848
11267,val,1,1,0.7961026137315669
11273,val,1,1,0.9768666924494349
11281,val,1,1,0.9452669360894213
11288,val,1,1,0.962117964929963
11294,val,1,1,0.5810081524039998
11301,val,1,1,0.7956263130490713
11303,val,1,1,0.8809374204116992
11313,val,1,1,0.8116729342335082
11321,val,1,1,0.5429150400928725
11322,val,1,1,0.9053868999432023
11332,val,1,1,0.964602974465308
11334,val,1,1,0.9197687986599496
11336,val,1,1,0.9813093155198863
11337,val,1,1,0.9115071732392697
11342,val,1,1,0.9410858985666092
11343,val,1,1,0.8754013930073242
11345,val,1,1,0.9794115780336526
11346,val,1,1,0.8707713035815897
11364,val,1,1,0.9852817012667274
11369,val,1,1,0.8989556827245647
11370,val,1,1,0.9847710261961037
11378,val,1,1,0.9750582579602435
11379,val,1,1,0.9908268904205652
11388,val,1,1,0.8814268274079632
11391,val,1,1,0.9301415926603905
11432,val,1,1,0.9073282396690959
11441,val,1,1,0.7485143519318512
11442,val,1,1,0.7551056667625444
11449,val,1,1,0.7257484021610499
11466,val,1,1,0.9119825618203241
11468,val,1,1,0.9879257495099011
11474,val,1,1,0.5229354297368597
11486,val,1,1,0.9919741374894953
11487,val,1,1,0.5830389344769016
11492,val,1,1,0.7959392831566804
11498,val,1,1,0.9941003552356872
11503,val,1,1,0.9407653385654974
11521,val,1,1,0.6653885637419658
11524,val,1,0,0.4691379676466879
11525,val,1,1,0.97451218508239
11527,val,1,1,0.6641958480860102
11531,val,1,1,0.9224570977258839
11532,val,1,1,0.994846697351657
11534,val,1,0,0.46400661857245434
11538,val,1,1,0.9474639913577653
11541,val,1,1,0.8837034638659768
11547,val,1,1,0.9974941496097772
11550,val,1,1,0.9823537399039529
11553,val,1,1,0.917735883149309
11567,val,1,1,0.8868900574282976
11569,val,1,1,0.607366739273424
11575,val,1,1,0.8655542756629084
11588,val,1,1,0.7537458238158748
11591,val,1,0,0.2355944616114362
11592,val,1,0,0.1059383654496891
11594,val,1,1,0.9850347201504152
11601,val,1,1,0.9785977397583201
11617,val,1,1,0.8108576380789561
11623,val,1,1,0.9670249690234409
11627,val,1,1,0.9788442958481458
11644,val,1,1,0.975397590018842
11650,val,1,1,0.9680980859575219
11653,val,1,1,0.7294555078147577
11657,val,1,1,0.8992179086073218
11665,val,1,1,0.8627124911011437
11666,val,1,1,0.7317348121959285
11672,val,1,1,0.9528428661466032
11673,val,1,1,0.9003157970785155
11679,val,1,1,0.9850336291070749
11686,val,1,1,0.8877491180060691
11687,val,1,1,0.5208680371926564
11688,val,1,1,0.9272013823455453
11703,val,1,1,0.8782673402590763
11706,val,1,1,0.9846886482524441
11718,val,1,1,0.9254222717076451
11723,val,1,1,0.9683556464234353
11728,val,1,1,0.9724749565551513
11732,val,1,1,0.8118137467670303
11736,val,1,1,0.5270477193849509
11742,val,1,1,0.9772997588239977
11743,val,1,1,0.9894216171701965
11747,val,1,1,0.8057194665303543
11755,val,1,1,0.9493312431200398
11760,val,1,1,0.8455331058925375
11763,val,1,1,0.8521664822167851
11765,val,1,1,0.9621424480910244
11777,val,1,1,0.8129060883098147
11779,val,1,1,0.6712429369848442
11784,val,1,1,0.9829408305284412
11787,val,1,1,0.8849005549320281
11791,val,1,1,0.8430255400789083
11795,val,1,1,0.987688802061112
11798,val,1,1,0.9576086437808412
11804,val,1,0,0.2731985296168358
11810,val,1,1,0.9861458775652033
11811,val,1,0,0.48049725272295996
11812,val,1,1,0.9569784099719121
11815,val,1,1,0.9936086958504752
11834,val,1,1,0.9642267386253497
11842,val,1,1,0.988062710696874
11853,val,1,1,0.8959340046193021
11854,val,1,1,0.9962012859612343
11865,val,1,1,0.9862444840717463
11876,val,1,1,0.8547472643245041
11886,val,1,1,0.9469726576428658
11890,val,1,1,0.935937170794628
11919,val,1,1,0.9437769546082445
11928,val,1,1,0.7998622819518497
11933,val,1,1,0.750483940675005
11934,val,1,1,0.897296256561036
11944,val,1,1,0.739523263172608
11947,val,1,1,0.9688721188248741
11949,val,1,1,0.8659765047739136
11951,val,1,1,0.9799860884746318
11952,val,1,1,0.8437313322837412
11966,val,1,1,0.8991364264344076
11969,val,1,1,0.9761671806104364
11973,val,1,1,0.5718851172682284
11990,val,1,1,0.8699878931879824
11998,val,1,1,0.9741274416642121
12000,val,1,1,0.957660144870498
12004,val,1,0,0.42567759844174796
12006,val,1,1,0.9548922883746427
12014,val,1,1,0.690933383918976
12025,val,1,1,0.6401141424417157
12036,val,1,1,0.9385519705258243
12051,val,1,1,0.7902011802791807
12056,val,1,1,0.9755294111672155
12063,val,1,1,0.9861368274881899
12069,val,1,1,0.9547242849617438
12079,val,1,1,0.9892764435239552
12088,val,1,1,0.6082829981194323
12095,val,1,1,0.6876345462851092
12112,val,1,1,0.9489571446794632
12124,val,1,1,0.8705809344597629
12130,val,1,1,0.9968434390123153
12142,val,1,1,0.9586012949858621
12152,val,1,1,0.624791897997025
12155,val,1,1,0.9515749202116414
12163,val,1,1,0.882398422596059
12165,val,1,1,0.5841323414272885
12171,val,1,1,0.9569243703690138
12172,val,1,1,0.9860461325629531
12174,val,1,1,0.949262517573642
12175,val,1,1,0.7970455218885176
12176,val,1,1,0.9848488458970062
12189,val,1,0,0.09560738235569721
12200,val,1,1,0.9418512952101942
12201,val,1,1,0.9416346209148693
12213,val,1,1,0.9861802116032715
12219,val,1,1,0.9270588979562395
12232,val,1,1,0.9292665930963872
12233,val,1,1,0.9810062348926926
12234,val,1,1,0.9462666159304105
12240,val,1,1,0.9848898123077855
12242,val,1,1,0.9233910833707687
12244,val,1,1,0.9951974544940202
12267,val,1,1,0.6704879225667332
12268,val,1,1,0.8372447414122823
12272,val,1,1,0.8794539275852757
12275,val,1,1,0.9796793843806181
12279,val,1,1,0.979742258084086
12286,val,1,1,0.8221907068085408
12292,val,1,1,0.7499238355366434
12304,val,1,1,0.9480880033956078
12310,val,1,1,0.9828784207011793
12320,val,1,1,0.9157417216167599
12346,val,1,1,0.6599676441053924
12348,val,1,1,0.9683180896539905
12354,val,1,1,0.9316294332980899
12357,val,1,1,0.9868138343258034
12360,val,1,1,0.8067038962509718
12361,val,1,1,0.9373023407289178
12363,val,1,1,0.9906465938850394
12385,val,1,1,0.5809742575940282
12395,val,1,1,0.9938152848216782
12407,val,1,1,0.914826894470249
12416,val,1,1,0.7308220570224377
12434,val,1,1,0.9910220054554908
12439,val,1,1,0.9897713458099484
12440,val,1,1,0.5482479111588724
12442,val,1,1,0.9439591565251293
12463,val,1,1,0.901318544717389
12466,val,1,1,0.9486461494240261
12473,val,1,1,0.9818871053973162
12479,val,1,1,0.8765902681521803
12480,val,1,1,0.9821222157731808
12481,val,1,1,0.962374478873706
12486,val,1,1,0.971182500883146
12488,val,1,1,0.8811016319012966
12490,val,1,1,0.7158446673845102
12495,val,1,1,0.9970927174941356
12504,val,1,1,0.7827729629816219
12506,val,1,1,0.8055868443751566
12511,val,1,0,0.14976204986935848
12519,val,1,1,0.8646337272809245
12520,val,1,1,0.8795030501727404
12531,val,1,1,0.6993431294211214
12549,val,1,1,0.5353539400082078
12555,val,1,1,0.6054847371252137
12562,val,1,1,0.8490983876235841
12565,val,1,1,0.7573800300840253
12568,val,1,1,0.8811211359429437
12608,val,1,1,0.9807575862675033
12612,val,1,1,0.9848987335683685
12616,val,1,1,0.9817945769124242
12617,val,1,1,0.9922762322116352
12642,val,1,1,0.9261164477339514
12643,val,1,1,0.9889565349563534
12650,val,1,1,0.9770264733978687
12657,val,1,1,0.9410679613966183
12669,val,1,1,0.9169226690856114
12676,val,1,1,0.9786511093947391
12682,val,1,1,0.9958088885810972
12685,val,1,1,0.8340559059159892
12688,val,1,1,0.9889612095897402
12689,val,1,1,0.988973635160867
12691,val,1,1,0.9908221923898702
12696,val,1,1,0.9147711915565364
12709,val,1,1,0.9049698820875688
12717,val,1,1,0.9856992838462639
12724,val,1,1,0.9681353871985985
12730,val,1,1,0.9228533933492107
12732,val,1,1,0.908081741082774
12735,val,1,1,0.8726240885857292
12745,val,1,1,0.9176579670331289
12754,val,1,1,0.9828519211022839
12756,val,1,1,0.7548794287826849
12757,val,1,1,0.937935278210275
12764,val,1,1,0.9851061987939354
12773,val,1,1,0.9914069094168745
12782,val,1,1,0.9351186487185602
12799,val,1,1,0.9501810906395721
12801,val,1,1,0.9098087752888236
12813,val,1,1,0.9012725613453165
12821,val,1,1,0.9526675293706196
12825,val,1,1,0.9783907678426413
12838,val,1,1,0.967144495933103
12843,val,1,1,0.9474179861882874
12855,val,1,1,0.8147490546885816
12856,val,1,1,0.9432596228932901
12865,val,1,1,0.8833417632731222
12870,val,1,1,0.9849838434325723
12873,val,1,1,0.9747936058987229
12876,val,1,1,0.6412465743966778
12883,val,1,1,0.9351919829026922
12887,val,1,1,0.855949059854416
12901,val,1,1,0.9668886008095835
12904,val,1,1,0.897129517098997
12906,val,1,1,0.9530775021436386
12912,val,1,1,0.7037122884647937
12914,val,1,1,0.9927293788855418
12917,val,1,1,0.8752901680653447
12927,val,1,1,0.9628806577570692
12928,val,1,1,0.9819113178120608
12930,val,1,1,0.9231377987102324
12932,val,1,1,0.9368772931044715
12938,val,1,1,0.9639211885776611
12947,val,1,1,0.9778471315645185
12949,val,1,1,0.9917279649692079
12951,val,1,1,0.9963223701382272
12956,val,1,1,0.9850742123198352
12959,val,1,1,0.9653707935140654
12978,val,1,1,0.967166801605083
12982,val,1,1,0.9760193497006697
12992,val,1,1,0.9859233383826214
12996,val,1,1,0.6351136386130355
13022,val,1,1,0.9705634433284185
13032,val,1,1,0.9578878499990566
13042,val,1,1,0.9195863001612915
13046,val,1,1,0.9680424522956345
13048,val,1,1,0.9910408007604028
13050,val,1,1,0.9902372361731526
13060,val,1,1,0.9421939406711779
13071,val,1,1,0.869531767007754
13082,val,1,1,0.9691435916609649
13085,val,1,1,0.9418379241159047
13086,val,1,1,0.955169243433103
13087,val,1,1,0.8772498532117979
13092,val,1,1,0.9587798460291868
13108,val,1,1,0.8021565100990524
13112,val,1,1,0.9355945916156211
13114,val,1,1,0.842284634132405
13117,val,1,1,0.9777749303844915
13123,val,1,1,0.9902911827619226
13124,val,1,1,0.7564726708043602
13130,val,1,1,0.9078599845044076
13132,val,1,1,0.947733141955946
13135,val,1,1,0.8658371611192426
13140,val,1,1,0.7797537453456784
13149,val,1,1,0.9784715988501091
13151,val,1,1,0.9734235681569268
13160,val,1,1,0.9102989139481895
13163,val,1,1,0.9701619573477355
13164,val,1,1,0.9948872430492502
13167,val,1,1,0.8534549316202409
13181,val,1,1,0.9427556679750443
13184,val,1,1,0.9621745769195696
13194,val,1,1,0.9383783878218549
13197,val,1,1,0.9706480012222686
13206,val,1,1,0.9832586905683995
13207,val,1,1,0.6392106028243475
13219,val,1,1,0.6063074971838756
13230,val,1,1,0.908177190425833
13232,val,1,1,0.9495489749620349
13240,val,1,1,0.9439039303201922
13242,val,1,1,0.9418976641915714
13244,val,1,1,0.9906066480162552
13246,val,1,1,0.9774935274100588
13254,val,1,0,0.1763228110955424
13259,val,1,1,0.987310635557003
13264,val,1,1,0.831852835179218
13265,val,1,1,0.774095970533248
13279,val,1,1,0.8155737487616982
13281,val,1,1,0.9698226404819581
13287,val,1,1,0.9495341360417113
13302,val,1,1,0.8452623519997396
13313,val,1,1,0.7567703130773086
13326,val,1,1,0.6797940906727621
13329,val,1,1,0.9849966191218433
13330,val,1,1,0.8843430419298475
13353,val,1,1,0.9683198439405514
13355,val,1,1,0.93827080304321
13361,val,1,1,0.8706975350832065
13369,val,1,0,0.47337787977483753
13384,val,1,1,0.9347141499475934
13390,val,1,1,0.9656904102977254
13408,val,1,1,0.9232757519829105
13414,val,1,1,0.9406917310915031
13418,val,1,0,0.31920258751348557
13420,val,1,1,0.9619630338743246
13429,val,1,1,0.9923355365922534
13433,val,1,1,0.9965793381706228
13437,val,1,1,0.9360709416399959
13463,val,1,1,0.6203079468896449
13466,val,1,1,0.9695562617950367
13474,val,1,1,0.8442286106472573
13475,val,1,0,0.24309275332621758
13479,val,1,1,0.9826854204652977
13488,val,1,1,0.8161534009638252
13489,val,1,1,0.9054298489740342
13503,val,1,1,0.8878422234769245
13518,val,1,1,0.693756058120875
13523,val,1,1,0.9814673565633925
13528,val,1,1,0.9924384237254362
13532,val,1,1,0.9236693039268449
13544,val,1,1,0.9928814230948713
13547,val,1,1,0.8999685605623534
13548,val,1,1,0.9893822385553526
13549,val,1,1,0.8475556772482957
13559,val,1,1,0.958000497732775
13562,val,1,1,0.9484383194055186
13569,val,1,1,0.9466418330292776
13571,val,1,1,0.9557473331284236
13573,val,1,1,0.9753246175943191
13592,val,1,1,0.6814433893743239
13596,val,1,1,0.7057440321783174
13600,val,1,1,0.7153266581693604
13602,val,1,1,0.9943371029522494
13604,val,1,1,0.9154115754351186
13631,val,1,1,0.9784153014419362
13637,val,1,1,0.9787064492401117
13645,val,1,1,0.9650629045620892
13649,val,1,1,0.6737299612675632
13651,val,1,1,0.9581693022814822
13657,val,1,1,0.7846492057810812
13662,val,1,1,0.991226141586265
13664,val,1,1,0.7000676258476426
13669,val,1,1,0.8839134015802357
13681,val,1,1,0.8399154465317638
13730,val,1,1,0.741869964697256
13733,val,1,1,0.784233346598923
13754,val,1,1,0.9238489284786324
13759,val,1,1,0.9617788550440917
13780,val,1,1,0.9444723090407182
13789,val,1,0,0.479267479958997
13797,val,1,1,0.9331783718896695
13821,val,1,1,0.560181206414041
13856,val,1,1,0.8128694812661815
13862,val,1,1,0.9092719187552568
13864,val,1,1,0.9373673285039188
13866,val,1,1,0.9536929560584672
13873,val,1,1,0.8506935196847045
13874,val,1,1,0.9977595424407755
13892,val,1,1,0.7677348433766561
13903,val,1,1,0.9955457877068803
13907,val,1,1,0.9681980746941812
13911,val,1,1,0.7644475772107183
13923,val,1,1,0.903367847758675
13933,val,1,1,0.8573300185145168
13936,val,1,1,0.9458212560871484
13938,val,1,1,0.9731486626011249
13952,val,1,1,0.9111154728290589
13956,val,1,1,0.9795509186622523
13961,val,1,1,0.9840806090496613
13985,val,1,1,0.939113473697214
13991,val,1,1,0.9467648766254728
13994,val,1,0,0.3451802674730762
14023,val,1,1,0.9688027630036595
14026,val,1,1,0.8942264971436199
14030,val,1,1,0.9767522805139135
14035,val,1,1,0.8523758122811724
14036,val,1,1,0.9463233185613146
14039,val,1,1,0.9625649980453327
14044,val,1,1,0.9888978260945585
14052,val,1,1,0.8890394868151823
14058,val,1,1,0.9441746669938439
14067,val,1,1,0.6926842567842995
14080,val,1,1,0.940000991130631
14089,val,1,1,0.9468709823457399
14093,val,1,1,0.9892564762396341
14095,val,1,1,0.9079406482332142
14107,val,1,1,0.5135977961725791
14120,val,1,1,0.6471121393631801
14123,val,1,1,0.9198266646919807
14127,val,1,1,0.7209920448541997
14131,val,1,1,0.9735315824312071
14133,val,1,1,0.6193701956135818
14137,val,1,1,0.9569228230480392
14156,val,1,1,0.9615302015794706
14161,val,1,1,0.996320146765795
14167,val,1,1,0.9696347453028177
14178,val,1,1,0.5874952645033452
14192,val,1,1,0.7149958466170371
14194,val,1,1,0.908936004812666
14204,val,1,1,0.9753371723879727
14205,val,1,1,0.9614843156500825
14231,val,1,1,0.961516354696538
14237,val,1,1,0.9870962382239561
14249,val,1,1,0.6091698210320337
14252,val,1,1,0.9713886419844427
14254,val,1,1,0.9287265579375663
14258,val,1,1,0.8844689331384248
14260,val,1,1,0.9959438814001468
14264,val,1,1,0.9025509587031931
14268,val,1,0,0.2198636708803385
14270,val,1,1,0.9176042979031145
14273,val,1,1,0.9919335863584855
14274,val,1,1,0.9816532822345239
14276,val,1,1,0.8837855485068355
14278,val,1,1,0.7421321434897215
14289,val,1,0,0.4879768764411205
14290,val,1,1,0.9106655707175074
14298,val,1,1,0.9958820983177006
14299,val,1,1,0.7355976636382539
14304,val,1,1,0.9267027477357298
14307,val,1,1,0.7641431086014505
14308,val,1,1,0.9564203897276244
14312,val,1,1,0.9549869121514128
14324,val,1,0,0.23868144823321003
14327,val,1,1,0.9700706754241354
14330,val,1,1,0.8520622719570533
14333,val,1,1,0.7256822039972868
14346,val,1,1,0.8656815723247182
14350,val,1,1,0.9857324802015057
14353,val,1,1,0.7803854903635244
14357,val,1,1,0.9681766732437432
14364,val,1,1,0.9440984219653907
14375,val,1,1,0.7335026419798729
14388,val,1,1,0.9112783622371332
14390,val,1,1,0.9314779227466319
14402,val,1,1,0.6446160018975331
14404,val,1,1,0.9871166361683356
14407,val,1,0,0.45454589710058096
14410,val,1,1,0.7791845653989157
14416,val,1,1,0.9853274925428176
14419,val,1,1,0.7878029664346275
14420,val,1,1,0.9301919019820922
14422,val,1,1,0.9567502279616931
14424,val,1,1,0.9697597685055702
14449,val,1,1,0.9844487403193356
14452,val,1,1,0.9174395868581444
14461,val,1,1,0.956175163524343
14462,val,1,1,0.943519074733827
14469,val,1,1,0.8875138060899205
14476,val,1,1,0.8073281177446565
14480,val,1,1,0.9343550512193516
14481,val,1,1,0.9104338245345414
14485,val,1,1,0.919358205119071
14487,val,1,1,0.5092970101451879
14496,val,1,1,0.9199231277082506
14505,val,1,1,0.922562872588826
14508,val,1,1,0.89311846252848
14509,val,1,1,0.9752462046483783
14525,val,1,1,0.9766845372176834
14536,val,1,1,0.9518663767097578
14540,val,1,1,0.7965438153839459
14545,val,1,0,0.37868901018154744
14548,val,1,1,0.936075127779337
14549,val,1,1,0.928949452544779
14562,val,1,1,0.9572586597665635
14564,val,1,1,0.8489896786004095
14568,val,1,1,0.6385757572168065
14573,val,1,1,0.9910594514385676
14575,val,1,1,0.8461617917806196
14585,val,1,1,0.9184577982806755
14591,val,1,1,0.9239092421915723
14596,val,1,1,0.6322507416397768
14607,val,1,1,0.812542660994898
14608,val,1,1,0.8554218316526144
14635,val,1,1,0.9384058025550023
14638,val,1,1,0.8814540255773908
14642,val,1,1,0.8869377234600467
14646,val,1,1,0.9417709460892139
14648,val,1,1,0.862587191190593
14649,val,1,1,0.9541260904408024
14652,val,1,1,0.9581819633065212
14656,val,1,1,0.7424311990728715
14675,val,1,1,0.8500088280456539
14693,val,1,1,0.9632359501316818
14694,val,1,1,0.9841774189044696
14696,val,1,1,0.6862982141929627
14699,val,1,1,0.9351836028453032
14700,val,1,1,0.98540646044582
14707,val,1,1,0.9936682342100087
14713,val,1,1,0.9764996462796767
14714,val,1,1,0.9323921687784651
14722,val,1,1,0.9267853247935073
14731,val,1,1,0.5727274443310802
14747,val,1,1,0.9916548364034522
14764,val,1,1,0.9099867464807947
14768,val,1,1,0.9374509792302332
14774,val,1,1,0.681274735132709
14781,val,1,1,0.9523195146313951
14795,val,1,1,0.8888570690271047
14804,val,1,1,0.9365781711583171
14807,val,1,1,0.96186751609263
14808,val,1,1,0.868644813305409
14825,val,1,1,0.9158893313570546
14836,val,1,1,0.7309030951856033
14839,val,1,1,0.8758568692306041
14863,val,1,1,0.8566151595374303
14874,val,1,1,0.5857750196059437
14883,val,1,1,0.9210704995019521
14890,val,1,1,0.9685549435535133
14901,val,1,1,0.9917089740898978
14908,val,1,1,0.8545309393958802
14910,val,1,1,0.9337740654841121
14916,val,1,1,0.5986164189808115
14919,val,1,1,0.87923563764656
14921,val,1,1,0.798557316399205
14922,val,1,1,0.9618113849550273
14923,val,1,1,0.7753170413507182
14928,val,1,1,0.9883408201806201
14929,val,1,1,0.8338984004139266
14937,val,1,1,0.9586486574139954
14944,val,1,1,0.9603158391164025
14960,val,1,1,0.9232472993699035
14966,val,1,1,0.970628643065134
14972,val,1,1,0.8411895549639854
14973,val,1,1,0.6745490580499872
14974,val,1,1,0.7661888054383652
14982,val,1,1,0.9588456854832699
14983,val,1,1,0.8033414664195513
14991,val,1,1,0.8480784052858784
15006,val,1,1,0.9675501434934956
15016,val,1,1,0.9558145313411168
15021,val,1,1,0.9601199548926536
15023,val,1,1,0.8953373888363457
15040,val,1,1,0.828118117150938
15041,val,1,1,0.9896745467946834
15044,val,1,1,0.9238267707139972
15053,val,1,1,0.7639035788982659
15061,val,1,1,0.9530367664875521
15074,val,1,0,0.4889686382795814
15083,val,1,1,0.9315284926031735
15086,val,1,1,0.91438537053881
15108,val,1,1,0.5614245116560507
15121,val,1,1,0.8632433812318594
15126,val,1,1,0.9891786327402421
15130,val,1,1,0.6687732587981534
15146,val,1,1,0.9941765511848336
15147,val,1,1,0.8813726457986067
15149,val,1,0,0.31661504444235583
15169,val,1,1,0.9806641088864897
15176,val,1,1,0.9608833272765296
15177,val,1,1,0.8937642574964477
15180,val,1,1,0.954951591573671
15186,val,1,1,0.9557728743555944
15189,val,1,0,0.28522513094035895
15191,val,1,1,0.9848668389802737
15200,val,1,1,0.8779302559741031
15204,val,1,1,0.9406494214936908
15206,val,1,1,0.9862544596336634
15212,val,1,1,0.9844259695514922
15213,val,1,1,0.9377708465625966
15223,val,1,1,0.793681101970418
15230,val,1,1,0.8634812016275305
15244,val,1,1,0.9698157879498106
15252,val,1,1,0.9172140943039393
15261,val,1,1,0.9203894520282523
15262,val,1,1,0.747006954178977
15265,val,1,1,0.8888441472884495
15275,val,1,1,0.9915995272208705
15285,val,1,1,0.9055075493390593
15288,val,1,1,0.8435111366645277
15300,val,1,1,0.7395842991484478
15303,val,1,1,0.8564860230223097
15304,val,1,1,0.9146667098496275
15323,val,1,1,0.5638932511231697
15326,val,1,1,0.9418885384795359
15336,val,1,1,0.6728995676806412
15338,val,1,1,0.7576718447440871
15345,val,1,1,0.9461611576953894
15348,val,1,1,0.918434182700642
15354,val,1,0,0.4702466209666057
15368,val,1,1,0.9703069502200338
15370,val,1,1,0.8937540633095414
15386,val,1,1,0.5339745146342261
15388,val,1,1,0.9693888237145304
15393,val,1,1,0.8457778762221769
15400,val,1,1,0.7303893303536498
15404,val,1,1,0.9194800912791791
15405,val,1,1,0.986041220527868
15406,val,1,1,0.8210014565390655
15425,val,1,1,0.9620228237057123
15431,val,1,1,0.986039605255526
15433,val,1,0,0.06439854570633484
15436,val,1,1,0.9041481744512974
15438,val,1,1,0.7801946805808966
15443,val,1,0,0.0775960747854611
15453,val,1,1,0.5894079920750293
15457,val,1,1,0.8824750691474152
15458,val,1,1,0.9804457714780989
15461,val,1,1,0.8989869290246715
15464,val,1,1,0.9571535308569973
15468,val,1,1,0.9628904872495372
15469,val,1,1,0.9468311479800647
15484,val,1,1,0.9828568669888457
15490,val,1,1,0.9647415661837887
15503,val,1,1,0.9862300851428469
15505,val,1,1,0.8763580392224704
15530,val,1,0,0.49488046996814355
15533,val,1,1,0.5152173682318912
15543,val,1,1,0.9323693779561987
15547,val,1,1,0.7328974791747642
15572,val,1,0,0.37834018650138984
15576,val,1,1,0.7347048818385654
15579,val,1,1,0.9416727978669334
15581,val,1,0,0.3199412551810749
15583,val,1,1,0.7777734591078121
15584,val,1,1,0.9139133936252489
15591,val,1,1,0.9471934569483075
15612,val,1,1,0.5757730799486205
15614,val,1,1,0.7200040712851123
15616,val,1,1,0.7283358204029406
15635,val,1,1,0.8370974882926729
15639,val,1,1,0.7509140618932133
15640,val,1,1,0.8817631115436096
15645,val,1,1,0.9043266626301641
15647,val,1,1,0.9017587428098288
15657,val,1,1,0.8795566241773384
15666,val,1,1,0.798544743369845
15678,val,1,1,0.8805804266541324
15681,val,1,1,0.5386908712731823
15682,val,1,1,0.6899397567824762
15683,val,1,1,0.8449573497449111
15685,val,1,1,0.9369135092470835
15690,val,1,1,0.6962393726182963
15697,val,1,0,0.3440552738647216
15698,val,1,1,0.8703301022673249
15709,val,1,0,0.21565248490834743
15719,val,1,1,0.9338318846798527
15729,val,1,1,0.9198677678537215
15730,val,1,1,0.9597349297827599
15735,val,1,1,0.9760972627170038
15743,val,1,1,0.841766408342235
15744,val,1,1,0.7287743488296793
15752,val,1,1,0.8283644284960778
15757,val,1,1,0.9023731572011189
15760,val,1,0,0.39938722560375617
15766,val,1,1,0.7540774129838819
15779,val,1,1,0.9560276907167716
15781,val,1,0,0.2519617277907908
15788,val,1,1,0.753332167048194
15789,val,1,1,0.8473211478203476
15802,val,1,1,0.7228591786376349
15803,val,1,1,0.7621788625482763
15804,val,1,1,0.9637292221289123
15810,val,1,1,0.9769699728353297
15813,val,1,1,0.8339522526465254
15818,val,1,1,0.7671847285833961
15822,val,1,1,0.9432812060080088
15827,val,1,1,0.9192281455123231
15830,val,1,1,0.9046769782864426
15835,val,1,1,0.7258878066823885
15839,val,1,1,0.9692228867683416
15850,val,1,1,0.916402235877148
15868,val,1,1,0.6988806419918449
15877,val,1,1,0.8448315400535741
15886,val,1,1,0.8550471108264445
15897,val,1,1,0.8848451451890487
15916,val,1,0,0.11112025845357912
15924,val,1,0,0.48733242699831597
15938,val,1,1,0.7614174276787284
15939,val,1,1,0.7966525753295709
15940,val,1,0,0.279230431805189
15953,val,1,1,0.6671111660322716
15956,val,1,1,0.7303252852318536
15967,val,1,1,0.9535056608464824
15968,val,1,1,0.6472537152783466
15971,val,1,1,0.9137893528873942
15979,val,1,1,0.720935769124388
15990,val,1,1,0.7041828206720693
16000,val,1,1,0.9277649454542868
16002,val,1,1,0.8233718774166875
16014,val,1,1,0.9692107171662342
16018,val,1,1,0.9273686279921105
16027,val,1,1,0.9927832457858375
16034,val,1,1,0.8869687300748074
16035,val,1,0,0.18095080115368178
16042,val,1,1,0.9891809085111958
16049,val,1,1,0.9845906859138598
16054,val,1,1,0.981779815112063
16059,val,1,1,0.9478240462449259
16064,val,1,1,0.9238841004542008
16066,val,1,1,0.9193199471904651
16068,val,1,1,0.9648259157489759
16074,val,1,1,0.9910454454594924
16077,val,1,1,0.8666228345910201
16094,val,1,1,0.937386022655697
16104,val,1,1,0.9543197968348875
16115,val,1,1,0.9964738698707593
16116,val,1,1,0.6784174838031174
16121,val,1,1,0.9891541816391772
16123,val,1,1,0.9821973845119777
16127,val,1,1,0.877190776077959
16129,val,1,1,0.8514417058367793
16139,val,1,1,0.9721728544025074
16153,val,1,1,0.9873967513750666
16154,val,1,1,0.9821422705827499
16164,val,1,1,0.8673790202198001
16180,val,1,1,0.8857017734997541
16198,val,1,1,0.8957241931861436
16218,val,1,1,0.9820744893401421
16223,val,1,1,0.699528903309365
16224,val,1,1,0.5564520483473694
16225,val,1,1,0.9193558196062945
16228,val,1,1,0.8901023321340852
16267,val,1,1,0.8816280997185304
16276,val,1,1,0.8713724060386459
16282,val,1,1,0.922575469479487
16290,val,1,1,0.9566329915770083
16293,val,1,1,0.5585637817285722
16294,val,1,1,0.8799938494069841
16317,val,1,1,0.9022483585206696
16328,val,1,1,0.8762664478106176
16336,val,1,1,0.945427094896017
16339,val,1,1,0.9680855646539875
16355,val,1,1,0.9102448299141664
16360,val,1,1,0.8022321314259995
16374,val,1,1,0.6172227915240993
16375,val,1,1,0.9442481242248958
16380,val,1,1,0.9250786700441352
16387,val,1,0,0.395729297265926
16392,val,1,1,0.8385105293732292
16394,val,1,1,0.9130849386440759
16398,val,1,1,0.9375293559410712
16399,val,1,1,0.8616125045585554
16424,val,1,1,0.5995918505713794
16429,val,1,1,0.8217389886739686
16434,val,1,1,0.9549229149654854
16437,val,1,1,0.9906739689481753
16438,val,1,1,0.8993480712542682
16443,val,1,1,0.8369800380535336
16450,val,1,0,0.4627271889692484
16462,val,1,1,0.9048316969048763
16467,val,1,1,0.9565780513563893
16468,val,1,1,0.9777873584145151
16474,val,1,1,0.9341243701428034
16485,val,1,1,0.8872623718877616
16495,val,1,1,0.92652525397086
16496,val,1,1,0.9371297614485389
16498,val,1,1,0.7100442641243596
16503,val,1,1,0.9841910301726695
16510,val,1,1,0.7567981881532351
16513,val,1,1,0.9790616862108363
16527,val,1,1,0.9025772952704585
16530,val,1,1,0.548402482075521
16533,val,1,1,0.9760296980024881
16534,val,1,1,0.9764637584358883
16545,val,1,1,0.9430090380795322
16549,val,1,1,0.9284859365143694
16555,val,1,1,0.9736360906625726
16556,val,1,1,0.982354007218537
16559,val,1,1,0.9690366357505712
16576,val,1,1,0.5372825234615033
16586,val,1,1,0.9166858571391083
16590,val,1,1,0.9284997440132283
16598,val,1,1,0.9897998296837187
16602,val,1,1,0.936542120506488
16609,val,1,1,0.982471674962919
16617,val,1,1,0.8868409424922078
16618,val,1,1,0.9039562730428352
16622,val,1,1,0.8208471045056109
16631,val,1,1,0.5364720473517807
16633,val,1,1,0.6023221942317166
16638,val,1,1,0.8903407364072207
16657,val,1,1,0.989356346127423
16664,val,1,1,0.9918308717804983
16668,val,1,1,0.9604034856210012
16676,val,1,1,0.9883746119152954
16682,val,1,1,0.9542631225376079
16688,val,1,1,0.9793284549614355
16695,val,1,1,0.9158882714275571
16696,val,1,1,0.9674237831678217
16702,val,1,1,0.916309528901281
16712,val,1,1,0.9838294821221762
16728,val,1,1,0.9510892386060152
16731,val,1,1,0.9777176557028928
16736,val,1,1,0.9790927207792052
16738,val,1,1,0.7833243073028865
16745,val,1,1,0.9757662616912383
16749,val,1,1,0.95779781978107
16750,val,1,1,0.9521970601597366
16751,val,1,1,0.9221097698093883
16752,val,1,1,0.9468242813225728
16761,val,1,1,0.9731832239255774
16763,val,1,1,0.8783098973570934
16775,val,1,1,0.9398705427527935
16783,val,1,1,0.9690910903181679
16788,val,1,1,0.990044427619152
16798,val,1,1,0.858820671225949
16802,val,1,1,0.9869854303358649
16806,val,1,1,0.9617765850128766
16811,val,1,1,0.8386787583910899
16825,val,1,1,0.7310150559915095
16831,val,1,1,0.9864422243967705
16837,val,1,1,0.981568054687387
16840,val,1,1,0.986590769695259
16841,val,1,1,0.7786969298416128
16848,val,1,1,0.797659062843433
16850,val,1,1,0.5441451199159517
16877,val,1,1,0.9913999320572563
16882,val,1,1,0.931120286279135
16886,val,1,1,0.9159254395094577
16888,val,1,1,0.9915133181452633
16890,val,1,1,0.9907049208292129
16891,val,1,1,0.9844640807362601
16895,val,1,1,0.9293961236800625
16902,val,1,1,0.9571093609779379
16906,val,1,1,0.9386230843803167
16911,val,1,1,0.9931603617503117
16941,val,1,1,0.9912343138940748
16945,val,1,1,0.8870997489044726
16950,val,1,1,0.9662950813465949
16961,val,1,1,0.5882716219191314
16964,val,1,1,0.9613735748439917
16968,val,1,1,0.8799733390576882
16969,val,1,1,0.984083083783739
16972,val,1,1,0.7476505553560207
16977,val,1,1,0.7965097876852842
16989,val,1,1,0.5671895865491836
16993,val,1,1,0.9666014957737051
16994,val,1,1,0.6419689476243059
17003,val,1,1,0.995326049017642
17009,val,1,1,0.8082555960076732
17014,val,1,1,0.9334344042361369
17015,val,1,1,0.9772845711594788
17021,val,1,1,0.9664279238893556
17026,val,1,1,0.9949704099476504
17032,val,1,1,0.9772249978180855
17036,val,1,1,0.8640853363027451
17037,val,1,1,0.9916405466836918
17040,val,1,1,0.9014523961802131
17057,val,1,1,0.9774482042244772
17062,val,1,1,0.8176195272985521
17068,val,1,1,0.9684108411032729
17092,val,1,1,0.9397451725530832
17105,val,1,1,0.9985883365059238
17106,val,1,1,0.9963119831055306
17108,val,1,1,0.972372469762743
17113,val,1,1,0.9118066797915881
17122,val,1,1,0.992970766425589
17123,val,1,1,0.9664023084740272
17126,val,1,1,0.9862544036856534
17141,val,1,1,0.8429487727305955
17148,val,1,1,0.8827917684221174
17151,val,1,1,0.9774164266376594
17156,val,1,1,0.9788360711875485
17162,val,1,1,0.9431382038727878
17163,val,1,1,0.9907291955336326
17172,val,1,1,0.972540520790545
17175,val,1,1,0.9885065593097455
17186,val,1,1,0.9770555939225152
17188,val,1,1,0.9599318582750022
17202,val,1,1,0.8536496639686247
17205,val,1,1,0.8791676239940965
17231,val,1,1,0.9851062584753386
17236,val,1,1,0.9929846783603811
17239,val,1,1,0.9978592271863873
17247,val,1,1,0.9863924161211232
17254,val,1,1,0.5932999528906598
17275,val,1,1,0.9854065748546671
17282,val,1,1,0.9648204328785427
17286,val,1,1,0.9200179461740063
17289,val,1,1,0.970482159519193
17299,val,1,1,0.9827428690467789
17302,val,1,1,0.9616639625978664
17306,val,1,1,0.9930095879486194
17310,val,1,1,0.9886409862580866
17311,val,1,1,0.6859232597239066
17314,val,1,1,0.963404107344431
17321,val,1,1,0.9609384475302084
17331,val,1,1,0.9370295880015083
17333,val,1,1,0.9868351123249023
17340,val,1,1,0.9368060373410367
17344,val,1,1,0.9978624816820896
17355,val,1,1,0.7406174582220156
17358,val,1,1,0.9699896239694527
17369,val,1,1,0.9850454989576108
17372,val,1,1,0.9710739606741022
17377,val,1,1,0.7913128608923692
17409,val,1,1,0.8554148427634963
17419,val,1,1,0.9552677517310373
17422,val,1,1,0.9768692115050672
17424,val,1,1,0.9597735111029015
17428,val,1,1,0.9662007369186216
17429,val,1,1,0.9570148348125244
17436,val,1,1,0.9572673525816853
17437,val,1,1,0.9621257392659509
17438,val,1,1,0.9907516249329592
17443,val,1,1,0.882794261489594
17448,val,1,1,0.975178002357179
17455,val,1,1,0.9327479545035372
17463,val,0,0,0.08527054586923855
17473,val,0,0,0.04855788815654175
17490,val,0,0,0.017453700915180642
17500,val,0,0,0.013038207307026574
17505,val,0,0,0.11879332852704286
17512,val,0,0,0.019859190261914787
17514,val,0,0,0.0256012641243029
17518,val,0,0,0.012907386134306956
17519,val,0,0,0.059205171111074054
17530,val,0,0,0.014445358170785917
17532,val,0,0,0.06783986606015463
17536,val,0,0,0.033685642231619004
17542,val,0,0,0.023890099959189785
17547,val,0,0,0.012043308245642929
17548,val,0,0,0.05548437635611382
17549,val,0,0,0.04437232893240251
17553,val,0,0,0.00791762180309683
17572,val,0,0,0.011826326577283552
17585,val,0,0,0.09127587368196739
17589,val,0,0,0.019799437299521
17605,val,0,0,0.03879821737042806
17615,val,0,0,0.024131477898821994
17625,val,0,0,0.011339082021904626
17633,val,0,0,0.019358403087462516
17635,val,0,0,0.2708113530754055
17640,val,0,0,0.012912154662895772
17647,val,0,0,0.016166685569170103
17664,val,0,0,0.05203982176625659
17675,val,0,0,0.027564040754667243
17677,val,0,0,0.007442134393083515
17689,val,0,0,0.019980179172372443
17694,val,0,0,0.35655899206302627
17703,val,0,0,0.036972400196915306
17704,val,0,0,0.01433721347743911
17716,val,0,0,0.040610868151003336
17721,val,0,0,0.03189261807033993
17727,val,0,0,0.06681614284886596
17731,val,0,0,0.051074172868105866
17741,val,0,0,0.09390503261831504
17749,val,0,0,0.005238606884640005
17760,val,0,0,0.08467356826783153
17761,val,0,0,0.05786880570681911
17766,val,0,0,0.004340950585348365
17770,val,0,0,0.01930770790451594
17781,val,0,0,0.022660687588491858
17783,val,0,0,0.08111319233728528
17785,val,0,1,0.5540507381854872
17786,val,0,0,0.009942534009349399
17795,val,0,0,0.010299973881858918
17802,val,0,0,0.04050803093587872
17824,val,0,0,0.023767842057424025
17839,val,0,0,0.021561332197639997
17843,val,0,0,0.05864217149102663
17854,val,0,0,0.008340317178566075
17856,val,0,0,0.03925612237713313
17859,val,0,0,0.04482225690384885
17874,val,0,0,0.0656640029529848
17875,val,0,0,0.017264406312805382
17890,val,0,0,0.004833069918545206
17891,val,0,0,0.06433409260223771
17892,val,0,0,0.15692458796781805
17898,val,0,0,0.05668978924183576
17905,val,0,0,0.09954160353591879
17908,val,0,0,0.11849149937478588
17909,val,0,0,0.06855404340987635
17920,val,0,0,0.11291797763717407
17923,val,0,0,0.048281372996102793
17929,val,0,0,0.05585167353718688
17958,val,0,0,0.006487103888324454
17960,val,0,0,0.010327612624308279
17962,val,0,0,0.01172615983240979
17964,val,0,0,0.017023582981014085
17967,val,0,0,0.038443922076119776
17969,val,0,0,0.029784587405472327
17980,val,0,0,0.0649896679100613
17991,val,0,0,0.03770258315703959
18005,val,0,0,0.16804381976518878
18009,val,0,0,0.0025268527048848506
18019,val,0,0,0.03872726959151751
18026,val,0,0,0.05688273605160384
18034,val,0,0,0.043729244309201734
18038,val,0,0,0.039253954326505004
18044,val,0,0,0.0317129891515774
18046,val,0,0,0.05036279055589198
18057,val,0,0,0.06576966521200302
18060,val,0,0,0.011941320089002786
18065,val,0,0,0.05031096920690984
18069,val,0,0,0.007471044090407826
18074,val,0,0,0.017150102288243804
18088,val,0,0,0.05452031042765044
18091,val,0,0,0.012295542678222915
18095,val,0,0,0.026556978008118414
18108,val,0,0,0.018567266274660016
18117,val,0,0,0.046768730564101316
18118,val,0,0,0.037259484834206484
18119,val,0,0,0.006013870177357724
18120,val,0,0,0.020273664255567047
18125,val,0,0,0.044197353647242386
18135,val,0,0,0.08149042180706258
18150,val,0,0,0.042522437424367066
18155,val,0,0,0.06592839413773259
18161,val,0,0,0.09948880817747886
18163,val,0,0,0.033202777446995735
18165,val,0,0,0.014988215885951653
18167,val,0,0,0.4232611006068367
18172,val,0,0,0.05104912297426839
18173,val,0,0,0.015643650219705
18176,val,0,0,0.028332862534871186
18178,val,0,0,0.01666490085650941
18181,val,0,0,0.04593790936494832
18192,val,0,0,0.03283821720653607
18194,val,0,0,0.022451198500414174
18198,val,0,0,0.004475193710464987
18203,val,0,0,0.01607360467624254
18205,val,0,0,0.018473518382443738
18207,val,0,0,0.06017994966685441
18211,val,0,0,0.032630411069864584
18214,val,0,0,0.07528062736853769
18223,val,0,0,0.006303581761350331
18226,val,0,0,0.08982296885696242
18240,val,0,0,0.005766689194783534
18247,val,0,0,0.04296621836245031
18253,val,0,0,0.008385672633925458
18255,val,0,0,0.09218028367733086
18259,val,0,0,0.030803163911830987
18262,val,0,0,0.1520773895179169
18263,val,0,0,0.014780215904995796
18274,val,0,0,0.0275056073911624
18294,val,0,0,0.06622925008030278
18295,val,0,0,0.05272420753469263
18304,val,0,0,0.03514210452871831
18318,val,0,0,0.06996011509182244
18324,val,0,0,0.09932079180441968
18333,val,0,0,0.016476480373909468
18339,val,0,0,0.05109110645653508
18340,val,0,0,0.03314757089572642
18354,val,0,0,0.009374021881297908
18359,val,0,0,0.007766824733119191
18365,val,0,0,0.0320594990598631
18366,val,0,0,0.06352484635770818
18368,val,0,0,0.006887200281145931
18370,val,0,0,0.023272874817792596
18376,val,0,0,0.023266449747144854
18382,val,0,0,0.0016043955126541817
18385,val,0,0,0.0651204952016676
18386,val,0,0,0.11460762198954853
18397,val,0,0,0.19950189782889383
18400,val,0,0,0.0064133621051074554
18401,val,0,0,0.015981203941415934
18408,val,0,0,0.1401070184531958
18409,val,0,0,0.05450971702434579
18410,val,0,0,0.010344674138807379
18415,val,0,0,0.02136219164445101
18424,val,0,0,0.12524616981360331
18425,val,0,0,0.024536148470669903
18426,val,0,0,0.06666544974093919
18462,val,0,0,0.01115605886760882
18464,val,0,0,0.15517029652172615
18465,val,0,0,0.016568919827757902
18472,val,0,0,0.07244692631271384
18483,val,0,0,0.026510094216108348
18485,val,0,0,0.04764028321623985
18488,val,0,0,0.027603662091933722
18494,val,0,0,0.010450666619259686
18499,val,0,0,0.030692051419603544
18500,val,0,0,0.07234535472546594
18501,val,0,0,0.03638633507812336
18512,val,0,0,0.025380866127066054
18516,val,0,0,0.03891624580600377
18525,val,0,0,0.14919179613612155
18526,val,0,0,0.060185135258615546
18529,val,0,0,0.01626103609095849
18531,val,0,0,0.038847051373178974
18533,val,0,0,0.013130853210303967
18543,val,0,0,0.08739316794636262
18551,val,0,0,0.031707573486278416
18552,val,0,0,0.043836671876509484
18557,val,0,0,0.098400738269695
18562,val,0,0,0.06584692699346124
18564,val,0,0,0.022647838801671132
18568,val,0,0,0.04333962326770788
18570,val,0,0,0.010458791010825709
18573,val,0,0,0.09945099980542556
18580,val,0,0,0.10539446186191433
18582,val,0,0,0.02691086228052841
18585,val,0,0,0.10168525380479901
18590,val,0,0,0.11835156986398752
18612,val,0,0,0.009537765355105171
18619,val,0,0,0.04490397697994669
18624,val,0,0,0.03199647809454247
18625,val,0,0,0.03404608173593471
18629,val,0,0,0.03626184797991372
18640,val,0,0,0.005919487852269365
18641,val,0,0,0.012068154248809058
18649,val,0,0,0.007034809635974991
18651,val,0,0,0.048182010367527714
18653,val,0,0,0.009361977005956259
18662,val,0,0,0.012790632176455652
18664,val,0,0,0.02316935514720361
18666,val,0,0,0.07967610921382053
18677,val,0,0,0.0794045560004556
18680,val,0,0,0.06619876932267987
18681,val,0,0,0.2068227277511845
18683,val,0,0,0.0046265245825643205
18686,val,0,0,0.012541619034576929
18688,val,0,0,0.04431839505884049
18696,val,0,0,0.0180538348624364
18704,val,0,0,0.0744540836308308
18716,val,0,0,0.08354606383804596
18719,val,0,0,0.056162925212939384
18722,val,0,0,0.08029595828853528
18725,val,0,0,0.030409348551838945
18726,val,0,0,0.02848519613460896
18729,val,0,0,0.03991942320347975
18731,val,0,0,0.05204666187131568
18738,val,0,0,0.04242967752155921
18746,val,0,0,0.05833318717012036
18757,val,0,0,0.009224239194923446
18760,val,0,0,0.05022892687001177
18763,val,0,0,0.033618391794396116
18771,val,0,0,0.007096501245234187
18772,val,0,0,0.02119492605488806
18781,val,0,0,0.04045752307424401
18798,val,0,0,0.02709146494978995
18811,val,0,0,0.008602793345498941
18821,val,0,0,0.06901265621315052
18827,val,0,0,0.18968359174640534
18834,val,0,0,0.01827272570224675
18841,val,0,0,0.03704054894643711
18849,val,0,0,0.08718925652575935
18862,val,0,0,0.028856772168621283
18877,val,0,0,0.206219692424381
18883,val,0,0,0.015598465400400944
18884,val,0,0,0.06320235595991917
18886,val,0,0,0.12513001899961243
18888,val,0,0,0.017223440172139518
18891,val,0,0,0.03831433133954302
18900,val,0,0,0.06693613096693901
18904,val,0,0,0.026296831280648674
18907,val,0,0,0.18202723024417916
18909,val,0,0,0.025012427218028908
18915,val,0,0,0.06488402162354708
18916,val,0,0,0.03569418831877069
18924,val,0,0,0.08731472228515212
18929,val,0,0,0.007756968176321565
18935,val,0,0,0.0029450043214963727
18944,val,0,0,0.013653911089591523
18964,val,0,0,0.03186468774697745
18969,val,0,0,0.036648895393671874
18971,val,0,0,0.02217440294133244
18975,val,0,0,0.0431936260625041
18979,val,0,0,0.08156346315398037
18981,val,0,0,0.003053356781832486
18984,val,0,0,0.05069199591528882
18991,val,0,0,0.2679455187592518
18994,val,0,0,0.04839769388888402
18998,val,0,0,0.03683030733150399
19000,val,0,0,0.06650121451818622
19009,val,0,0,0.183449410460414
19026,val,0,0,0.012984771408936781
19027,val,0,0,0.04216525415215705
19029,val,0,0,0.03706245463038325
19031,val,0,0,0.020749971733509467
19033,val,0,0,0.08982318016053334
19035,val,0,0,0.05957194986637177
19036,val,0,0,0.048111291625972545
19044,val,0,0,0.05585547657381029
19047,val,0,0,0.10713848888435214
19057,val,0,0,0.02490128219049427
19058,val,0,0,0.021009817761249758
19065,val,0,0,0.020044697516090854
19073,val,0,0,0.055434846121193274
19087,val,0,0,0.011735858848503719
19118,val,0,0,0.147318275029889
19135,val,0,0,0.0032603170320552807
19155,val,0,0,0.005663213240470488
19156,val,0,0,0.009304313792493489
19158,val,0,0,0.378831416828865
19161,val,0,0,0.07098317528209407
19174,val,0,0,0.007835378529090765
19180,val,0,0,0.07422974617919002
19182,val,0,0,0.013766662449759713
19200,val,0,0,0.049488784664546606
19206,val,0,0,0.02566590941902335
19208,val,0,0,0.011449441579444814
19213,val,0,0,0.010813149481728882
19248,val,0,0,0.04451629424282326
19257,val,0,0,0.017416091150389806
19265,val,0,0,0.36750988514192223
19266,val,0,0,0.014291433423893662
19297,val,0,0,0.0104440361454621
19300,val,0,0,0.037120955891009194
19316,val,0,0,0.0930331045795056
19327,val,0,0,0.06757008066763177
19332,val,0,0,0.09579714539134064
19333,val,0,0,0.017367716180252776
19334,val,0,0,0.021096260455013238
19335,val,0,0,0.04347754531645819
19339,val,0,0,0.029983832597468903
19342,val,0,0,0.0869264486086397
19347,val,0,0,0.1345755739534433
19348,val,0,0,0.07052682391041266
19350,val,0,0,0.07864953059245626
19358,val,0,0,0.012720104312697874
19362,val,0,0,0.23842654203668096
19373,val,0,0,0.10853033566950336
19377,val,0,0,0.14664071754921373
19379,val,0,0,0.15247484171219047
19384,val,0,0,0.039177660759077554
19404,val,0,0,0.022467810954561653
19408,val,0,0,0.012611736672356736
19416,val,0,0,0.05859092724769309
19422,val,0,0,0.03780687884640436
19427,val,0,0,0.023736103240518763
19438,val,0,0,0.025602315960263137
19460,val,0,0,0.062334255432905786
19462,val,0,0,0.16768387203856808
19463,val,0,0,0.040231180304777965
19483,val,0,0,0.01882669293102733
19508,val,0,0,0.008922099898653347
19515,val,0,0,0.01910765534189354
19521,val,0,0,0.019712894198911885
19522,val,0,0,0.019737853123885554
19535,val,0,0,0.419920297939555
19544,val,0,0,0.08602633320773737
19554,val,0,0,0.013895137186835809
19561,val,0,0,0.09765746137534224
19569,val,0,0,0.01440154491691617
19571,val,0,0,0.023621797812565678
19579,val,0,0,0.04115764712067808
19583,val,0,1,0.6929586407091188
19587,val,0,0,0.16431513744057066
19589,val,0,0,0.11684326187450146
19594,val,0,0,0.04513433376478504
19599,val,0,0,0.14971392821403448
19609,val,0,0,0.0417387001326556
19614,val,0,0,0.012930511893015967
19622,val,0,0,0.12299611117255202
19629,val,0,0,0.0681881741649913
19633,val,0,0,0.019852552826753182
19634,val,0,0,0.07006383528030276
19642,val,0,0,0.023950443518659603
19644,val,0,0,0.06685811876617752
19645,val,0,0,0.03914043651813345
19648,val,0,0,0.09993250185684813
19649,val,0,0,0.19364146449880676
19675,val,0,0,0.019791625546194055
19682,val,0,0,0.00701429124329325
19683,val,0,0,0.04215139694458279
19715,val,0,0,0.04660027148582789
19720,val,0,0,0.038773734997658696
19725,val,0,0,0.03822975866029039
19728,val,0,0,0.17403616442514003
19730,val,0,0,0.024683730871620436
19732,val,0,1,0.5588638356155733
19737,val,0,1,0.5716581670153071
19747,val,0,0,0.22383341576845722
19766,val,0,0,0.006831579057935961
19771,val,0,0,0.0041625969444618275
19775,val,0,0,0.06623714786267312
19785,val,0,0,0.06293607374756648
19787,val,0,0,0.006632182243193804
19789,val,0,0,0.01115698935354579
19791,val,0,0,0.014184443311881963
19816,val,0,0,0.08618127351615473
19827,val,0,0,0.02479994604256075
19834,val,0,0,0.007928136474239723
19860,val,0,0,0.03260849081616467
19862,val,0,0,0.09329780828246395
19869,val,0,0,0.012656135223712691
19874,val,0,0,0.0566939579879712
19884,val,0,0,0.3946269508232953
19886,val,0,0,0.016326469010943166
19895,val,0,0,0.04859321086341347
19901,val,0,0,0.030733224592618052
19905,val,0,0,0.055608396762275476
19908,val,0,0,0.030034213333254744
19909,val,0,0,0.11322304944903427
19921,val,0,0,0.04126473622862128
19945,val,0,0,0.17685917990811936
19958,val,0,0,0.08438859175234356
19965,val,0,0,0.02978477792225519
19966,val,0,0,0.08986132032247451
19973,val,0,0,0.07577507352580985
19974,val,0,0,0.04025589232334902
19976,val,0,0,0.0058126807839023525
19977,val,0,0,0.0017279505085428313
19986,val,0,0,0.019986331980670156
19989,val,0,0,0.1180821688001975
19997,val,0,0,0.10482570953984584
20004,val,0,0,0.03536873670435982
20014,val,0,0,0.09390564533044402
20021,val,0,0,0.005849818741013072
20031,val,0,0,0.023533122817927864
20055,val,0,0,0.1696649383609653
20070,val,0,0,0.1327075109691489
20075,val,0,0,0.03338303244395427
20082,val,0,0,0.02517140250079064
20087,val,0,0,0.005269687620226959
20088,val,0,0,0.0963527450883764
20096,val,0,0,0.03974828714960908
20101,val,0,0,0.04096598485551951
20105,val,0,0,0.09636334074826325
20107,val,0,0,0.08989457826480887
20114,val,0,0,0.011778542368674006
20123,val,0,0,0.024752683508546265
20131,val,0,0,0.023412362199937403
20165,val,0,0,0.015745804949641253
20183,val,0,0,0.02414974430333795
20198,val,0,0,0.06210666520762671
20200,val,0,0,0.18762129351716741
20205,val,0,0,0.05452466715599073
20211,val,0,0,0.010568245653883783
20214,val,0,0,0.012960945808373028
20222,val,0,1,0.9355439439716265
20230,val,0,0,0.06391202325912596
20233,val,0,0,0.02367322570895525
20237,val,0,0,0.05376748180710162
20238,val,0,0,0.014751621755211233
20239,val,0,0,0.08198778974246379
20243,val,0,0,0.02607457055876682
20251,val,0,0,0.11300221447341707
20255,val,0,0,0.03368536100464173
20257,val,0,0,0.012940423903294482
20267,val,0,0,0.03296079994476007
20271,val,0,0,0.0427013620144449
20274,val,0,0,0.01194211227036634
20283,val,0,0,0.026223894506342153
20285,val,0,0,0.03758634394356277
20287,val,0,0,0.014949563393725078
20293,val,0,0,0.015311692026896757
20304,val,0,0,0.03575607829875278
20306,val,0,0,0.059308740387616916
20307,val,0,0,0.056128048174135595
20334,val,0,0,0.015058776805883918
20351,val,0,0,0.034872157808332624
20358,val,0,0,0.009715084254158441
20363,val,0,0,0.023790485151186813
20371,val,0,0,0.05911066766394206
20376,val,0,0,0.0018967408561585911
20379,val,0,0,0.021235017793364702
20388,val,0,0,0.019161027485382683
20390,val,0,0,0.05835592281622539
20391,val,0,0,0.06382753396797736
20405,val,0,0,0.05467736873338288
20407,val,0,0,0.00933296555206117
20409,val,0,0,0.07168360589279243
20421,val,0,0,0.3868921922150227
20424,val,0,0,0.018481370528392566
20431,val,0,0,0.003084641713242474
20433,val,0,0,0.009445184011166213
20434,val,0,0,0.008491606958619545
20435,val,0,0,0.012395466256279308
20452,val,0,0,0.03462083633210965
20475,val,0,0,0.009041840496761424
20476,val,0,0,0.012959670259216226
20478,val,0,0,0.043210687405914834
20483,val,0,0,0.11799402994182832
20497,val,0,0,0.028436532068433364
20506,val,0,0,0.02269582692860113
20508,val,0,0,0.062042999323112115
20509,val,0,0,0.11964096077718614
20517,val,0,0,0.050459685839762354
20526,val,0,0,0.051282028899329646
20532,val,0,0,0.02565082227821589
20534,val,0,0,0.009024420031693353
20549,val,0,0,0.012505022385378612
20550,val,0,0,0.025210935511364333
20555,val,0,0,0.027454302272664384
20558,val,0,0,0.016667890009391548
20566,val,0,0,0.027514705908639976
20567,val,0,0,0.04898655282795943
20574,val,0,0,0.09567967734586817
20589,val,0,0,0.12583554182980689
20593,val,0,0,0.04289800472765057
20600,val,0,0,0.02685635305588078
20604,val,0,0,0.017571708285378757
20625,val,0,0,0.04868039762485155
20629,val,0,0,0.1488980009464489
20641,val,0,0,0.022782344152770518
20648,val,0,0,0.39151130235433934
20655,val,0,0,0.016428528508683683
20660,val,0,0,0.04451361082756468
20678,val,0,0,0.03537976141300259
20682,val,0,0,0.008442328710379497
20683,val,0,0,0.03042083125652353
20684,val,0,0,0.011657623058169614
20690,val,0,1,0.5884692059008741
20704,val,0,0,0.0580231340595456
20705,val,0,0,0.01111161611362937
20715,val,0,0,0.10249563491545359
20717,val,0,0,0.07972834554106405
20723,val,0,0,0.21159115267213424
20724,val,0,0,0.0230017055797199
20730,val,0,0,0.0493603673202263
20739,val,0,0,0.03646322548665268
20744,val,0,0,0.07222821097936334
20751,val,0,0,0.11085983188140801
20759,val,0,0,0.014068958070965308
20762,val,0,0,0.053686883875784595
20771,val,0,0,0.025960805092900247
20773,val,0,0,0.03161260095343563
20778,val,0,0,0.06967266040392685
20779,val,0,0,0.15580333376987096
20797,val,0,0,0.02651265259313671
20801,val,0,0,0.024694522659891353
20813,val,0,0,0.018880415493236588
20825,val,0,0,0.05239212986683083
20826,val,0,0,0.009006325408751499
20830,val,0,0,0.006876811799220624
20849,val,0,0,0.16311467468711321
20853,val,0,0,0.005973833789900097
20858,val,0,0,0.23242995750989268
20859,val,0,0,0.013972182927103238
20871,val,0,0,0.008912337223221363
20879,val,0,0,0.09325097945324232
20886,val,0,0,0.007938658236784217
20889,val,0,0,0.027196580909737502
20890,val,0,0,0.04279715694621389
20893,val,0,0,0.04334100367694226
20903,val,0,0,0.017866542847475207
20915,val,0,0,0.1534496708418446
20920,val,0,0,0.03667344738476727
20922,val,0,0,0.16362273893212106
20943,val,0,0,0.0412266216058632
20954,val,0,0,0.16998321073282807
20983,val,0,0,0.05236590878220968
20995,val,0,0,0.03863607620999198
20996,val,0,0,0.057740840108481704
21000,val,0,0,0.028512371716830454
21004,val,0,0,0.016047056351034057
21005,val,0,0,0.01741903459641258
21006,val,0,0,0.010706587477843192
21015,val,0,0,0.030471027188257425
21021,val,0,0,0.008945392564348427
21023,val,0,0,0.03730645438898183
21027,val,0,0,0.19227163438577266
21035,val,0,0,0.02843420695630657
21042,val,0,0,0.10321463307027959
21043,val,0,0,0.03695449727450917
21055,val,0,0,0.03072832151292142
21062,val,0,0,0.01848962441422119
21079,val,0,0,0.02835867160814095
21081,val,0,0,0.11356624208977333
21082,val,0,0,0.06907764123351408
21083,val,0,0,0.24542685074412096
21085,val,0,0,0.3048336410257224
21094,val,0,0,0.043789716863408656
21100,val,0,0,0.03407143148006501
21102,val,0,0,0.0495373582571636
21114,val,0,0,0.023426772800114834
21126,val,0,0,0.05412225465791343
21133,val,0,0,0.014036938566586004
21139,val,0,0,0.01894605388771418
21151,val,0,0,0.05837401581970294
21159,val,0,0,0.044746087290166034
21163,val,0,0,0.004349233727743504
21166,val,0,0,0.0019310696449228492
21169,val,0,0,0.029709945502293285
21171,val,0,0,0.11525858339884244
21181,val,0,0,0.11061831905853371
21184,val,0,0,0.06727080476942005
21191,val,0,0,0.04729067894109708
21197,val,0,0,0.10202726695237647
21200,val,0,0,0.029303721147374017
21207,val,0,0,0.05293998384136354
21212,val,0,0,0.011351612332149647
21213,val,0,0,0.007946052969310825
21214,val,0,0,0.05537651965148682
21219,val,0,0,0.2978440871635104
21225,val,0,0,0.04986041586827129
21231,val,0,0,0.038706890443830105
21232,val,0,0,0.07520514323547052
21233,val,0,0,0.015396882102628517
21241,val,0,0,0.02696150008906383
21251,val,0,0,0.058094444554570863
21266,val,0,0,0.01694868895896842
21281,val,0,0,0.031197924667659735
21283,val,0,0,0.006396081273832914
21287,val,0,0,0.006015532444690522
21294,val,0,0,0.009249280871748596
21302,val,0,0,0.006759232592104906
21309,val,0,0,0.02203526416266934
21310,val,0,0,0.4470808607569841
21316,val,0,0,0.023743062636467093
21318,val,0,0,0.10949542805915607
21321,val,0,0,0.009485707131673309
21327,val,0,0,0.04150481922763769
21335,val,0,0,0.06004720601824712
21342,val,0,0,0.015980526395943533
21346,val,0,0,0.024623281851954584
21352,val,0,0,0.10996086745687436
21353,val,0,0,0.14449072071934155
21376,val,0,0,0.021464693756029503
21378,val,0,0,0.01074851211654246
21385,val,0,0,0.022577606207706966
21392,val,0,0,0.15368853379720598
21395,val,0,0,0.03925262805182908
21400,val,0,0,0.34988632679055914
21413,val,0,0,0.08260862625205678
21414,val,0,0,0.038590757607738446
21425,val,0,0,0.03722789678220478
21432,val,0,0,0.0668668443116007
21440,val,0,0,0.09880238304436577
21445,val,0,0,0.010056408287149056
21451,val,0,0,0.026393261888910627
21452,val,0,0,0.007879949392278793
21454,val,0,0,0.02873977650341004
21462,val,0,0,0.00869080644308499
21471,val,0,0,0.054871652557574584
21487,val,0,0,0.0617589168745052
21493,val,0,0,0.02709747619500944
21497,val,0,0,0.30374782962202124
21501,val,0,0,0.016414240234607358
21508,val,0,0,0.004827147555684293
21509,val,0,0,0.08681514977526616
21511,val,0,0,0.06041552142263161
21516,val,0,0,0.06798764631474792
21520,val,0,0,0.007642777692864663
21521,val,0,0,0.02184449549998618
21523,val,0,0,0.037742734819601484
21531,val,0,0,0.038740165858874506
21533,val,0,0,0.025835205069836397
21539,val,0,0,0.11517743895457569
21552,val,0,0,0.027386778542502734
21557,val,0,0,0.029911113154719678
21562,val,0,0,0.21026680937010717
21565,val,0,0,0.0772356189399277
21572,val,0,0,0.027063861868436886
21577,val,0,0,0.008510698337677586
21604,val,0,0,0.06590619817657334
21606,val,0,0,0.02709359760559963
21611,val,0,0,0.04732245574109127
21621,val,0,0,0.06432607016010362
21622,val,0,0,0.013027243434794307
21623,val,0,0,0.029758851506372603
21634,val,0,0,0.03891725622576328
21639,val,0,0,0.017930467304500416
21640,val,0,0,0.02746797536889361
21652,val,0,0,0.11254508667246685
21656,val,0,0,0.017356143630473376
21657,val,0,0,0.011414748624576448
21666,val,0,0,0.006867986496951142
21679,val,0,0,0.0966312206331933
21681,val,0,0,0.018265187732220693
21702,val,0,0,0.009112362053896823
21712,val,0,0,0.039684283527143545
21714,val,0,0,0.03625563329692279
21720,val,0,0,0.18532459115959213
21732,val,0,0,0.04974641487917126
21733,val,0,0,0.08192659132614437
21738,val,0,0,0.013859068436611116
21743,val,0,0,0.019295523198922623
21748,val,0,0,0.10197564406391012
21750,val,0,0,0.0335023851327104
21756,val,0,0,0.023194685863770558
21757,val,0,0,0.015942609036700174
21766,val,0,0,0.036246439780300524
21772,val,0,0,0.010127117526905595
21774,val,0,0,0.009323176887772053
21787,val,0,0,0.04505310109321963
21794,val,0,0,0.035301076485000096
21795,val,0,0,0.007407535517824393
21797,val,0,0,0.1155478748498908
21800,val,0,0,0.021387942206497364
21808,val,0,0,0.036625148324888335
21817,val,0,0,0.01983999162993592
21825,val,0,0,0.027253727403972174
21831,val,0,0,0.17892936668922305
21840,val,0,0,0.017248952642526048
21855,val,0,0,0.023208942413040085
21859,val,0,0,0.13357029527597675
21868,val,0,0,0.062189145364244
21869,val,0,0,0.07236874893406703
21872,val,0,0,0.02792545639579236
21877,val,0,0,0.009732329016657468
21880,val,0,0,0.10114924877377757
21888,val,0,0,0.061888199343591056
21922,val,0,0,0.053460545812226465
21939,val,0,0,0.06367630339744185
21946,val,0,0,0.07079200161240108
21947,val,0,0,0.029855807281741902
21950,val,0,0,0.025230689605579497
21961,val,0,0,0.0690386972366571
21963,val,0,0,0.019001160120805084
21966,val,0,0,0.0075306598420482
21970,val,0,0,0.010762354159423719
21979,val,0,0,0.20378252938043592
22001,val,0,0,0.038556403539853824
22003,val,0,0,0.0382145593619044
22015,val,0,0,0.01436069409246974
22017,val,0,0,0.030462078213773787
22033,val,0,0,0.054620420515903684
22067,val,0,0,0.015876728045705057
22068,val,0,0,0.01208349416862825
22090,val,0,0,0.010916891459530375
22100,val,0,0,0.12768812296173257
22114,val,0,0,0.04403092131702939
22115,val,0,0,0.039590722098621606
22125,val,0,0,0.030914083332418314
22140,val,0,0,0.008176856772611034
22161,val,0,0,0.07168997360504147
22162,val,0,0,0.028316107084224103
22173,val,0,0,0.19193402005961113
22183,val,0,0,0.0623098229739858
22193,val,0,0,0.05276596083716372
22207,val,0,0,0.028521675213766962
22208,val,0,0,0.0073802578827466755
22212,val,0,0,0.1254109090023214
22215,val,0,0,0.03437354656194743
22216,val,0,0,0.0668040997753935
22217,val,0,0,0.04885191387401433
22219,val,0,0,0.02092369625450577
22231,val,0,0,0.08473349221388807
22233,val,0,0,0.01729009514051921
22239,val,0,0,0.046823173069627314
22245,val,0,0,0.1116962809297759
22255,val,0,0,0.012067779108320187
22274,val,0,0,0.008171449646894704
22278,val,0,0,0.12408026835167928
22280,val,0,0,0.18760677572474352
22281,val,0,0,0.013579989914007209
22285,val,0,0,0.02175214043060854
22286,val,0,0,0.028449851049453127
22290,val,0,0,0.03817002545075871
22291,val,0,0,0.07919291915428561
22293,val,0,0,0.10298016403915387
22297,val,0,0,0.04291577697039063
22301,val,0,0,0.04865259623701771
22305,val,0,0,0.015113598567924852
22308,val,0,0,0.059804612240812904
22309,val,0,0,0.05628728311223342
22324,val,0,0,0.015204152031241583
22333,val,0,0,0.02802041041946097
22350,val,0,0,0.007905543964409649
22358,val,0,0,0.02834484634121401
22365,val,0,0,0.2644868910731744
22370,val,0,0,0.07367579140291544
22379,val,0,0,0.030181184657888136
22384,val,0,0,0.01099955592491161
22389,val,0,0,0.06188452316560759
22390,val,0,0,0.0704388707176227
22391,val,0,0,0.033184840189795554
22402,val,0,0,0.028227697737021357
22417,val,0,0,0.03230910630793169
22419,val,0,0,0.07472160513996975
22422,val,0,0,0.08862388925082337
22429,val,0,0,0.13362652240222672
22433,val,0,0,0.17218759419761792
22436,val,0,0,0.029993872459215393
22443,val,0,0,0.024950452741168687
22444,val,0,0,0.08295339641202636
22450,val,0,0,0.03249473340695892
22453,val,0,0,0.012996771189305699
22455,val,0,0,0.008970050784338579
22457,val,0,0,0.04451247529904101
22468,val,0,0,0.056264585785356244
22470,val,0,0,0.011436118134429022
22475,val,0,0,0.025076273238927443
22479,val,0,0,0.4038689662195094
22492,val,0,0,0.032539078169687444
22494,val,0,0,0.014533046771708445
22498,val,0,0,0.017330870542160703
22499,val,0,0,0.011206056087127164
22505,val,0,0,0.059374901931392735
22507,val,0,0,0.12460385201898502
22522,val,0,0,0.0037296664215590307
22523,val,0,0,0.05255813265130887
22527,val,0,0,0.029925167047571786
22528,val,0,0,0.018440534832270598
22529,val,0,0,0.02721855901910774
22540,val,0,0,0.08981590856662183
22542,val,0,0,0.04821600504021626
22547,val,0,0,0.029917492923132772
22549,val,0,0,0.14036574933599721
22555,val,0,0,0.39188728845457643
22560,val,0,0,0.032231761623332605
22564,val,0,0,0.10551244626455474
22577,val,0,0,0.017401308682005262
22578,val,0,0,0.0546704160959566
22579,val,0,0,0.04417005668696163
22582,val,0,0,0.040053528716858244
22584,val,0,0,0.01278308232941265
22592,val,0,0,0.11993772968033904
22599,val,0,0,0.34756117294878697
22605,val,0,0,0.3900616156023705
22607,val,0,0,0.004431337961514717
22617,val,0,0,0.015330255440476483
22621,val,0,0,0.009582804401154223
22622,val,0,0,0.011693487783068317
22624,val,0,0,0.061849202410838376
22654,val,0,0,0.02442217271920013
22660,val,0,0,0.05662447360199369
22668,val,0,0,0.1969677279021642
22681,val,0,0,0.045255143684417354
22688,val,0,0,0.053846046040119715
22696,val,0,0,0.018144057050020743
22702,val,0,0,0.06460116110583905
22707,val,0,0,0.04004371703977917
22708,val,0,0,0.0850377335589806
22713,val,0,0,0.03343781101402611
22716,val,0,0,0.012666380485775525
22729,val,0,0,0.17244951376699688
22731,val,0,0,0.03870708589092409
22732,val,0,0,0.12388523286134062
22735,val,0,0,0.023169980876301698
22736,val,0,0,0.030366495558278337
22746,val,0,0,0.005349547523715982
22761,val,0,0,0.02872250048629438
22771,val,0,0,0.07371123559241917
22775,val,0,0,0.049701586154047475
22776,val,0,0,0.040042114345275236
22783,val,0,0,0.014909812355651822
22784,val,0,0,0.12232192559110908
22790,val,0,0,0.015359782489998431
22805,val,0,0,0.04730910746384376
22809,val,0,0,0.005731245100252556
22812,val,0,0,0.015459076924240651
22817,val,0,0,0.018815926596920607
22820,val,0,0,0.020912872563293636
22832,val,0,0,0.029442802157697585
22836,val,0,0,0.11160938175746866
22845,val,0,0,0.03393707710450168
22860,val,0,0,0.0175460256119207
22862,val,0,0,0.019944936028963994
22866,val,0,0,0.03230361576818741
22875,val,0,0,0.03597354638935804
22886,val,0,0,0.00599867957489541
22891,val,0,0,0.004830799374974802
22895,val,0,0,0.014652019847289597
22914,val,0,0,0.09661735698629458
22915,val,0,0,0.014778423770494332
22916,val,0,0,0.04226603400471151
22938,val,0,0,0.008933134990907891
22940,val,0,0,0.021597345147795967
22941,val,0,0,0.12652818535494034
22942,val,0,0,0.04900397633292852
22944,val,0,0,0.08053373411243428
22949,val,0,0,0.06046250309296563
22962,val,0,0,0.2785852004901077
22966,val,0,0,0.054331186963463764
22977,val,0,0,0.019849278970923537
22979,val,0,0,0.010921977753514526
22989,val,0,0,0.043078802495457265
22998,val,0,0,0.22327576757756498
23019,val,0,0,0.023170254894380272
23028,val,0,0,0.025342900932901175
23034,val,0,0,0.04359924807113997
23041,val,0,0,0.03499137581643105
23043,val,0,0,0.033374646295352695
23052,val,0,0,0.022198992951331677
23059,val,0,0,0.07865263517425647
23067,val,0,0,0.09479064727988154
23068,val,0,0,0.12585411360493742
23089,val,0,0,0.05780493695322618
23092,val,0,0,0.025277688556299627
23108,val,0,0,0.01247899787781029
23112,val,0,0,0.059837929002165044
23132,val,0,0,0.020940291108359984
23135,val,0,0,0.10639472899446357
23137,val,0,0,0.22519987147649315
23164,val,0,0,0.03439491941724768
23167,val,0,0,0.04387104115963602
23170,val,0,0,0.022728194660228403
23171,val,0,0,0.054460729396075123
23175,val,0,0,0.07196122035972968
23176,val,0,0,0.004287773672505294
23179,val,0,0,0.06725710455151969
23191,val,0,0,0.04503313076632241
23193,val,0,0,0.40534566223558005
23197,val,0,0,0.015417486232007853
23198,val,0,0,0.00793054717252063
23222,val,0,0,0.025587461428548234
23231,val,0,0,0.04675140608358124
23232,val,0,0,0.022473278099809077
23242,val,0,0,0.07218614639330839
23244,val,0,0,0.28782347039556205
23245,val,0,0,0.016188063181620832
23246,val,0,0,0.057301926048326034
23248,val,0,0,0.06672749061364057
23255,val,0,0,0.15730533387629908
23259,val,0,0,0.03485912956036696
23265,val,0,0,0.07668340210112005
23277,val,0,0,0.009491679958324055
23281,val,0,0,0.06688483290775829
23284,val,0,0,0.025076031465763378
23286,val,0,0,0.14636176517158597
23292,val,0,0,0.07444761447156928
23294,val,0,0,0.03438157096842414
23299,val,0,0,0.019419445694204743
23325,val,0,0,0.05029587811595443
23326,val,0,0,0.12783443874676298
23335,val,0,0,0.01352268044030342
23348,val,0,0,0.09914619711679772
23354,val,0,0,0.017546788051839637
23355,val,0,0,0.003536922070297698
23358,val,0,0,0.03296275760249543
23359,val,0,0,0.003061097039781091
23360,val,0,0,0.0622489027082351
23361,val,0,0,0.023959503193269775
23370,val,0,0,0.02402819075668296
23378,val,0,0,0.08213895110748835
23383,val,0,0,0.010342069205025738
23409,val,0,0,0.2755022344337191
23418,val,0,0,0.01767980212625305
23419,val,0,0,0.08134759322978526
23427,val,0,0,0.0976428032376191
23443,val,0,0,0.10727186333616005
23446,val,0,0,0.04807100351298009
23457,val,0,0,0.05085472354940984
23466,val,0,0,0.019068125043936658
23469,val,0,0,0.012913814388396384
23479,val,0,0,0.02159338765152424
23485,val,0,0,0.03205570329787087
23495,val,0,0,0.08445716886465271
23498,val,0,0,0.30337149518956696
23502,val,0,0,0.059366785955702564
23508,val,0,0,0.04374070102422873
23509,val,0,0,0.004796846530781553
23515,val,0,0,0.01065402428968092
23521,val,0,0,0.014862252576125458
23523,val,0,0,0.1609326065638362
23526,val,0,0,0.03465715396509814
23529,val,0,0,0.011930935791530534
23532,val,0,0,0.015184036661421185
23533,val,0,0,0.002865325508477055
23536,val,0,0,0.04907004721165026
23539,val,0,0,0.014160050576733101
23540,val,0,0,0.22068196459703374
23541,val,0,0,0.056137445531882726
23548,val,0,0,0.03579816726137302
23549,val,0,0,0.052533439899074975
23550,val,0,0,0.011287005418294084
23553,val,0,0,0.007579091041622951
23555,val,0,0,0.10736570352057598
23558,val,0,0,0.008077786799079488
23590,val,0,0,0.08336440639811445
23602,val,0,0,0.15164867512706592
23614,val,0,0,0.05081305375855821
23623,val,0,0,0.048727575904747404
23635,val,0,0,0.0754318085612188
23639,val,0,0,0.01702179182244967
23672,val,0,0,0.0607289512659499
23674,val,0,0,0.08234000009303125
23675,val,0,0,0.03474912797355482
23693,val,0,0,0.02504222945298414
23696,val,0,0,0.016062005281459117
23713,val,0,0,0.04247916182799798
23718,val,0,0,0.03157504925432744
23725,val,0,0,0.16238722828344565
23747,val,0,0,0.06446161311361642
23748,val,0,0,0.010209885120496419
23757,val,0,0,0.04534121694601257
23759,val,0,0,0.0077245567980413245
23775,val,0,0,0.02821228125610536
23776,val,0,0,0.028854299389745895
23781,val,0,0,0.07480960114839746
23782,val,0,0,0.03818712559744552
23786,val,0,0,0.020911199881745262
23787,val,0,0,0.04423751850043258
23788,val,0,0,0.04981610751869003
23793,val,0,0,0.014869379640995408
23802,val,0,0,0.05688977590525825
23806,val,0,0,0.10617232032704035
23808,val,0,0,0.04932016021082748
23818,val,0,0,0.007829577333725716
23833,val,0,0,0.024279688745060524
23845,val,0,0,0.040763956498474516
23854,val,0,0,0.04183213211279089
23855,val,0,0,0.048393537701783604
23856,val,0,0,0.022360479216697916
23860,val,0,0,0.01596856985389091
23863,val,0,0,0.015272210749570124
23883,val,0,0,0.07072635759369672
23895,val,0,0,0.04700145945873351
23896,val,0,0,0.01669335752972127
23915,val,0,0,0.05583143035213891
23919,val,0,0,0.05380501066369696
23927,val,0,0,0.04998297990563676
23935,val,0,0,0.020884523422237893
23948,val,0,0,0.05485134918271375
23953,val,0,0,0.1254555474953604
23955,val,0,0,0.010005056882926118
23963,val,0,0,0.014402676194374991
23977,val,0,0,0.05618041526318985
23987,val,0,0,0.04717027114528282
23995,val,0,0,0.17742294718384222
24004,val,0,0,0.016506436661876484
24019,val,0,0,0.04734315949145039
24029,val,0,0,0.03324003622072359
24043,val,0,0,0.02854358750968312
24054,val,0,0,0.11659167703751545
24055,val,0,0,0.11830825242011085
24060,val,0,0,0.010403647052588066
24061,val,0,0,0.08547810540656127
24065,val,0,0,0.030556755164417936
24068,val,0,0,0.06891492524420118
24075,val,0,0,0.03778793801034023
24076,val,0,0,0.0570890229399389
24078,val,0,0,0.010633841446726442
24083,val,0,0,0.038716113002431086
24089,val,0,0,0.16710261946765903
24094,val,0,0,0.06821715827834046
24109,val,0,0,0.011784819819300095
24120,val,0,0,0.005687749086511767
24125,val,0,0,0.013101223763595782
24126,val,0,0,0.03552543069033816
24128,val,0,0,0.011072231746060165
24133,val,0,0,0.036076063911188144
24134,val,0,0,0.033700400706180154
24141,val,0,0,0.025779952404828298
24142,val,0,0,0.23202158980776322
24143,val,0,0,0.0267469640166692
24148,val,0,0,0.020068548272713375
24149,val,0,0,0.07378827763552685
24158,val,0,0,0.07923875041784104
24174,val,0,0,0.19232526011836382
24176,val,0,0,0.03307189360789239
24181,val,0,0,0.015799115473074363
24193,val,0,0,0.02880908341211697
24204,val,0,0,0.04757586867577766
24212,val,0,0,0.01872125234012309
24226,val,0,0,0.015277229053155171
24227,val,0,0,0.027669050016273216
24232,val,0,0,0.010027032258588434
24242,val,0,0,0.0509876902042143
24248,val,0,0,0.023760747609977532
24252,val,0,0,0.29468694537405377
24273,val,0,0,0.07490977676185832
24281,val,0,0,0.30992928981574447
24285,val,0,0,0.14690741962045017
24286,val,0,0,0.0485820926449114
24298,val,0,0,0.04073039962087264
24303,val,0,0,0.027420571262874224
24305,val,0,0,0.009373145060679364
24312,val,0,0,0.009310941292441305
24329,val,0,0,0.04566616433352811
24341,val,0,0,0.08436002511950717
24344,val,0,0,0.11121852859518047
24357,val,0,0,0.04325865301235758
24358,val,0,0,0.034092240127308736
24367,val,0,0,0.014529496125979844
24376,val,0,0,0.04687112755674324
24408,val,0,0,0.007755328023110434
24412,val,0,0,0.02756194076056693
24413,val,0,0,0.01341646838457446
24417,val,0,0,0.009883756032003147
24424,val,0,0,0.03293150256614461
24426,val,0,0,0.18621280899775858
24435,val,0,0,0.08923772221527024
24450,val,0,0,0.0920477969068267
24459,val,0,0,0.06674870001283671
24467,val,0,0,0.10217571230877293
24478,val,0,0,0.03657940854851742
24479,val,0,0,0.038827618079783986
24493,val,0,1,0.5061257972257815
24505,val,0,0,0.03193860449164497
24514,val,0,0,0.02918236085519475
24547,val,0,0,0.020374003054054134
24574,val,0,0,0.03708068799043288
24591,val,0,0,0.19800341432355323
24597,val,0,0,0.033005851824750194
24614,val,0,0,0.02581326144786662
24630,val,0,0,0.14018584108687837
24636,val,0,0,0.04834106006409517
24637,val,0,0,0.009096209525229205
24639,val,0,0,0.035150716326113274
24641,val,0,0,0.11625996248858614
24664,val,0,0,0.10115742263424726
24665,val,0,0,0.0241036956062765
24668,val,0,0,0.029921799712432563
24672,val,0,0,0.020431821744796918
24690,val,0,0,0.04780480237197531
24694,val,0,0,0.017193440545085897
24702,val,0,0,0.2531789690153818
24705,val,0,0,0.22546807483398323
24729,val,0,0,0.057383035787588785
24741,val,0,0,0.1800372512451862
24743,val,0,0,0.031233914351698512
24758,val,0,0,0.4016533684018241
24759,val,0,0,0.01910849430081862
24766,val,0,0,0.15604598627554872
24776,val,0,0,0.1313479618973536
24778,val,0,0,0.03137190259773566
24779,val,0,0,0.048430675066959646
24782,val,0,0,0.03750576014904713
24783,val,0,0,0.031185772734981305
24790,val,0,0,0.04208018118263928
24795,val,0,0,0.032945496722947464
24797,val,0,0,0.030848910671208447
24822,val,0,0,0.009830549091871374
24824,val,0,0,0.10152439118981028
24832,val,0,0,0.0651946683942454
24833,val,0,0,0.023438759655552737
24846,val,0,0,0.04450174131480988
24848,val,0,0,0.08795733436438836
24850,val,0,0,0.029733569054433428
24859,val,0,0,0.039191331564961934
24878,val,0,0,0.04612691659412537
24881,val,0,0,0.4587811352039527
24888,val,0,0,0.2405579568651893
24897,val,0,0,0.04247431415517405
24900,val,0,0,0.018619834894850158
24912,val,0,0,0.0579601622218603
24917,val,0,0,0.06253285851027619
24921,val,0,0,0.05301411081954594
24936,val,0,0,0.17773581460966392
24937,val,0,0,0.045831136184368244
24939,val,0,0,0.12746231893813353
24949,val,0,0,0.009741940959225995
24953,val,0,0,0.2423594208566405
24954,val,0,0,0.28177284283559495
24969,val,0,0,0.05619783619468416
24978,val,0,0,0.07780644879233278
24988,val,0,0,0.02027707551035027
24990,val,0,0,0.020189837731616943
24993,val,0,0,0.04897698507980323
24995,val,0,0,0.07732013056590822
25008,val,0,0,0.047518607168089276
25013,val,0,0,0.039711479289352786
25023,val,0,0,0.4440202913968287
25027,val,0,0,0.05525530838286502
25034,val,0,0,0.1810928441061661
25045,val,0,0,0.13317868471112712
25046,val,0,0,0.19493709798423586
25052,val,0,0,0.24984787252416574
25057,val,0,0,0.19805422185102742
25063,val,0,0,0.15113055627927832
25069,val,0,0,0.061015579546304786
25073,val,0,0,0.1131379699892979
25075,val,0,0,0.026463633395396213
25081,val,0,0,0.2318297776931922
25099,val,0,0,0.21505749331061066
25100,val,0,0,0.030713538302984508
25105,val,0,0,0.07052455775871115
25108,val,0,0,0.17131455979776228
25113,val,0,0,0.05436540712418935
25116,val,0,0,0.031006937815618925
25121,val,0,0,0.013734981996514031
25128,val,0,0,0.07992667186819472
25156,val,0,0,0.1243034095910402
25158,val,0,0,0.07484016178560414
25160,val,0,0,0.216805671759417
25161,val,0,0,0.2458832419778182
25167,val,0,0,0.0961130854563051
25168,val,0,0,0.062383004416476324
25185,val,0,0,0.060730759436160076
25193,val,0,0,0.030259004937997557
25194,val,0,0,0.06464503776732164
25196,val,0,0,0.12517261093795942
25201,val,0,0,0.005934792021218968
25205,val,0,0,0.2652203081974405
25211,val,0,0,0.05162547636305528
25212,val,0,0,0.03241631425510036
25223,val,0,0,0.159574562829744
25226,val,0,0,0.0505325697170988
25228,val,0,0,0.07588753010180214
25237,val,0,0,0.04280975619566426
25243,val,0,0,0.06566514032837467
25246,val,0,0,0.15350391859414772
25262,val,0,0,0.02925877853457415
25271,val,0,0,0.07679324681642295
25275,val,0,0,0.03253049070620335
25282,val,0,0,0.043581826000460205
25289,val,0,0,0.18562402310103263
25295,val,0,0,0.023601852099821848
25307,val,0,0,0.09258087883985804
25319,val,0,0,0.24252181892554914
25331,val,0,0,0.2821420926253679
25332,val,0,0,0.09056367817229406
25334,val,0,0,0.061241040792419064
25359,val,0,0,0.032941146398195946
25365,val,0,0,0.17098590160108093
25366,val,0,0,0.15828811079086927
25368,val,0,0,0.057739651040211795
25378,val,0,0,0.027974939778295144
25386,val,0,0,0.02199726778522477
25391,val,0,0,0.013912665289717805
25400,val,0,0,0.039125897993433516
25406,val,0,0,0.08590831316263266
25410,val,0,0,0.13214868603018687
25422,val,0,0,0.09133199410180605
25429,val,0,0,0.12550754026143796
25433,val,0,0,0.05574638687170658
25435,val,0,0,0.06348476503873371
25459,val,0,0,0.06694047855272604
25466,val,0,0,0.14973961648875816
25491,val,0,0,0.10874515061141131
25504,val,0,0,0.10113362025950243
25505,val,0,0,0.05541606807808699
25510,val,0,0,0.004062605989891382
25523,val,0,0,0.021957138447534864
25525,val,0,0,0.07788080990533616
25540,val,0,0,0.12293146194728471
25552,val,0,0,0.20264065615472768
25560,val,0,0,0.08088223316877656
25562,val,0,0,0.07907191878380677
25566,val,0,0,0.08853873802711805
25570,val,0,0,0.03152758417426234
25576,val,0,0,0.21313986317879527
25583,val,0,0,0.10716019029271333
25595,val,0,0,0.3375728222522879
25599,val,0,0,0.032309981826646385
25603,val,0,0,0.07081034879428554
25606,val,0,0,0.03925501986390717
25612,val,0,0,0.06877079508491912
25615,val,0,0,0.029652319301376066
25619,val,0,0,0.1577754788870497
25625,val,0,0,0.24053030108381956
25637,val,0,0,0.058038001393834436
25641,val,0,0,0.06821321562292
25648,val,0,0,0.05606271793958276
25653,val,0,0,0.050150761104521976
25658,val,0,0,0.047093160035106225
25660,val,0,0,0.18470536373448507
25673,val,0,0,0.028031905582319574
25677,val,0,0,0.05919344091585181
25700,val,0,0,0.019008194241899926
25708,val,0,0,0.14639382223167938
25710,val,0,0,0.07626870924206773
25718,val,0,0,0.05857376030718589
25721,val,0,0,0.09194855309935425
25734,val,0,0,0.029287357057022467
25735,val,0,0,0.030732789050560264
25743,val,0,0,0.07308141041604282
25751,val,0,0,0.05450808716582293
25752,val,0,0,0.004333304040220009
25755,val,0,0,0.01322619573098968
25758,val,0,0,0.028648197518625088
25762,val,0,0,0.05925176470387889
25775,val,0,0,0.017101430979791662
25777,val,0,0,0.11407366155891024
25781,val,0,0,0.1438817366072431
25788,val,0,0,0.059556320491776865
25798,val,0,0,0.05691894718181391
25806,val,0,0,0.15435556830203712
25812,val,0,0,0.030388192246947485
25816,val,0,0,0.08575741381246667
25821,val,0,0,0.0367593250680792
25829,val,0,0,0.04671844555903657
25832,val,0,0,0.03762570104297763
25845,val,0,0,0.04648569238542434
25849,val,0,0,0.11925939423632904
25852,val,0,0,0.06399133199321286
25881,val,0,0,0.09121192778286236
25896,val,0,0,0.24433764089749385
25902,val,0,0,0.25517534508426537
25906,val,0,0,0.06583336634425807
25917,val,0,0,0.04794945378988237
25918,val,0,0,0.017115333910913577
25925,val,0,0,0.02262825645350867
25941,val,0,0,0.054115869218062475
25942,val,0,0,0.0484357265668099
25948,val,0,0,0.2300093262705352
25951,val,0,0,0.07051877299434019
25958,val,0,0,0.0325456449358505
25962,val,0,0,0.05414325099810239
25968,val,0,0,0.09116975595680696
25974,val,0,0,0.23090310455284307
25986,val,0,0,0.04123404517106667
25989,val,0,0,0.04429850487051054
25997,val,0,0,0.29930791617506575
26013,val,0,0,0.14309727819764695
26019,val,0,0,0.15439674653416816
26043,val,0,0,0.138779657833245
26045,val,0,0,0.014273018908575229
26050,val,0,0,0.08771912685971572
26067,val,0,0,0.2801528816948974
26075,val,0,0,0.017964489784996884
26079,val,0,0,0.2639971967773219
26080,val,0,0,0.06738265141925663
26084,val,0,0,0.24419545100316065
26096,val,0,0,0.09261211375972223
26099,val,0,0,0.1112561464880433
26106,val,0,0,0.04329280777509455
26109,val,0,0,0.2176826887602555
26128,val,0,0,0.29284882365347376
26129,val,0,0,0.3244275367223309
26137,val,0,0,0.07432794510984742
26149,val,0,0,0.010258560162317245
26154,val,0,0,0.11901022642485745
26179,val,0,0,0.02186038479417022
26182,val,0,0,0.19121329847155116
26190,val,0,0,0.022462944717409603
26192,val,0,0,0.023901166915993814
26199,val,0,0,0.013122247938022595
26209,val,0,0,0.01987333844879915
26212,val,0,0,0.021602039665215084
26214,val,0,0,0.035352746245186556
26236,val,0,0,0.11879578096870819
26237,val,0,0,0.08136901087484141
26241,val,0,0,0.11914911580758951
26242,val,0,0,0.08733759540749952
26254,val,0,0,0.057246563662576355
26260,val,0,0,0.3165475086287983
26267,val,0,0,0.025943672356931725
26268,val,0,0,0.011119210022905527
26287,val,0,0,0.034346654990624996
26300,val,0,0,0.03173075246139665
26301,val,0,0,0.15993702811722688
26304,val,0,0,0.027121951478649087
26308,val,0,0,0.035416719174715144
26321,val,0,0,0.1133328521223896
26323,val,0,0,0.025970244779489
26324,val,0,0,0.07238384451723376
26331,val,0,0,0.2086877863266552
26335,val,0,0,0.04413719974899106
26336,val,0,0,0.0503220280214079
26337,val,0,0,0.04136077486190017
26340,val,0,0,0.20713632843685167
26341,val,0,0,0.008322295019083869
26343,val,0,0,0.0343870757876715
26350,val,0,0,0.09943089443432725
26357,val,0,0,0.020272483756212267
26358,val,0,0,0.045679694264884455
26368,val,0,0,0.04020260248115347
26370,val,0,0,0.10484716038558824
26374,val,0,0,0.05535580549673879
26384,val,0,0,0.08056078504803706
26390,val,0,0,0.05815670522488705
26405,val,0,0,0.0050875217897175615
26406,val,0,0,0.2625014484783482
26410,val,0,0,0.005148751666763245
26416,val,0,1,0.7466065149396373
26420,val,0,0,0.12389374484345164
26434,val,0,0,0.023454634464081397
26441,val,0,0,0.07285999387370341
26456,val,0,0,0.07746104409692305
26459,val,0,0,0.07130631367109176
26462,val,0,0,0.08705647184268679
26463,val,0,1,0.5723240453868587
26483,val,0,0,0.11609554920652175
26487,val,0,0,0.13625368679124872
26488,val,0,0,0.012419519822978353
26490,val,0,0,0.020345264817589605
26499,val,0,0,0.0160609813320027
26501,val,0,0,0.08847610089986317
26509,val,0,0,0.022274956757059358
26516,val,0,0,0.03654502095876658
26518,val,0,0,0.0568454453910558
26523,val,0,0,0.0816883361265671
26547,val,0,0,0.03514347779514869
26561,val,0,0,0.043429549903180126
26584,val,0,0,0.48104582878447205
26587,val,0,0,0.12404526846869302
26603,val,0,0,0.024656549150129974
26608,val,0,0,0.11616641962805281
26613,val,0,0,0.3666992736088653
26614,val,0,0,0.08934802896431374
26619,val,0,0,0.4281420403854377
26624,val,0,0,0.0635560238785384
26633,val,0,0,0.03219133630478726
26634,val,0,0,0.03297423877672224
26636,val,0,0,0.10435161061799486
26639,val,0,0,0.062133475226087025
26649,val,0,0,0.061676686450552014
26671,val,0,0,0.05605704786960659
26673,val,0,0,0.21465414746037303
26678,val,0,0,0.2156064749687736
26712,val,0,0,0.04229510828536604
26714,val,0,0,0.1236901526897278
26721,val,0,0,0.01856526586948031
26728,val,0,0,0.17661240287665358
26732,val,0,0,0.20056106734609447
26736,val,0,0,0.003961090959723744
26739,val,0,0,0.00875088848981232
26741,val,0,0,0.0591257383822725
26764,val,0,0,0.026966462988761115
26772,val,0,0,0.04475648818707661
26777,val,0,0,0.04934924228495384
26779,val,0,0,0.09785582341349067
26782,val,0,0,0.27956276315696654
26788,val,0,0,0.026048048037046936
26808,val,0,0,0.026523042970629
26826,val,0,0,0.09116399634638833
26836,val,0,0,0.09439152553340277
26838,val,0,0,0.04421999264859071
26843,val,0,0,0.10682627740910189
26858,val,0,0,0.05348647796414265
26861,val,0,0,0.031054215734476077
26864,val,0,0,0.2227846239470781
26865,val,0,0,0.08389197546873094
26878,val,0,0,0.2084463665972569
26884,val,0,0,0.13940605099725306
26903,val,0,0,0.01538947406214007
26906,val,0,0,0.05219206052842611
26908,val,0,0,0.03744002576928597
26916,val,0,0,0.02070972469343583
26917,val,0,0,0.009567013955302373
26930,val,0,0,0.13894440483375417
26941,val,0,0,0.022805996931098936
26942,val,0,0,0.1337031604486675
26951,val,0,0,0.08739530097685634
26959,val,0,0,0.011361291382588713
26962,val,0,0,0.010409285403738765
26965,val,0,0,0.011011628692989836
26975,val,0,0,0.04845927881604732
26990,val,0,0,0.024383526963613216
26993,val,0,0,0.13875278056601253
26998,val,0,0,0.04319909409752489
27003,val,0,0,0.008917964215931603
27004,val,0,0,0.1496333732119297
27007,val,0,0,0.30474385695457185
27021,val,0,0,0.018368719111887533
27033,val,0,0,0.13274776605007585
27034,val,0,0,0.14000151851002293
27040,val,0,0,0.01244421324053892
27054,val,0,0,0.0880304149363899
27055,val,0,0,0.024892743008910055
27063,val,0,0,0.011117933586293392
27078,val,0,0,0.03585123657097373
27083,val,0,0,0.4499877867567438
27097,val,0,0,0.014737970734102835
27118,val,0,0,0.009547159960822523
27125,val,0,0,0.14744423726041814
27127,val,0,0,0.019577902114710142
27132,val,0,0,0.1326658825756598
27135,val,0,0,0.09400972067534372
27137,val,0,0,0.01665192146928461
27138,val,0,0,0.06000573471356979
27151,val,0,0,0.046721249498129454
27152,val,0,0,0.15575888602066676
27155,val,0,0,0.008073234025102542
27159,val,0,0,0.01523863710657865
27164,val,0,0,0.028721500869168706
27167,val,0,0,0.07320711852165576
27168,val,0,0,0.0754721603440529
27169,val,0,0,0.021715407605721937
27172,val,0,0,0.27929595129880647
27178,val,0,0,0.05291833024131911
27183,val,0,0,0.4008576896262071
27185,val,0,0,0.039745991491237434
27196,val,0,0,0.017048439297780472
27198,val,0,0,0.06730243257289975
27205,val,0,0,0.08779549524914813
27211,val,0,0,0.16015657504178338
27221,val,0,0,0.44571646603401766
27231,val,0,0,0.07266051397850208
27232,val,0,0,0.02619881645456802
27240,val,0,0,0.050646653593988886
27253,val,0,0,0.007432913122416216
27259,val,0,0,0.05995822137793245
27260,val,0,0,0.016452828069780177
27261,val,0,0,0.018502270499410608
27269,val,0,0,0.06190889727383038
27272,val,0,0,0.02066457844697617
27275,val,0,0,0.12139696213367014
27307,val,0,0,0.023302510668252636
27309,val,0,0,0.06141098434851568
27318,val,0,0,0.06947666900812875
27325,val,0,0,0.03652619658753107
27356,val,0,0,0.09530764471618242
27359,val,0,0,0.1702887416559727
27379,val,0,0,0.03811441555888756
27387,val,0,0,0.07226489236089008
27393,val,0,0,0.14107511721073135
27396,val,0,0,0.18151936413988087
27398,val,0,0,0.015547022523884504
27404,val,0,0,0.34097738367728675
27423,val,0,0,0.04168091149955032
27431,val,0,0,0.03516987760924618
27432,val,0,0,0.15483056376691362
27436,val,0,0,0.04971648407213973
27439,val,0,0,0.2522165275604297
27441,val,0,0,0.03372917324959459
27444,val,0,0,0.17315565357489576
27446,val,0,0,0.04047628672208118
27447,val,0,0,0.03702907087494541
27450,val,0,0,0.048704918068069834
27456,val,0,0,0.043340627862478
27459,val,0,0,0.027517032532280848
27462,val,0,0,0.04948175536487635
27464,val,0,0,0.0244175495909934
27471,val,0,0,0.06320255502622131
27474,val,0,0,0.010975951235652034
27477,val,0,0,0.044421946743192046
27494,val,0,0,0.1006664853609597
27500,val,0,0,0.14929480698833936
27502,val,0,0,0.24716807352699827
27503,val,0,0,0.04244123635027366
27506,val,0,0,0.04044119816057137
27532,val,0,0,0.013691711941410105
27541,val,0,0,0.07721502620979419
27550,val,0,0,0.08487694683796498
27551,val,0,0,0.04565580316980509
27568,val,0,0,0.07716644523609761
27572,val,0,0,0.10002934233368366
27577,val,0,0,0.14460388776975455
27589,val,0,0,0.09738085523900547
27591,val,0,0,0.36354984988636274
27609,val,0,0,0.05792742404455422
27612,val,0,0,0.05228768552782237
27614,val,0,0,0.05990903559285765
27615,val,0,0,0.06268084610542696
27626,val,0,0,0.04397544494523105
27627,val,0,0,0.06818853064187154
27654,val,0,0,0.08771071456990047
27657,val,0,0,0.052476340569759396
27664,val,0,0,0.10125329814286012
27666,val,0,0,0.21858465167704633
27675,val,0,0,0.3075364784385286
27676,val,0,0,0.07379738618399272
27677,val,0,0,0.036442899955045606
27678,val,0,0,0.10554448648074381
27682,val,0,0,0.172244207792143
27695,val,0,0,0.015702964808549477
27700,val,0,0,0.008165184451999591
27702,val,0,0,0.024633102547979315
27703,val,0,0,0.03778854738219184
27707,val,0,0,0.05591339636280269
27711,val,0,0,0.08783624870172432
27712,val,0,0,0.06679322297176438
27722,val,0,0,0.028178278710360216
27723,val,0,0,0.04811103071275483
27724,val,0,0,0.07655411331644525
27741,val,0,0,0.015682942230234604
27742,val,0,0,0.019130344944835637
27757,val,0,0,0.03137861794452056
27769,val,0,0,0.04045468666484166
27776,val,0,0,0.15539376983150036
27795,val,0,0,0.011219924833296034
27799,val,0,0,0.055766098902443904
27815,val,0,0,0.02824060441797241
27819,val,0,0,0.027025434741499547
27820,val,0,0,0.011296126660852323
27823,val,0,0,0.020525167857742437
27824,val,0,0,0.07952566773133557
27847,val,0,0,0.05899349097103605
27855,val,0,0,0.007713067887196736
27861,val,0,0,0.20904610813534927
27862,val,0,0,0.08578443183052324
27865,val,0,0,0.10672586855953343
27886,val,0,0,0.03839274167775348
27895,val,0,0,0.007201165909872767
27896,val,0,0,0.027512891199621897
27897,val,0,0,0.03023090257845576
27898,val,0,0,0.02849670142532213
27904,val,0,0,0.047158097192738856
27919,val,0,0,0.04289346677521652
27928,val,0,0,0.14389152393524735
27942,val,0,0,0.014676766856974123
27944,val,0,0,0.033313277425996095
27950,val,0,0,0.009074565083619026
27952,val,0,0,0.28523117162091427
27954,val,0,0,0.04274661689039931
27959,val,0,0,0.0071940321048275776
27962,val,0,0,0.12956737650279943
27966,val,0,0,0.07744534826555755
27968,val,0,0,0.06809871538773848
27973,val,0,0,0.028064701257840743
27980,val,0,0,0.056733852047190454
27984,val,0,0,0.11591597543987966
27990,val,0,0,0.03697403214780394
27999,val,0,0,0.040124861139627085
28001,val,0,0,0.04771962139525199
28004,val,0,0,0.03210889818830863
28008,val,0,0,0.2099211717648881
28011,val,0,0,0.1870929925946682
28012,val,0,0,0.02134087637516334
28022,val,0,0,0.13807280228011398
28024,val,0,0,0.050422695445905726
28026,val,0,0,0.04474357407100343
28030,val,0,0,0.3068569798132865
28031,val,0,0,0.08577769117017331
28032,val,0,0,0.09004531151454709
28041,val,0,0,0.010586951321677416
28046,val,0,0,0.0676693033561713
28049,val,0,0,0.01182066200644275
28057,val,0,0,0.006760837598993939
28065,val,0,0,0.07174429760743666
28073,val,0,0,0.06706043533454963
28083,val,0,0,0.1029327065010675
28084,val,0,0,0.08398624411617445
28089,val,0,0,0.10689159421295072
28093,val,0,0,0.026412134012132483
28107,val,0,0,0.050505210128848066
28119,val,0,0,0.09108273772639118
28127,val,0,0,0.0560977135110347
28134,val,0,0,0.04277863379684262
28136,val,0,0,0.04514031847266039
28137,val,0,0,0.015859643280143214
28141,val,0,0,0.08245044282807247
28150,val,0,0,0.04585295296062356
28155,val,0,0,0.20948443869326658
28156,val,0,0,0.03684230608047868
28159,val,0,0,0.07532426737012733
28162,val,0,0,0.06783119667320027
28182,val,0,0,0.04774787256541769
28189,val,0,0,0.4980811818950334
28201,val,0,0,0.05085861570316271
28213,val,0,0,0.007543344152765166
28216,val,0,0,0.050838724094007526
28221,val,0,0,0.023123805253173528
28230,val,0,0,0.061004015458895416
28235,val,0,0,0.12915750071799753
28240,val,0,0,0.0751353606933372
28242,val,0,0,0.0973465730073318
28271,val,0,0,0.02468990253292035
28288,val,0,0,0.1393969256802152
28322,val,0,0,0.013463856593377484
28330,val,0,0,0.022531458383021778
28332,val,0,0,0.019822591495767445
28337,val,0,0,0.018355744704329848
28338,val,0,0,0.04108373521211692
28343,val,0,0,0.14910381831064362
28344,val,0,0,0.041919515480046556
28353,val,0,0,0.09787969024837263
28360,val,0,0,0.059872785751887446
28371,val,0,0,0.08341172870698796
28391,val,0,0,0.061444443330323624
28395,val,0,0,0.06221783950946348
28397,val,0,0,0.05863521127520749
28402,val,0,0,0.09258682960141637
28405,val,0,0,0.05399060868972515
28408,val,0,0,0.06087378152122155
28412,val,0,0,0.007817631337074027
28419,val,0,0,0.2891243849313218
28420,val,0,0,0.009328303796591502
28421,val,0,0,0.07431582415988623
28423,val,0,0,0.03378334156403691
28435,val,0,0,0.09191266755183523
28445,val,0,0,0.2977890792808691
28447,val,0,0,0.09932832517312226
28454,val,0,0,0.24043765042803145
28467,val,0,0,0.029657455245885953
28481,val,0,0,0.1311759593439382
28487,val,0,0,0.02139274732900758
28495,val,0,0,0.04359103263875207
28496,val,0,0,0.42883846872692477
28498,val,0,0,0.05818772483463605
28506,val,0,0,0.1943701250832877
28517,val,0,0,0.4036303899847724
28519,val,0,0,0.1564975379929539
28522,val,0,0,0.04461074722427215
28524,val,0,0,0.010871078935209985
28537,val,0,0,0.03624523573158295
28557,val,0,0,0.05975683452673293
28561,val,0,0,0.10099670241617724
28563,val,0,0,0.10853933171931102
28564,val,0,0,0.1785807192279479
28567,val,0,0,0.004044067105703965
28569,val,0,0,0.036841535982064876
28570,val,0,0,0.09246582615272657
28573,val,0,0,0.038015532799975674
28574,val,0,0,0.010883134383982852
28575,val,0,0,0.057643213519699726
28586,val,0,0,0.05132737434093926
28589,val,0,0,0.07408777517414962
28600,val,0,0,0.04981302332710125
28601,val,0,0,0.2328148926944127
28602,val,0,0,0.09612982999358836
28603,val,0,0,0.06696615529640142
28607,val,0,0,0.15834940200151743
28611,val,0,0,0.07115258860198584
28621,val,0,0,0.026703220087958956
28625,val,0,0,0.016607785626064124
28639,val,0,0,0.03131742036313176
28640,val,0,0,0.11415342955925102
28645,val,0,0,0.07112995314107119
28648,val,0,0,0.004266478332805271
28654,val,0,0,0.027522211073321964
28657,val,0,0,0.04372234343501467
28660,val,0,0,0.061650678558232634
28663,val,0,0,0.03749637993251228
28670,val,0,0,0.3583939421072699
28680,val,0,0,0.0017337049513739269
28682,val,0,0,0.05994211977169166
28683,val,0,0,0.0032553532302421915
28685,val,0,0,0.10275464727325284
28689,val,0,0,0.18066566507354012
28704,val,0,0,0.017081396211492367
28716,val,0,0,0.02771478185189041
28717,val,0,0,0.009951162598105334
28724,val,0,0,0.01817757404258969
28728,val,0,0,0.029447709792381514
28730,val,0,0,0.03390757380443926
28733,val,0,0,0.16476538613132022
28750,val,0,0,0.011116953250963794
28752,val,0,0,0.010787815175878896
28754,val,0,0,0.030067066432453656
28759,val,0,0,0.004107834087289237
28774,val,0,0,0.010110254619955617
28777,val,0,0,0.025353377015524484
28785,val,0,0,0.08244725240971261
28791,val,0,0,0.20365297259383836
28793,val,0,0,0.01808781472500499
28794,val,0,0,0.00847594921299652
28797,val,0,0,0.056218195573894916
28802,val,0,0,0.022565458887249937
28809,val,0,0,0.009630423371029739
28810,val,0,0,0.011737032503963785
28818,val,0,0,0.0172917751909759
28830,val,0,0,0.04217365434301548
28839,val,0,0,0.023091942011878988
28848,val,0,0,0.04160434746402885
28849,val,0,0,0.11383529121104324
28854,val,0,0,0.14597083360345017
28861,val,0,0,0.024721198034572886
28863,val,0,0,0.017092706351085982
28876,val,0,0,0.013732502280100027
28878,val,0,0,0.0060409970253445635
28891,val,0,0,0.041458934476427636
28893,val,0,0,0.17231552987148743
28894,val,0,0,0.0723611167843723
28899,val,0,0,0.022488710399921605
28901,val,0,0,0.010704000199860154
28914,val,0,0,0.030914100776653092
28922,val,0,0,0.032385563659104104
28925,val,0,0,0.018500205143358175
28928,val,0,0,0.028353000024193033
28932,val,0,0,0.015321875639043511
28933,val,0,0,0.0033904708490820274
28945,val,0,0,0.03942760409811722
28968,val,0,0,0.006758796756600088
28969,val,0,0,0.029138261665437017
28975,val,0,0,0.0287795860578142
28980,val,0,0,0.020384523469160806
28981,val,0,0,0.08479481765531217
28984,val,0,0,0.00969437660440609
28999,val,0,0,0.02803134897801082
29013,val,0,0,0.014539306688637985
29015,val,0,0,0.053838705538061825
29018,val,0,0,0.04865455271698908
29029,val,0,0,0.009398593942622735
29032,val,0,0,0.023210637582886214
29038,val,0,0,0.03901095996839078
29041,val,0,0,0.02554420043746826
29049,val,0,0,0.1065971969950961
29059,val,0,0,0.07555629064001007
29060,val,0,0,0.014166377567709172
29070,val,0,0,0.011091917511102339
29088,val,0,0,0.0033715103525440277
29101,val,0,0,0.0201968825021532
29107,val,0,0,0.05688031694931612
29108,val,0,0,0.008389637222855854
29122,val,0,0,0.3751677185723699
29127,val,0,0,0.05040052871009447
29138,val,0,0,0.191911004795764
29144,val,0,0,0.059190778569634464
29146,val,0,0,0.07824141119600224
29167,val,0,0,0.016277172275465445
29173,val,0,0,0.06557283183076294
29177,val,0,0,0.14851621881597327
29191,val,0,0,0.014444394247586612
29198,val,0,0,0.007600037009202239
29207,val,0,0,0.02341492136949589
29214,val,0,0,0.014371359492014625
29217,val,0,0,0.053729130618284715
29229,val,0,0,0.01100638910680956
29230,val,0,0,0.05854095577979968
29246,val,0,0,0.031142149215747473
29251,val,0,0,0.04725783493014665
29252,val,0,0,0.01212166396826162
29253,val,0,0,0.028518319419903137
29255,val,0,0,0.06040525708096572
29259,val,0,0,0.015756149727874653
29264,val,0,0,0.018081192112189674
29268,val,0,0,0.0267248099206439
29271,val,0,0,0.021873408133480998
29273,val,0,0,0.04390726689413187
29277,val,0,0,0.020895271756679636
29280,val,0,0,0.045191315836215794
29303,val,0,0,0.025756839412110804
29313,val,0,0,0.14604573510899188
29317,val,0,0,0.1877005957708929
29338,val,0,0,0.03931495313867302
29358,val,0,0,0.0772147652428976
29359,val,0,0,0.009014605761025066
29367,val,0,0,0.016137309800106137
29378,val,0,0,0.013648684487920571
29380,val,0,0,0.027612092024722902
29384,val,0,0,0.13329840052877934
29394,val,0,0,0.04823259816573867
29413,val,0,0,0.03431417682433396
29417,val,0,0,0.00970478905760279
29421,val,0,0,0.07348770363642113
29424,val,0,0,0.02525060859497208
29433,val,0,0,0.08593117890563186
29452,val,0,0,0.0645293537407541
29457,val,0,0,0.026576671321307966
29460,val,0,0,0.02151645991614657
29462,val,0,0,0.024627830832154782
29471,val,0,0,0.03369125523000354
29478,val,0,0,0.07634073233288895
29481,val,0,0,0.010237819593524685
29486,val,0,0,0.03282248454633317
29487,val,0,0,0.07276629989814483
29493,val,0,0,0.11176572263863696
29498,val,0,0,0.16632878853235075
29513,val,0,0,0.030230748160797995
29514,val,0,0,0.013914827209912281
29524,val,0,0,0.02417729014010611
29531,val,0,0,0.02227521409046721
29540,val,0,0,0.012428198962341139
29551,val,0,0,0.02447411990555406
29556,val,0,0,0.08954870561830132
29557,val,0,0,0.011063813641759098
29558,val,0,0,0.043601624912427764
29560,val,0,0,0.020931176815761468
29563,val,0,0,0.007249360820310927
29564,val,0,0,0.05335798283633884
29565,val,0,0,0.014788871158628196
29578,val,0,0,0.0942698443125982
29581,val,0,0,0.29991700044119446
29583,val,0,0,0.036842945039909376
29584,val,0,0,0.0555924965573933
29596,val,0,0,0.04285847764271097
29614,val,0,0,0.00906521692433752
29617,val,0,0,0.015840733961302967
29620,val,0,0,0.1655419570504197
29632,val,0,0,0.005622527470515336
29638,val,0,0,0.0938657968746983
29648,val,0,0,0.08263186425022376
29653,val,0,0,0.05160291841016098
29677,val,0,0,0.02046860484273079
29678,val,0,0,0.011564736914488422
29686,val,0,0,0.006505475048221781
29688,val,0,0,0.020614631023877127
29696,val,0,0,0.021766014601767372
29718,val,0,0,0.030899052910408568
29722,val,0,0,0.03242801368434947
29725,val,0,0,0.011284948096791224
29730,val,0,0,0.021506707329820532
29731,val,0,0,0.019596399168567386
29734,val,0,0,0.014616325531347178
29735,val,0,0,0.07166832893534565
29740,val,0,0,0.022167329328131334
29741,val,0,0,0.011417047679554444
29753,val,0,0,0.29072742823017456
29757,val,0,0,0.012482963509930976
29760,val,0,0,0.032913150003343696
29766,val,0,0,0.008656578411942176
29768,val,0,0,0.043541249195870754
29782,val,0,0,0.01751892967920226
29795,val,0,0,0.02979340277046784
29804,val,0,0,0.06149837925703184
29810,val,0,0,0.009121013300236368
29826,val,0,0,0.053695437175542655
29833,val,0,0,0.027247391866329705
29841,val,0,0,0.06336305154592418
29852,val,0,0,0.021672959312765624
29857,val,0,0,0.04479322971612847
29861,val,0,0,0.024382962898180097
29862,val,0,0,0.12271131525846542
29865,val,0,0,0.034786011869240456
29868,val,0,0,0.04911353896696025
29878,val,0,0,0.051952505490481755
29881,val,0,0,0.1016799697531496
29882,val,0,0,0.011654448189714908
29889,val,0,0,0.044419844235701715
29896,val,0,0,0.01129417976329052
29897,val,0,0,0.003606919328919192
29919,val,0,0,0.030597123473415817
29921,val,0,0,0.03221752372520424
29923,val,0,0,0.05980935413994021
29926,val,0,0,0.016004046189135732
29936,val,0,0,0.025308564646778824
29951,val,0,0,0.008986747588006713
29967,val,0,0,0.014586373865724851
29970,val,0,0,0.04829113059455221
29975,val,0,0,0.009642458908506823
29985,val,0,0,0.030293869749570913
29997,val,0,0,0.02970314322343968
30002,val,0,0,0.002353038915660698
30004,val,0,0,0.19753086775772288
30005,val,0,0,0.028163267195076964
30009,val,0,0,0.01655490348431376
30020,val,0,0,0.020917981154322578
30025,val,0,0,0.016536139357716476
30029,val,0,0,0.008748651096729197
30044,val,0,0,0.1107790240284017
30045,val,0,0,0.011783604261109522
30050,val,0,0,0.16333679671205395
30070,val,0,0,0.05284589254058736
30073,val,0,0,0.04835760148144425
30074,val,0,0,0.03786637046944407
30077,val,0,0,0.0247002506096408
30080,val,0,0,0.026302329675477847
30081,val,0,0,0.05237906582000552
30095,val,0,0,0.027629019287254288
30106,val,0,0,0.011247451094649426
30111,val,0,0,0.004302265591314043
30116,val,0,0,0.017534869841584158
30124,val,0,0,0.0148161281485303
30125,val,0,0,0.016272378548929788
30126,val,0,0,0.05119763929211621
30128,val,0,0,0.035186432967856646
30158,val,0,0,0.028926538468506614
30169,val,0,0,0.08087515650786192
30173,val,0,0,0.012187174167621502
30180,val,0,0,0.008441822345044024
30184,val,0,0,0.014898757404421054
30186,val,0,0,0.10579693750369114
30195,val,0,0,0.024540851274431934
30197,val,0,0,0.01564903197333071
30201,val,0,0,0.013572762607036482
30203,val,0,0,0.004529048409869908
30207,val,0,0,0.14412606383204274
30215,val,0,0,0.017140188339704193
30216,val,0,0,0.05190425001148835
30221,val,0,0,0.056183940324056256
30222,val,0,0,0.022670646596863648
30242,val,0,0,0.026715498192213343
30246,val,0,0,0.03490807955416069
30248,val,0,0,0.4888078423281506
30250,val,0,0,0.05902461801847556
30256,val,0,0,0.0896891259510232
30257,val,0,0,0.015703555209768627
30282,val,0,0,0.024678404679856932
30287,val,0,0,0.23605983545255896
30292,val,0,0,0.02494580097732075
30308,val,0,0,0.04385183471133838
30311,val,0,0,0.2604494679891563
30314,val,0,0,0.08732586164140602
30315,val,0,0,0.14294223873993442
30320,val,0,0,0.025990358418386456
30321,val,0,0,0.03706551432080831
30334,val,0,0,0.02460895950431172
30343,val,0,0,0.06077760113534617
30345,val,0,0,0.07002991783459009
30363,val,0,0,0.011601236616448433
30366,val,0,0,0.06589387236937433
30373,val,0,0,0.0105137481605091
30375,val,0,0,0.015802193377691474
30379,val,0,0,0.05807295778032697
30397,val,0,0,0.028051353420010753
30398,val,0,0,0.021143938683019198
30413,val,0,0,0.012993729101856413
30437,val,0,0,0.02558451730271151
30440,val,0,0,0.0393068029560344
30441,val,0,0,0.03741397764942932
30447,val,0,0,0.014355827400687913
30467,val,0,0,0.08683706802435431
30472,val,0,0,0.07327855628946116
30480,val,0,0,0.005535555406247729
30490,val,0,0,0.027102629170727414
30494,val,0,0,0.08625422695631547
30495,val,0,0,0.023200216441610282
30502,val,0,0,0.032339725447782214
30504,val,0,0,0.03995260047835229
30521,val,0,0,0.03282223791546946
30527,val,0,0,0.11902226878362218
30551,val,0,0,0.013143502719035275
30573,val,0,0,0.05871493436989223
30574,val,0,0,0.02752033683599753
30589,val,0,0,0.04861813251181751
30593,val,0,0,0.012119972091527416
30598,val,0,0,0.024970074620037967
30599,val,0,0,0.043759763807851106
30609,val,0,0,0.02331280041736368
30618,val,0,0,0.10966527207562135
30620,val,0,0,0.014394621194401417
30625,val,0,0,0.006233976151613179
30626,val,0,0,0.03636182824394199
30637,val,0,0,0.05057135163448053
30654,val,0,0,0.016269609796133382
30660,val,0,0,0.06339811422712836
30668,val,0,0,0.03982330283017448
30675,val,0,0,0.030814391763839474
30680,val,0,0,0.03261793088828839
30688,val,0,0,0.01590593550925284
30693,val,0,0,0.05861327690001368
30696,val,0,0,0.014501564066308984
30697,val,0,0,0.010028768014022907
30704,val,0,0,0.09301651013843129
30707,val,0,0,0.019049688534572413
30708,val,0,0,0.07324515919833935
30709,val,0,0,0.007116274431850441
30710,val,0,0,0.011158518560748707
30712,val,0,0,0.015031294262350925
30713,val,0,0,0.20606842736443198
30716,val,0,0,0.08717133153459762
30718,val,0,0,0.04910009940802211
30732,val,0,0,0.03758622693859314
30737,val,0,0,0.017336361512164215
30746,val,0,0,0.08024124016545209
30749,val,0,0,0.08047491016123086
30762,val,0,0,0.06635201196458182
30768,val,0,0,0.07454086968594589
30782,val,0,0,0.030604596656190846
30787,val,0,0,0.03823276185126076
30789,val,0,0,0.09807433998946469
30795,val,0,0,0.02121242539364658
30797,val,0,0,0.10595981908489846
30805,val,0,0,0.043253285620625796
30808,val,0,0,0.010731301599555517
30810,val,0,0,0.024171067615625718
30812,val,0,0,0.02484961778267352
30816,val,0,0,0.01658850475926762
30819,val,0,0,0.005664465913374938
30820,val,0,0,0.032421015937395936
30826,val,0,0,0.011613041680207065
30835,val,0,0,0.04227730683325515
30837,val,0,0,0.01297126270133274
30839,val,0,0,0.08636163365086161
30842,val,0,0,0.14703522232821314
30843,val,0,0,0.01741353433146378
30845,val,0,0,0.0976328140888196
30865,val,0,0,0.020124477126961228
30867,val,0,0,0.127999216250342
30869,val,0,0,0.025212449263641207
30873,val,0,0,0.05384306025877777
30875,val,0,0,0.06459723996261725
30891,val,0,0,0.06830203385680524
30911,val,0,0,0.012162121625902945
30912,val,0,0,0.01752205166995426
30919,val,0,0,0.009395229328919138
30921,val,0,0,0.052554070164113634
30923,val,0,0,0.02175414211065464
30925,val,0,0,0.03844709297974665
30934,val,0,0,0.07473611008806076
30955,val,0,0,0.023069806101831934
30966,val,0,0,0.03539743574177609
30975,val,0,0,0.02463777861274053
30976,val,0,0,0.06950729011573255
30977,val,0,0,0.20578933299707117
30980,val,0,0,0.1986322618409383
30989,val,0,0,0.021053788199821066
30992,val,0,0,0.011369658681064978
31005,val,0,0,0.08168881640129973
31009,val,0,1,0.6485529969884459
31010,val,0,0,0.14233216832897289
31014,val,0,0,0.022480925399451405
31015,val,0,0,0.01641620479445953
31022,val,0,0,0.03095306130095959
31028,val,0,0,0.026954387307906832
31030,val,0,0,0.010345146907921723
31038,val,0,0,0.041469796634179795
31055,val,0,0,0.02083997225929361
31056,val,0,0,0.015601028907951722
31057,val,0,0,0.015510770212640435
31061,val,0,0,0.018932377607111535
31069,val,0,0,0.011607445201788408
31078,val,0,0,0.04392852226370948
31086,val,0,0,0.0545679831498023
31088,val,0,0,0.07436575603576248
31093,val,0,0,0.09373222026996501
31095,val,0,0,0.015679116696673236
31101,val,0,0,0.09870138836780355
31103,val,0,0,0.010666753862436458
31111,val,0,0,0.04266318708504769
31112,val,0,0,0.007497907912525601
31121,val,0,0,0.021416668352747036
31125,val,0,0,0.019486291659269572
31143,val,0,0,0.009200922356726326
31145,val,0,0,0.12286181160211476
31146,val,0,0,0.06520165365754356
31153,val,0,0,0.02389146489969854
31158,val,0,0,0.023513224631962728
31160,val,0,0,0.07495287205929019
31174,val,0,0,0.10175739041517926
31176,val,0,0,0.013766996782456164
31178,val,0,0,0.01201711836136877
31185,val,0,0,0.016205610199400193
31194,val,0,0,0.0743552013152837
31201,val,0,0,0.17854941752059536
31223,val,0,0,0.10098575697216934
31228,val,0,0,0.015987739649572032
31230,val,0,0,0.016283229862074904
31245,val,0,0,0.07066441501734506
31246,val,0,0,0.03736421332416851
31258,val,0,0,0.023679826145561786
31261,val,0,0,0.02332085393264091
31275,val,0,0,0.029237857512610047
31282,val,0,0,0.1283029147410951
31288,val,0,0,0.0529061560521908
31306,val,0,0,0.0283272934752701
31343,val,0,0,0.04172536018844412
31353,val,0,0,0.019976104782924966
31356,val,0,0,0.0037919468620945334
31361,val,0,0,0.021121209249015838
31363,val,0,0,0.02123086598262987
31367,val,0,0,0.011153182603018822
31370,val,0,0,0.022491933314284916
31386,val,0,0,0.07761944215949525
31400,val,0,0,0.19148552644166048
31401,val,0,0,0.061967974718281076
31442,val,0,0,0.05670628221670772
31444,val,0,0,0.07008368013566402
31452,val,0,0,0.032243841408288114
31454,val,0,0,0.1247658331136177
31466,val,0,0,0.012939628722534848
31478,val,0,0,0.018290274483221222
31482,val,0,0,0.11310754783360351
31489,val,0,0,0.017772085793142833
31507,val,0,0,0.03718033975552497
31508,val,0,0,0.07936702154050017
31509,val,0,0,0.17912548190412148
31510,val,0,0,0.010719412226851766
31520,val,0,0,0.026348344391054917
31528,val,0,0,0.03301253630834328
31538,val,0,0,0.01949343581657907
31542,val,0,0,0.005964742656396072
31546,val,0,0,0.023973353904248065
31547,val,0,0,0.008089746392813558
31555,val,0,0,0.00741531360615474
31560,val,0,0,0.04046966677888188
31563,val,0,0,0.025099364741634884
31566,val,0,0,0.04307759531720184
31571,val,0,0,0.0024630037120780615
31587,val,0,0,0.02311756690196493
31606,val,0,0,0.019273976474681945
31607,val,0,0,0.04654034415665637
31608,val,0,0,0.07763918735480117
31616,val,0,0,0.04655892059923141
31619,val,0,0,0.016211284597515453
31622,val,0,0,0.021608720581784643
31629,val,0,0,0.013702797281705351
31631,val,0,0,0.130504768637031
31635,val,0,0,0.04352730163472064
31642,val,0,0,0.0022581139050843113
31663,val,0,0,0.0391394894487232
31666,val,0,0,0.031294445664011517
31670,val,0,0,0.15294337100487337
31682,val,0,0,0.053326754995312066
31693,val,0,0,0.07726367275264932
31695,val,0,0,0.015840137573269342
31703,val,0,0,0.13214086431102207
31705,val,0,0,0.04410229823467946
31710,val,0,0,0.10000879866478443
31722,val,0,0,0.012299474501762836
31726,val,0,0,0.024404260626190957
31731,val,0,0,0.006843011819991445
31732,val,0,0,0.067979869824262
31733,val,0,0,0.027327268344298477
31734,val,0,0,0.2738301808349072
31736,val,0,0,0.011171336208841533
31739,val,0,0,0.0312882437994415
31741,val,0,0,0.005566619828399899
31771,val,0,0,0.04291795105855516
31788,val,0,0,0.11342051801575305
31795,val,0,0,0.019702191220550867
31800,val,0,0,0.054716574302399804
31801,val,0,0,0.023062664971363632
31803,val,0,0,0.007298229098946283
31817,val,0,0,0.039107123993576944
31821,val,0,0,0.023350819653508242
31822,val,0,0,0.029588553682756435
31825,val,0,0,0.029312424627941508
31838,val,0,0,0.04373095197715775
31839,val,0,0,0.03915388938842224
31852,val,0,0,0.0051223783740565534
31853,val,0,0,0.034039977618151425
31873,val,0,0,0.055137834997216535
31877,val,0,0,0.10784628162844657
31882,val,0,0,0.019053998820023427
31894,val,0,0,0.012939368257821977
31897,val,0,0,0.013023557202349784
31902,val,0,0,0.01966018181509486
31903,val,0,0,0.26621941267429944
31904,val,0,0,0.01016151040918058
31906,val,0,0,0.02786040478096835
31909,val,0,0,0.010185377453143725
31910,val,0,0,0.0619022151410735
31920,val,0,0,0.030254407960823484
31922,val,0,0,0.014868177832475772
31948,val,0,0,0.06150689875623567
31961,val,0,0,0.05476503203773479
31962,val,0,0,0.012195519338282144
31972,val,0,0,0.013678883956945704
31976,val,0,0,0.034023453187254346
31980,val,0,0,0.051106453463333854
31986,val,0,0,0.2109998314407606
31994,val,0,0,0.05175660989451205
32007,val,0,0,0.10395442073317407
32009,val,0,0,0.05551353344150045
32017,val,0,0,0.03636021583921507
32025,val,0,0,0.010055261445650584
32041,val,0,0,0.09316277619417435
32059,val,0,0,0.025917693908583533
32068,val,0,1,0.6235880445708536
32080,val,0,0,0.01346222625634251
32082,val,0,0,0.09639324316035795
32083,val,0,0,0.07741155976255865
32086,val,0,0,0.008124233081694038
32090,val,0,0,0.06361193521974945
32108,val,0,0,0.02908608932503352
32114,val,0,0,0.02528477590583704
32117,val,0,0,0.02540499610500588
32121,val,0,0,0.029000964432436993
32122,val,0,0,0.013403572908154228
32125,val,0,0,0.02125520483562847
32130,val,0,0,0.01499838646165135
32135,val,0,0,0.031374602591736495
32136,val,0,0,0.06642058330072938
32139,val,0,0,0.022855614601769544
32163,val,0,0,0.0392104227717758
32179,val,0,0,0.022566340178155654
32197,val,0,0,0.012361953018701312
32201,val,0,0,0.07530363524620051
32211,val,0,0,0.10672200215713082
32215,val,0,0,0.04898503425415552
32219,val,0,0,0.018505886506963675
32243,val,0,0,0.009796990576134043
32246,val,0,0,0.09489213961896027
32253,val,0,0,0.01607464891772229
32255,val,0,0,0.006991669930953379
32270,val,0,0,0.02522438829057447
32273,val,0,0,0.10021370070869756
32276,val,0,0,0.019309153397969802
32283,val,0,0,0.04839609462783781
32294,val,0,0,0.10162760737872134
32297,val,0,0,0.03236020449175932
32299,val,0,0,0.16145131669912824
32301,val,0,0,0.10959673244950248
32303,val,0,0,0.0636934687982379
32305,val,0,0,0.019087111204851404
32308,val,0,0,0.034212341862427276
32309,val,0,0,0.02310557490018234
32312,val,0,0,0.08149042180706258
32316,val,0,0,0.017333350247536936
32324,val,0,0,0.010027814497213043
32325,val,0,0,0.2510273710208826
32327,val,0,0,0.033540055044757884
32333,val,0,0,0.07243432923341685
32336,val,0,0,0.07356423310716913
32343,val,0,0,0.024392966455789797
32354,val,0,0,0.008523450361114114
32359,val,0,0,0.007335798421780747
32361,val,0,0,0.3156811579587799
32366,val,0,0,0.02221655023315301
32379,val,0,0,0.012948581289076442
32380,val,0,0,0.008632711645985856
32397,val,0,0,0.047026023702870186
32408,val,0,1,0.5734493002605088
32415,val,0,0,0.009952933515274041
32420,val,0,0,0.026663706759753467
32427,val,0,0,0.015405237944675751
32435,val,0,0,0.0315217647263831
32437,val,0,0,0.027510198123860796
32441,val,0,0,0.058256457354039094
32450,val,0,0,0.042522437424367066
32451,val,0,0,0.10515924830634735
32456,val,0,0,0.023313177279431944
32464,val,0,0,0.01953266040024333
32467,val,0,0,0.027808400182876815
32470,val,0,0,0.03490028925638356
32474,val,0,0,0.2143472232278874
32478,val,0,0,0.02296111617610105
32487,val,0,0,0.06507782138473413
32490,val,0,0,0.034479072091297046
32491,val,0,0,0.03054045352995951
32493,val,0,0,0.02831959732340805
32510,val,0,0,0.06810993026283636
32523,val,0,0,0.01682368912262232
32526,val,0,0,0.02315432928518956
32534,val,0,0,0.05280044716072352
32543,val,0,0,0.04593790936494832
32546,val,0,0,0.1910105371381691
32551,val,0,0,0.11514133055255785
32558,val,0,0,0.0031045403753190877
32570,val,0,0,0.01315473064747354
32577,val,0,0,0.03761459716299649
32578,val,0,0,0.0208961875638818
32587,val,0,0,0.03212552528466899
32590,val,0,0,0.07629712205380829
32598,val,0,0,0.01209483994815105
32602,val,0,0,0.02974506321189774
32609,val,0,0,0.02657222942103174
32614,val,0,0,0.009201598988743087
32618,val,0,0,0.0450975231479068
32620,val,0,0,0.008030154431030175
32621,val,0,0,0.00908442290265298
32622,val,0,0,0.034415574220757764
32626,val,0,0,0.028940353382413807
32629,val,0,0,0.02685099394785219
32632,val,0,0,0.04561601175743977
32633,val,0,0,0.013139163992782569
32636,val,0,0,0.020706750790829665
32639,val,0,0,0.022320628077288136
32648,val,0,0,0.21364548518701676
32659,val,0,0,0.001776201524491776
32671,val,0,0,0.01633759772938115
32682,val,0,0,0.2078121553665005
32687,val,0,0,0.008494103779209252
32693,val,0,0,0.014304089528040182
32701,val,0,0,0.04552672805462843
32703,val,0,0,0.021758296907595908
32708,val,0,0,0.10711013056708457
32709,val,0,0,0.012060951072766262
32711,val,0,0,0.005857733064884357
32717,val,0,0,0.026262848486927882
32719,val,0,0,0.018002045829948465
32741,val,0,0,0.04236255108352702
32753,val,0,0,0.01465273708060795
32756,val,0,0,0.02160734614417232
32758,val,0,0,0.045871463694488745
32772,val,0,0,0.008868715105042493
32784,val,0,0,0.030979433405648123
32785,val,0,0,0.02902843942135936
32788,val,0,0,0.052417733543724
32790,val,0,0,0.09941323471105322
32794,val,0,0,0.013507604148588025
32797,val,0,0,0.040097849768877473
32801,val,0,0,0.017652534788083672
32817,val,0,0,0.028793894488357837
32823,val,0,0,0.01423313686254842
32837,val,0,0,0.009184480871611025
32839,val,0,0,0.08264108883579703
32843,val,0,0,0.02612747659257481
32853,val,0,0,0.0637978029390195
32857,val,0,0,0.05101150948085494
32866,val,0,0,0.020536760076714112
32867,val,0,0,0.09594544147528866
32869,val,0,0,0.0127629573740365
32870,val,0,0,0.023366458431135124
32873,val,0,0,0.0657027336266604
32875,val,0,0,0.013332012777644339
32881,val,0,0,0.025433749388560096
32888,val,0,0,0.02648078647448482
32889,val,0,0,0.013264201668422954
32899,val,0,0,0.004919422458275518
32900,val,0,0,0.029716384191771222
32903,val,0,0,0.049877304485858635
32914,val,0,0,0.013839103317838206
32918,val,0,0,0.015699422567218173
32920,val,0,0,0.025073147452247722
32921,val,0,0,0.005516457713406032
32927,val,0,0,0.02707871107958883
32930,val,0,0,0.05012041145980418
32934,val,0,0,0.0070434788940945525
32935,val,0,0,0.02130050370680296
32945,val,0,0,0.041820673505691734
32952,val,0,0,0.05190599012886198
32954,val,0,0,0.030705039611724976
32962,val,0,0,0.04100935871924934
32969,val,0,0,0.07959900227587902
32990,val,0,0,0.06550325205161113
32991,val,0,0,0.04197585855390432
32996,val,0,0,0.01845481321697802
33002,val,0,0,0.020022672032526213
33003,val,0,0,0.07475064139848579
33015,val,0,0,0.08760296931704825
33043,val,0,0,0.01557420565326633
33050,val,0,0,0.07333107179959104
33060,val,0,0,0.007104833375101044
33064,val,0,0,0.005934356609691739
33066,val,0,0,0.04809262928435185
33072,val,0,0,0.013264653674561472
33083,val,0,1,0.938002078175107
33085,val,0,0,0.1297160275501581
33094,val,0,0,0.031992741743934766
33095,val,0,0,0.03288435908983701
33119,val,0,0,0.010309932232701017
33122,val,0,0,0.025233128483392642
33125,val,0,0,0.0031972566728919213
33130,val,0,0,0.05998812587790212
33143,val,0,0,0.008302845175461595
33144,val,0,0,0.03493154438745476
33155,val,0,0,0.2241258197485439
33184,val,0,0,0.010854001569983366
33186,val,0,0,0.019099149097271336
33197,val,0,0,0.012350579478276278
33200,val,0,0,0.0291534816840705
33207,val,0,0,0.006860976345256415
33228,val,0,0,0.05775187472419486
33247,val,0,0,0.004686095051213966
33251,val,0,0,0.015359637769711278
33255,val,0,0,0.0020659890237083663
33260,val,0,0,0.005967819389337896
33280,val,0,0,0.028828230294951736
33299,val,0,0,0.012304468678680435
33321,val,0,0,0.02411992369605869
33326,val,0,0,0.0018655053699203699
33338,val,0,0,0.046514972085185256
33376,val,0,0,0.01726986781735994
33379,val,0,0,0.18131565102734326
33380,val,0,0,0.029531985557555214
33387,val,0,0,0.010688314563262562
33392,val,0,0,0.011073730757846827
33407,val,0,0,0.0157597681146548
33410,val,0,0,0.08875964808322835
33416,val,0,0,0.009577474147314363
33419,val,0,0,0.027140581105209317
33423,val,0,0,0.07861692238221327
33425,val,0,0,0.0029441468670838955
33429,val,0,0,0.05295799827403873
33445,val,0,0,0.03075595192531788
33450,val,0,0,0.1314907374350142
33453,val,0,0,0.04756421155865949
33454,val,0,0,0.013911027696596202
33455,val,0,0,0.027145830187532628
33456,val,0,0,0.04459041234437444
33461,val,0,0,0.01565618667942002
33469,val,0,0,0.03986229189866882
33472,val,0,0,0.041219386149091604
33476,val,0,0,0.01606310174717205
33477,val,0,0,0.08026485175252372
33486,val,0,0,0.011738935295510846
33510,val,0,0,0.05160032397180391
33511,val,0,0,0.0355549372289233
33519,val,0,0,0.067585079544942
33520,val,0,0,0.25331100455448163
33534,val,0,0,0.036553273204684066
33562,val,0,0,0.053810141223309405
33566,val,0,0,0.009084993067079656
33568,val,0,0,0.011897962270334085
33573,val,0,0,0.042729072989257974
33579,val,0,0,0.133840166456097
33580,val,0,0,0.012193699868414445
33581,val,0,0,0.07558873959419048
33582,val,0,0,0.04910576297635765
33590,val,0,0,0.012650926062956728
33598,val,0,0,0.046589534909566736
33602,val,0,0,0.034800807265798504
33612,val,0,0,0.19616539263629976
33614,val,0,0,0.025554226179236077
33617,val,0,0,0.0328503373840552
33619,val,0,0,0.16010725579162347
33635,val,0,0,0.0072145186336080806
33649,val,0,0,0.018435223803984668
33652,val,0,0,0.030597709886981714
33657,val,0,0,0.05175715879010215
33661,val,0,0,0.02860561324654115
33662,val,0,0,0.08328437520752716
33663,val,0,0,0.04505254477024659
33664,val,0,0,0.10219529529977475
33680,val,0,0,0.014654008548037022
33685,val,0,0,0.009922684354361255
33690,val,0,0,0.024006925425085285
33706,val,0,0,0.011780801090471589
33719,val,0,0,0.013582367020695993
33723,val,0,0,0.21048773957459002
33726,val,0,0,0.021536691597941072
33729,val,0,0,0.08218478349070593
33733,val,0,0,0.019297505754790188
33735,val,0,0,0.01733780217472298
33736,val,0,0,0.004602010969883466
33740,val,0,0,0.004250295280127846
33745,val,0,0,0.008575562066323627
33748,val,0,0,0.02543828317287322
33764,val,0,0,0.07274719459423876
33767,val,0,0,0.02282870441836189
33769,val,0,0,0.019304425188933903
33771,val,0,0,0.05804162446851086
33774,val,0,0,0.029961908528727137
33779,val,0,0,0.043532176501480106
33780,val,0,0,0.029073498999415096
33787,val,0,0,0.047146258796507655
33790,val,0,0,0.015396324308365605
33798,val,0,0,0.026336230381315707
33802,val,0,0,0.01669853226892806
33806,val,0,0,0.029412849580849974
33809,val,0,0,0.024345768030626182
33819,val,0,0,0.005897675516662052
33821,val,0,0,0.03668008562408866
33826,val,0,0,0.0669057425087902
33827,val,0,0,0.017275927249391632
33842,val,0,0,0.0638565625238233
33844,val,0,0,0.00787676917618523
33847,val,0,0,0.018121899318603647
33856,val,0,0,0.033891190561350336
33858,val,0,0,0.028474481473138417
33862,val,0,0,0.016853688055609075
33863,val,0,0,0.004543569554253804
33864,val,0,0,0.012794767399847081
33869,val,0,0,0.05717961823128952
33873,val,0,0,0.05700862477184824
33878,val,0,0,0.010306894815600383
33882,val,0,0,0.035461625340277414
33897,val,0,0,0.07604975080721922
33902,val,0,0,0.019476431272340555
33905,val,0,0,0.12037071784163664
33906,val,0,0,0.05331363180785533
33913,val,0,0,0.20365818624497697
33916,val,0,0,0.02686800204433389
33921,val,0,0,0.0352695002110037
33924,val,0,0,0.04982281872422926
33925,val,0,0,0.036509637566600174
33926,val,0,0,0.011657777844737233
33927,val,0,0,0.03287716230160201
33928,val,0,0,0.4869289541149965
33944,val,0,0,0.027700144668089833
33956,val,0,0,0.029386850718239817
33959,val,0,0,0.020021255085057532
33969,val,0,0,0.02545074898140611
33971,val,0,0,0.019911674413627397
33983,val,0,0,0.03868507006766425
33988,val,0,0,0.010013985195442316
33994,val,0,0,0.022787581132241264
34011,val,0,0,0.025683418853140957
34015,val,0,0,0.05653667564296646
34020,val,0,0,0.05777239397671532
34022,val,0,0,0.018159563829196784
34031,val,0,0,0.03626917667955898
34036,val,0,0,0.011261992651593123
34044,val,0,0,0.06012262825235781
34047,val,0,0,0.008207420676670537
34060,val,0,0,0.013069366995116303
34068,val,0,0,0.0058952459782100316
34078,val,0,0,0.0468601737281031
34082,val,0,0,0.020873219270130163
34084,val,0,0,0.03827832883088169
34087,val,0,0,0.023386645850549757
34089,val,0,0,0.09181928131439973
34090,val,0,0,0.020069542114206966
34097,val,0,0,0.01930971275671909
34101,val,0,0,0.015182396217253855
34102,val,0,0,0.08261768359222278
34110,val,0,0,0.02301114664692059
34111,val,0,0,0.3645654953095259
34120,val,0,0,0.1742675261388159
34125,val,0,0,0.09937403894279294
34127,val,0,0,0.026793560983406173
34128,val,0,0,0.0208239505747174
34131,val,0,0,0.028024604137939613
34134,val,0,0,0.00892127116621493
34139,val,0,0,0.09757318403959458
34146,val,0,0,0.07399985307521197
34156,val,0,0,0.11561654995234402
34163,val,0,0,0.09796826676403453
34167,val,0,0,0.12179406448753255
34179,val,0,0,0.023204261878860495
34180,val,0,0,0.019921759977167816
34196,val,0,0,0.00680677720474955
34208,val,0,0,0.019260639276616035
34211,val,0,0,0.016520387002494606
34212,val,0,0,0.01860950790396221
34213,val,0,0,0.025035599957864137
34214,val,0,0,0.012490103189274753
34216,val,0,0,0.23525784038849573
34222,val,0,0,0.013617281278245545
34223,val,0,0,0.049962887274344316
34231,val,0,0,0.04855616983591824
34244,val,0,0,0.06774105925425643
34245,val,0,0,0.03652718663338398
34261,val,0,0,0.01733770561808472
34262,val,0,0,0.034155010551343803
34271,val,0,0,0.008605409778976605
34279,val,0,0,0.011547234790243983
34300,val,0,0,0.038387212812103465
34303,val,0,0,0.008944386506503862
34314,val,0,0,0.02464445156426377
34319,val,0,0,0.010975285819529113
34335,val,0,0,0.02782397918098316
34339,val,0,0,0.021184852366125207
34347,val,0,0,0.00930653133269043
34355,val,0,0,0.01774110052328719
34367,val,0,0,0.39586898043060076
34376,val,0,0,0.02435350877383499
34385,val,0,0,0.06795656479881004
34386,val,0,0,0.08453194203735839
34390,val,0,0,0.009069861859543123
34403,val,0,0,0.044829888455307394
34407,val,0,1,0.5810247368638637
34414,val,0,0,0.23776557045120197
34417,val,0,0,0.020783890920026186
34435,val,0,0,0.026963018319605576
34437,val,0,0,0.037287918892142474
34446,val,0,0,0.03456376643250603
34447,val,0,0,0.009334555918551268
34449,val,0,0,0.08807336300729952
34456,val,0,0,0.017693552167842484
34458,val,0,0,0.0306897505430181
34462,val,0,0,0.023485370265165447
34471,val,0,0,0.06015995717036298
34472,val,0,0,0.048532723744424584
34473,val,0,0,0.007213077696528833
34478,val,0,0,0.05086721524590124
34486,val,0,0,0.02722175750190738
34492,val,0,0,0.010814732820055191
34502,val,0,1,0.7271912062332336
34506,val,0,0,0.28189737844286683
34509,val,0,0,0.08593933155101668
34519,val,0,0,0.016114094937828068
34520,val,0,0,0.2773201016702083
34525,val,0,0,0.03980744091422279
34529,val,0,0,0.050369636971769015
34539,val,0,0,0.019151860400953447
34541,val,0,0,0.024176096669371074
34550,val,0,0,0.03038262708976377
34564,val,0,0,0.028191465674104785
34571,val,0,0,0.0113621056532818
34573,val,0,0,0.03091340759408064
34579,val,0,0,0.07251629006123445
34581,val,0,0,0.007218540740152331
34595,val,0,0,0.01620248059665575
34598,val,0,0,0.020078623503091152
34601,val,0,0,0.021599573662108244
34603,val,0,0,0.08593135940721658
34629,val,0,0,0.07502829557558272
34630,val,0,0,0.03644048959418887
34638,val,0,0,0.011262983611689363
34641,val,0,0,0.03232939678955171
34642,val,0,0,0.028844563695062705
34646,val,0,0,0.049992020604338085
34647,val,0,0,0.03553172918581435
34650,val,0,0,0.04135212322532408
34653,val,0,0,0.13523384550563497
34660,val,0,0,0.029649701025054122
34668,val,0,0,0.01335389575500621
34671,val,0,0,0.057187696915678966
34678,val,0,0,0.009525008974649866
34680,val,0,0,0.060489355549606445
34681,val,0,0,0.022287062468031627
34685,val,0,0,0.04201261829184152
34698,val,0,0,0.06368060089298355
34700,val,0,0,0.01814873036525853
34710,val,0,0,0.016848794492624726
34714,val,0,0,0.00880947121797365
34716,val,0,0,0.020945200742882867
34717,val,0,0,0.07564305548725969
34729,val,0,0,0.032403799219902836
34730,val,0,0,0.039979556793300224
34732,val,0,0,0.03056167848801249
34738,val,0,0,0.026153483501343458
34740,val,0,0,0.07198591525775204
34759,val,0,0,0.04580484579948847
34771,val,0,0,0.02857658343490551
34772,val,0,0,0.01426003961303555
34776,val,0,0,0.0744540836308308
34792,val,0,0,0.027570252571291747
34796,val,0,0,0.02356100552544993
34815,val,0,0,0.025278424560894224
34821,val,0,0,0.06906458681240081
34828,val,0,0,0.035051047840243904
34839,val,0,0,0.017649651923748132
34848,val,0,0,0.07606844243439735
34851,val,0,0,0.024307351326180338
34854,val,0,0,0.010997848265813757
34858,val,0,0,0.007395271154412861
34859,val,0,0,0.03345444895471673
34860,val,0,0,0.03360159536450973
34866,val,0,0,0.0279697855365264
34876,val,0,0,0.01869847485117996
34880,val,0,0,0.018232251055168663
34887,val,0,0,0.007802761594325825
34897,val,0,0,0.07114802898475374
34904,val,0,0,0.01623479478656184
34905,val,0,0,0.15243002362228497
34912,val,0,0,0.07143097019987256
34923,val,0,0,0.3931485282670198
34929,val,0,0,0.02962379945536894
34935,val,0,0,0.21227100331113105
34942,val,0,0,0.00888767550225262
34949,val,0,0,0.008579063894874565
34950,val,0,0,0.013421728467552489
34956,val,0,0,0.04947591242157444
34961,val,0,0,0.005199562415380411
34987,val,0,0,0.023532273870494523
35007,val,0,0,0.027716765700896834
35011,val,0,0,0.06281773302876666
35032,val,0,0,0.007827784224550941
35040,val,0,0,0.033641649234215844
35042,val,0,0,0.007751189644169092
35056,val,0,0,0.01628618553412641
35061,val,0,0,0.024883349086542394
35073,val,0,0,0.035176188436534854
35080,val,0,0,0.02353518997334764
35087,val,0,0,0.19067940222200325
35092,val,0,0,0.029526018091931373
35099,val,0,0,0.10140588655699646
35106,val,0,0,0.04050804393541568
35109,val,0,0,0.019739165082027364
35112,val,0,0,0.3490840350320219
35113,val,0,0,0.12758936652812505
35118,val,0,0,0.008359715527308931
35120,val,0,0,0.006608445330484767
35129,val,0,0,0.04354394030814314
35131,val,0,0,0.002855489939443309
35132,val,0,0,0.02564881244502916
35144,val,0,0,0.05042190214016957
35147,val,0,0,0.10061701115045654
35155,val,0,0,0.12596816242080597
35167,val,0,0,0.015182194697090394
35171,val,0,0,0.014125701312194788
35184,val,0,0,0.09415411236479454
35185,val,0,0,0.03562327747672939
35197,val,0,0,0.02151092517131906
35200,val,0,0,0.034109806390045724
35206,val,0,0,0.00580092418533743
35214,val,0,0,0.1532788832479648
35228,val,0,0,0.015308325295389228
35236,val,0,0,0.023634861530352217
35241,val,0,0,0.05871407569742527
35255,val,0,0,0.01866746021381012
35259,val,0,0,0.03148982792191889
35261,val,0,0,0.02184971705870495
35271,val,0,0,0.0224571236770187
35277,val,0,0,0.030761537957976405
35279,val,0,0,0.045533487385044945
35290,val,0,0,0.03842880103775893
35293,val,0,0,0.017912291063328936
35316,val,0,0,0.16382560373650942
35317,val,0,0,0.025875190423364152
35325,val,0,0,0.007826351155176344
35328,val,0,0,0.02302502495731064
35346,val,0,0,0.19533190951182913
35365,val,0,0,0.009480314126548976
35372,val,0,0,0.011205811392812159
35377,val,0,0,0.04965490719506051
35396,val,0,0,0.0365319371115758
35402,val,0,0,0.01539130500933891
35409,val,0,0,0.03305177220455888
35418,val,0,0,0.015099783584292285
35426,val,0,0,0.061491001835306126
35429,val,0,0,0.07159216791571846
35437,val,0,0,0.016318888882231257
35438,val,0,0,0.08698279613077156
35443,val,0,0,0.06974574090639407
35446,val,0,1,0.529864713112975
35458,val,0,0,0.15252437417927733
35461,val,0,0,0.022622372759303736
35462,val,0,0,0.03500731789071496
35464,val,0,0,0.020168831181483594
35465,val,0,0,0.010091878692108832
35466,val,0,0,0.011822997570590812
35467,val,0,0,0.09119089694193033
35473,val,0,0,0.004986661563022251
35481,val,0,0,0.026665197595091426
35487,val,0,0,0.017927910589488553
35488,val,0,0,0.02337868104127392
35492,val,0,0,0.011750678104589228
35500,val,0,0,0.024432507269848868
35507,val,0,0,0.032908304776711424
35517,val,0,0,0.038459290506113415
35523,val,0,0,0.08062825140116073
35529,val,0,0,0.027512712814287937
35536,val,0,0,0.046388029019919515
35543,val,0,0,0.03955304526405993
35546,val,0,0,0.008922343222711888
35563,val,0,0,0.04076192930994391
35564,val,0,0,0.030619635567405122
35565,val,0,0,0.017206734410960104
35566,val,0,0,0.012402162870965107
35572,val,0,0,0.01777966894600654
35574,val,0,0,0.039486315206705286
35575,val,0,0,0.027331997527708724
35581,val,0,0,0.019980870516493925
35586,val,0,0,0.11966183152819365
35588,val,0,0,0.02555963948304255
35592,val,0,0,0.013887898276653614
35601,val,0,0,0.027945709569039665
35612,val,0,0,0.0174768984957499
35617,val,0,0,0.032282576787802525
35618,val,0,0,0.057146025537785465
35619,val,0,0,0.1927414180461018
35631,val,0,0,0.009430158650329772
35633,val,0,0,0.01693162189795063
35636,val,0,0,0.03221787558293379
35638,val,0,0,0.18145481164952373
35642,val,0,0,0.06086299902583742
35650,val,0,0,0.047461650467441406
35665,val,0,0,0.018258473855258858
35680,val,0,0,0.004815165560270151
35695,val,0,0,0.01714854258213105
35716,val,0,0,0.03246202270884625
35717,val,0,0,0.15769308926365522
35726,val,0,0,0.10123458229826683
35727,val,0,0,0.01552342008203233
35728,val,0,0,0.006404258655562724
35731,val,0,0,0.03837895251874373
35752,val,0,0,0.0323760450246386
35759,val,0,0,0.04222701588365197
35773,val,0,0,0.04049733614856627
35778,val,0,0,0.03644079949723758
35785,val,0,0,0.0717946981614772
35788,val,0,0,0.016435916211587125
35792,val,0,0,0.010567729586001199
35796,val,0,0,0.06022625516699823
35797,val,0,0,0.03565806952171362
35798,val,0,0,0.02646723172197743
35801,val,0,0,0.18445879361608306
35809,val,0,0,0.04926328528331641
35816,val,0,0,0.026679208258609588
35818,val,0,0,0.03197514582508263
35822,val,0,0,0.047874006143577695
35826,val,0,0,0.3510709083113477
35827,val,0,0,0.05192565546737352
35828,val,0,0,0.019013097613111634
35840,val,0,0,0.05196341196160298
35853,val,0,0,0.06974034384394137
35859,val,0,0,0.012464669988117284
35864,val,0,0,0.18379159258732053
35868,val,0,0,0.1574166850494849
35887,val,0,0,0.1361622718592887
35890,val,0,0,0.07572334301772657
35891,val,0,0,0.009398091247118009
35908,val,0,0,0.027599855171272045
35913,val,0,0,0.00894751429289641
35917,val,0,0,0.035150496650574584
35926,val,0,0,0.011823219883523655
35927,val,0,0,0.021824092929839514
35937,val,0,0,0.029447742398372088
35941,val,0,0,0.12384076558280253
35949,val,0,0,0.06135923607608913
35952,val,0,0,0.01394390163890605
35961,val,0,0,0.008801625747535886
35965,val,0,0,0.08543887277100351
35968,val,0,0,0.051447075334222755
35977,val,0,0,0.009259977728894545
35979,val,0,0,0.026953163728456624
35982,val,0,0,0.015071680155358615
35985,val,0,0,0.012896970951552773
35992,val,0,0,0.11472483337467676
36000,val,0,0,0.02656329215289444
36003,val,0,0,0.014203456049027428
36010,val,0,0,0.006415899122238736
36015,val,0,0,0.006730969010547498
36017,val,0,0,0.04410850593180127
36053,val,0,0,0.037709824174814124
36059,val,0,0,0.017012926947679457
36060,val,0,0,0.02241185973425412
36069,val,0,0,0.04289785031739028
36072,val,0,0,0.014447254950567362
36074,val,0,0,0.012415859075208029
36075,val,0,0,0.03984909690591916
36084,val,0,0,0.05281381801832966
36085,val,0,0,0.01889357751516569
36086,val,0,0,0.041571732092188896
36091,val,0,0,0.004908627942089773
36118,val,0,0,0.003964218134884043
36129,val,0,0,0.06771006966644622
36131,val,0,0,0.05070199785325977
36146,val,0,0,0.01659823299479214
36151,val,0,0,0.03481834254079223
36155,val,0,0,0.004177434472384892
36161,val,0,0,0.011605255666447793
36162,val,0,0,0.028856682194431087
36166,val,0,0,0.05102824624089118
36173,val,0,0,0.31580992634428734
36174,val,0,0,0.009307724570366218
36176,val,0,0,0.016004447775870914
36195,val,0,0,0.11361261956128045
36196,val,0,0,0.030463942056593335
36208,val,0,0,0.02180630527009855
36215,val,0,0,0.043616322757964274
36219,val,0,0,0.005227754567630235
36222,val,0,0,0.03321679891924129
36223,val,0,0,0.047359061472951984
36230,val,0,0,0.023894013457714365
36249,val,0,0,0.1755587660111418
36250,val,0,0,0.04442540005477119
36258,val,0,0,0.03835482659518011
36268,val,0,0,0.02140420961365831
36272,val,0,0,0.02420229895636076
36274,val,0,0,0.012746691494547787
36295,val,0,0,0.04726738296355321
36304,val,0,0,0.039029608954967786
36329,val,0,0,0.03712089275125504
36332,val,0,0,0.004366941744571392
36342,val,0,0,0.02508968395804921
36344,val,0,0,0.021449193282996555
36355,val,0,0,0.017756222046536166
36375,val,0,0,0.0032549072280510464
36382,val,0,0,0.18139997223687254
36389,val,0,0,0.09847121299664555
36407,val,0,0,0.0691561678926031
36409,val,0,0,0.027474866626863565
36413,val,0,0,0.008910465964747285
36418,val,0,0,0.008837504367196594
36419,val,0,0,0.07503825757038908
36432,val,0,0,0.03386779887974128
36446,val,0,0,0.01698987190295014
36458,val,0,0,0.04702194316114065
36465,val,0,0,0.03674735924328139
36474,val,0,0,0.038658900790094694
36476,val,0,0,0.04948636096454571
36485,val,0,0,0.01005364594333237
36486,val,0,0,0.006716193370380181
36498,val,0,0,0.027863333134642513
36508,val,0,0,0.011634876687015357
36513,val,0,0,0.025921290836879392
36517,val,0,0,0.04470750447462598
36518,val,0,0,0.02738715744412132
36528,val,0,0,0.0036202105330914724
36533,val,0,0,0.016008298719120632
36542,val,0,0,0.2564178724734329
36547,val,0,0,0.3009497394320132
36549,val,0,0,0.029442833315012004
36568,val,0,0,0.008854046322351617
36570,val,0,0,0.05382274237217236
36580,val,0,0,0.06857356386608833
36582,val,0,0,0.05720170465530107
36583,val,0,0,0.0054227946797545425
36588,val,0,0,0.03177221656181053
36618,val,0,0,0.11127997238084143
36622,val,0,0,0.055434846121193274
36625,val,0,0,0.023122783685357178
36639,val,0,0,0.04178684934712974
36645,val,0,0,0.09247856389484295
36649,val,0,0,0.018391927106757636
36665,val,0,0,0.04910434869784676
36667,val,0,0,0.07075466575806134
36680,val,0,0,0.014979156442105806
36690,val,0,0,0.030571989941165566
36693,val,0,0,0.024748887795325525
36697,val,0,0,0.002548692038810148
36702,val,0,0,0.008319420958383266
36704,val,0,0,0.013655564806123094
36707,val,0,0,0.01983079558753765
36709,val,0,0,0.006190877753171454
36718,val,0,0,0.09605288038683606
36725,val,0,0,0.009857161760309359
36726,val,0,0,0.018617301889067486
36729,val,0,0,0.012262374662734851
36730,val,0,0,0.017368673047362594
36752,val,0,0,0.07262115913526347
36754,val,0,0,0.018237948976868926
36758,val,0,0,0.019346418724192644
36760,val,0,0,0.00794804007823425
36763,val,0,0,0.03686367473669348
36767,val,0,0,0.021030029195663276
36770,val,0,0,0.06594220008898592
36773,val,0,0,0.0306519964706751
36784,val,0,0,0.023107393799480763
36786,val,0,0,0.052146814581154124
36787,val,0,0,0.11560053174153535
36793,val,0,0,0.29437163621669793
36797,val,0,0,0.007037468549616519
36800,val,0,0,0.061251992357907604
36802,val,0,0,0.012395490107512645
36842,val,0,0,0.004735158319757359
36849,val,0,0,0.027945069226419296
36867,val,0,0,0.020978817853165337
36871,val,0,0,0.008616757542322754
36880,val,0,0,0.11616084928415095
36891,val,0,0,0.02069212409110375
36908,val,0,0,0.024225747747754673
36911,val,0,0,0.037323107472550236
36912,val,0,0,0.34336067762861067
36916,val,0,0,0.020533942479904203
36930,val,0,0,0.09100442134510114
36935,val,0,0,0.00793548432281213
36942,val,0,0,0.002276380876196735
36945,val,0,0,0.09918778815546234
36966,val,0,0,0.028092723034220186
36967,val,0,0,0.015291898019221017
36968,val,0,0,0.013795340109955296
36974,val,0,0,0.07653552639765701
36975,val,0,0,0.02457262601492877
36976,val,0,0,0.05838342659440259
36982,val,0,0,0.07066482035155172
37016,val,0,0,0.05156434733712364
37018,val,0,0,0.023185615963790353
37023,val,0,0,0.018246991498584254
37027,val,0,0,0.04782883276721708
37045,val,0,0,0.09018507694210143
37050,val,0,0,0.05260645472982411
37052,val,0,0,0.06818465586654043
37061,val,0,0,0.017494457432205124
37070,val,0,0,0.009304313792493489
37071,val,0,0,0.019776625941979112
37074,val,0,0,0.012003783404109392
37077,val,0,0,0.021694275589170864
37078,val,0,0,0.01491536715103044
37083,val,0,0,0.06622971467469728
37090,val,0,0,0.06463993670301883
37097,val,0,0,0.028151524325946496
37101,val,0,0,0.11997887557572691
37105,val,0,0,0.01561131850142328
37115,val,0,0,0.048675104958888105
37128,val,0,0,0.009357581422318347
37131,val,0,0,0.058223727645703306
37136,val,0,0,0.004492976210426135
37141,val,0,0,0.005821930473659849
37164,val,0,0,0.02909169489085851
37170,val,0,0,0.023657169784361807
37183,val,0,0,0.07217290988662499
37186,val,0,0,0.009805767733789099
37187,val,0,0,0.03295571761260699
37208,val,0,0,0.10631307724382602
37211,val,0,0,0.18079276504623942
37212,val,0,0,0.01948657654314654
37214,val,0,0,0.10127543873344327
37216,val,0,0,0.011583217104050891
37227,val,0,0,0.0721741616822355
37231,val,0,0,0.17080606810605894
37240,val,0,0,0.102541119857686
37253,val,0,0,0.09423057111373916
37257,val,0,0,0.049557562941578155
37261,val,0,0,0.034424318111292276
37281,val,0,0,0.12677902043233688
37285,val,0,0,0.0670034317919077
37286,val,0,0,0.019065406610596896
37294,val,0,0,0.03712801482036549
37299,val,0,0,0.014495955324780247
37301,val,0,0,0.013927919393241959
37304,val,0,0,0.030373352070010216
37306,val,0,0,0.05317141615895797
37310,val,0,0,0.048198121735243696
37318,val,0,0,0.021520161584240662
37328,val,0,0,0.005936269304579651
37340,val,0,0,0.30953058793467086
37341,val,0,0,0.025123812989406472
37344,val,0,0,0.06174684282277845
37347,val,0,0,0.025835454460196874
37358,val,0,0,0.05708008047687334
37366,val,0,0,0.10793298853956444
37371,val,0,0,0.0050223690963846455
37378,val,0,0,0.09245922848193608
37379,val,0,0,0.09219611636088695
37382,val,0,0,0.023694337845718803
37384,val,0,0,0.04304185055370497
37392,val,0,0,0.01717462622865495
37405,val,0,0,0.05298741032661343
37410,val,0,0,0.050315635936701006
37421,val,0,0,0.03650593791825678
37422,val,0,0,0.004064062971511729
37434,val,0,0,0.01757898117281618
37436,val,0,0,0.01635043362734378
37440,val,0,0,0.1119392860287907
37444,val,0,0,0.03604906826196512
37450,val,0,0,0.2158019509109431
37451,val,0,0,0.01783765944182667
37458,val,0,0,0.003796773014529206
37459,val,0,0,0.4126575346400906
37467,val,0,0,0.03244458446957687
37488,val,0,0,0.32391862645649977
37494,val,0,0,0.019731259447849467
37496,val,0,0,0.058074943346535
37509,val,0,0,0.017537422378727473
37533,val,0,0,0.09479863180310963
37534,val,0,0,0.012313010124977637
37535,val,0,0,0.04129339112768177
37548,val,0,0,0.028100485049655025
37565,val,0,0,0.017688635080231198
37571,val,0,0,0.007270907281079881
37577,val,0,0,0.06588534594916126
37583,val,0,0,0.013395190652122973
37591,val,0,0,0.009596743873128708
37604,val,0,0,0.12468016831319367
37607,val,0,0,0.011748312293740303
37609,val,0,0,0.04565214388435887
37627,val,0,0,0.08682458035267061
37629,val,0,0,0.026381242356465273
37630,val,0,0,0.05192485069992676
37633,val,0,0,0.030512030254277036
37638,val,0,0,0.015183777352553166
37647,val,0,0,0.0262510278794298
37648,val,0,0,0.009112993946842821
37651,val,0,0,0.09158388797000135
37652,val,0,0,0.0440240866825942
37658,val,0,0,0.13218327103748345
37660,val,0,0,0.06582063452261806
37661,val,0,0,0.04410241827951999
37665,val,0,0,0.02180943970129625
37669,val,0,0,0.01512990187835317
37690,val,0,0,0.04030488043724155
37692,val,0,0,0.016780514231381265
37694,val,0,0,0.0198728561977249
37696,val,0,0,0.008729759222487123
37701,val,0,0,0.0379888592726592
37707,val,0,0,0.026193688914340766
37710,val,0,0,0.03316262230784753
37712,val,0,0,0.1428179945016779
37725,val,0,0,0.13570817976009505
37731,val,0,0,0.02092018105758103
37741,val,0,0,0.12470067898088757
37742,val,0,0,0.01737495989166404
37749,val,0,0,0.0516452253125591
37750,val,0,0,0.04788754865175172
37752,val,0,0,0.19378320716271283
37757,val,0,0,0.03157628476398972
37761,val,0,0,0.015012020255092053
37764,val,0,0,0.01082423186913674
37766,val,0,0,0.0604973919811367
37775,val,0,0,0.15299970351506223
37780,val,0,0,0.031865497251529276
37792,val,0,0,0.024778625513549212
37795,val,0,0,0.07603627305910272
37805,val,0,0,0.02043289461797031
37812,val,0,0,0.03942866628287768
37815,val,0,0,0.02626232338796677
37834,val,0,0,0.1305783464989819
37841,val,0,0,0.08403537802281696
37848,val,0,0,0.03490229945014766
37852,val,0,0,0.024131610300671073
37853,val,0,0,0.06415536760460684
37854,val,0,0,0.008944228339070041
37862,val,0,0,0.015734085784404075
37876,val,0,0,0.022511352004158686
37878,val,0,0,0.015128194397280713
37880,val,0,0,0.047228051960162026
37881,val,0,0,0.013217109209803006
37886,val,0,0,0.12912340683588902
37892,val,0,0,0.06361667215011746
37899,val,0,0,0.0528992794323644
37917,val,0,0,0.06382460820278188
37926,val,0,0,0.01124022656372773
37929,val,0,0,0.0938743091052898
37932,val,0,0,0.0392360471978044
37939,val,0,0,0.01379758234783387
37940,val,0,0,0.005962936205523217
37950,val,0,0,0.033311122777550876
37953,val,0,0,0.036477315671890505
37960,val,0,0,0.06962498242246226
37963,val,0,0,0.0974023607630917
37977,val,0,0,0.048048047465185525
37986,val,0,0,0.00705533114386245
37992,val,0,0,0.015132010428812537
37996,val,0,0,0.02242089219887077
37997,val,0,0,0.02251889874757975
38005,val,0,0,0.0111898265038814
38006,val,0,0,0.06019494535464962
38011,val,0,0,0.00832995759568512
38034,val,0,0,0.03939077170842237
38036,val,0,0,0.016742222799411566
38040,val,0,0,0.00303209832211257
38041,val,0,0,0.004394390527378674
38042,val,0,0,0.14639435971147363
38046,val,0,0,0.025509142231465824
38054,val,0,0,0.019711192730033793
38056,val,0,0,0.0029908741433769767
38091,val,0,0,0.023863604929684975
38110,val,0,0,0.054202464252429604
38119,val,0,0,0.1552822237215105
38122,val,0,0,0.02864928130634598
38129,val,0,0,0.016383841357414643
38136,val,0,0,0.00971706550699177
38138,val,0,0,0.051997752462252425
38156,val,0,0,0.041361863084963195
38158,val,0,0,0.017367716180252776
38159,val,0,0,0.18375596143293002
38164,val,0,0,0.03440268729913475
38165,val,0,0,0.07372213809361218
38167,val,0,0,0.037690179332080936
38178,val,0,0,0.06975573835786232
38181,val,0,0,0.01818187030567458
38183,val,0,0,0.013958465058602102
38190,val,0,0,0.04453802347377613
38198,val,0,0,0.017463816342845172
38200,val,0,0,0.028933899759542688
38201,val,0,0,0.016674811002046333
38206,val,0,0,0.009850380008336108
38208,val,0,0,0.007381346129173152
38212,val,0,0,0.006266737031761974
38215,val,0,0,0.00951389308585316
38229,val,0,0,0.028892753651314274
38231,val,0,0,0.048470021802739516
38232,val,0,0,0.09726136762784741
38236,val,0,0,0.010757080461725408
38237,val,0,0,0.031246009751750535
38239,val,0,0,0.007776786919457583
38244,val,0,0,0.026577194415734376
38251,val,0,0,0.018875106320440368
38259,val,0,0,0.012768310154756038
38289,val,0,0,0.022096777499849472
38295,val,0,0,0.21284155614065295
38318,val,0,0,0.0022799160462330928
38321,val,0,0,0.012412519496985066
38322,val,0,1,0.7762596010921492
38323,val,0,0,0.016855928122154504
38327,val,0,0,0.033453142507287224
38329,val,0,0,0.015090149806329852
38330,val,0,0,0.13005067277857582
38331,val,0,0,0.015578470836735312
38334,val,0,0,0.027260076093686532
38344,val,0,0,0.009427397385042731
38356,val,0,0,0.034543822593900736
38357,val,0,0,0.0645804800144269
38364,val,0,0,0.019304089552935402
38367,val,0,0,0.022979008892644287
38381,val,0,0,0.0971766804899834
38385,val,0,0,0.04839273948843906
38394,val,0,0,0.01482445286458318
38399,val,0,0,0.01691859290613956
38425,val,0,0,0.0212421311647495
38430,val,0,0,0.026046460731639506
38472,val,0,0,0.011330864666044046
38473,val,0,0,0.01814178805854917
38496,val,0,0,0.2477725496268793
38525,val,0,0,0.011875993309744742
38528,val,0,0,0.12605181861253464
38529,val,0,0,0.08156528382201185
38533,val,0,0,0.1712202575176863
38538,val,0,0,0.02560775920961351
38543,val,0,0,0.02405827342388382
38547,val,0,0,0.016915883345744075
38548,val,0,0,0.11011031738756842
38549,val,0,0,0.015304980742294052
38587,val,0,0,0.17900966453195447
38589,val,0,0,0.10264237204144819
38593,val,0,0,0.032379236519719815
38604,val,0,0,0.10230047790845648
38611,val,0,0,0.03943223239634875
38614,val,0,0,0.014503843620784733
38631,val,0,0,0.016451601107795477
38644,val,0,0,0.020725971726853795
38647,val,0,0,0.09486973857733659
1,test,1,1,0.8940799453346314
3,test,1,1,0.9964470099774236
14,test,1,1,0.9830510306473608
22,test,1,1,0.935237310680687
29,test,1,1,0.993642441004162
36,test,1,1,0.9748936893993287
37,test,1,1,0.9899975104209722
44,test,1,1,0.9963452106035775
54,test,1,1,0.9858340434378768
57,test,1,1,0.9959054529393838
76,test,1,1,0.9591765611322187
84,test,1,1,0.6940627575457778
88,test,1,1,0.9185607740968562
93,test,1,1,0.9830007612779122
94,test,1,1,0.9930299535591689
97,test,1,1,0.9895089957288199
102,test,1,1,0.9920602759081593
111,test,1,1,0.969612575554555
115,test,1,1,0.8769958250553584
125,test,1,1,0.9301243186766723
129,test,1,1,0.8483118932199932
134,test,1,1,0.9749136400177771
135,test,1,1,0.9901536255408743
136,test,1,1,0.9886981045682582
137,test,1,1,0.9367351007113786
140,test,1,1,0.9368128294227956
146,test,1,1,0.9742769736428294
149,test,1,1,0.9576707541766596
153,test,1,1,0.9822124098918087
154,test,1,1,0.8737972332713828
166,test,1,1,0.997147115085476
168,test,1,1,0.990702201940217
170,test,1,1,0.9968903851389592
175,test,1,1,0.9893918046612323
180,test,1,1,0.9801171176699199
181,test,1,0,0.47629576488678427
184,test,1,1,0.9666547682675929
187,test,1,1,0.9793584401102052
193,test,1,1,0.952410622751615
195,test,1,1,0.9486044775035114
201,test,1,1,0.9935092727491349
202,test,1,1,0.9962824674734339
218,test,1,1,0.9723251579900892
224,test,1,1,0.9839887220453446
227,test,1,1,0.7997473391172055
232,test,1,1,0.972124205525827
234,test,1,1,0.9821041271812196
239,test,1,1,0.9799619673845563
240,test,1,1,0.9653402517291595
253,test,1,1,0.7778812133742516
255,test,1,1,0.849015854869923
269,test,1,1,0.9956999056595116
275,test,1,1,0.987301615685682
301,test,1,1,0.9906394676316631
316,test,1,1,0.7018506165113527
326,test,1,1,0.9047959754708914
333,test,1,1,0.9869812875451155
335,test,1,1,0.9861263308608064
338,test,1,1,0.9969447169031631
339,test,1,1,0.9831316468893695
353,test,1,1,0.9928203424194173
356,test,1,1,0.9929706079309472
357,test,1,1,0.9784660599768434
360,test,1,1,0.9951884485311607
363,test,1,1,0.9754085988635063
364,test,1,1,0.9479376926959371
391,test,1,1,0.9954795868164896
393,test,1,1,0.987477977137776
418,test,1,1,0.9932617470592614
419,test,1,1,0.9878873960197638
424,test,1,1,0.9828714072496626
429,test,1,1,0.9619785267334511
434,test,1,1,0.9230153032234536
435,test,1,1,0.9868963992799109
454,test,1,1,0.9637033210019803
466,test,1,1,0.9874056072813948
469,test,1,1,0.986360632543412
478,test,1,1,0.9879991486300707
489,test,1,1,0.9922632889935005
526,test,1,1,0.9802634099716945
529,test,1,1,0.9939560824869919
530,test,1,1,0.9871293046001743
531,test,1,1,0.9208720349082109
535,test,1,1,0.9673159309119497
552,test,1,1,0.9714393583441677
553,test,1,1,0.9658330984917106
554,test,1,1,0.9939101012652785
557,test,1,1,0.9866649019581273
569,test,1,1,0.9601929700449583
589,test,1,1,0.8909247587911607
597,test,1,1,0.9865123953569811
598,test,1,1,0.9927586525206152
602,test,1,1,0.9926365875204508
606,test,1,1,0.9921415331125752
617,test,1,1,0.9942737469161291
620,test,1,1,0.9960884395494863
635,test,1,1,0.9950982496279268
637,test,1,1,0.9979913221004829
638,test,1,1,0.9596826077183033
648,test,1,1,0.939609223443433
658,test,1,1,0.9932725352129563
665,test,1,1,0.966268467097372
668,test,1,1,0.9383748161390254
675,test,1,1,0.9385945814334782
683,test,1,1,0.8970532270663133
688,test,1,0,0.4552440461155583
691,test,1,1,0.9946074577074625
693,test,1,1,0.9473464442429484
696,test,1,1,0.9926716580824416
708,test,1,1,0.9784971913826865
711,test,1,1,0.9666531731569968
712,test,1,1,0.9653802554882775
735,test,1,1,0.9681923160331631
744,test,1,1,0.9839963428344123
749,test,1,1,0.9959461023614868
759,test,1,1,0.90327762504878
760,test,1,1,0.9781422476388757
763,test,1,1,0.759586473526791
764,test,1,1,0.9946742775243125
787,test,1,1,0.9869398506887526
794,test,1,1,0.9732842769683723
804,test,1,1,0.9941889060855598
805,test,1,1,0.9722785937069989
809,test,1,1,0.9006633545251362
812,test,1,1,0.6983834997754312
826,test,1,1,0.9974574677492978
828,test,1,1,0.9313678324680585
836,test,1,1,0.914686259354124
849,test,1,1,0.9698828438553995
854,test,1,1,0.9964318878665573
856,test,1,1,0.9501431689955832
881,test,1,1,0.7523194764898679
906,test,1,1,0.9680692862590752
909,test,1,1,0.9931633276025706
917,test,1,1,0.9844969411504041
920,test,1,1,0.9534890080945798
929,test,1,1,0.999176162188975
931,test,1,1,0.9716062523931068
945,test,1,1,0.9817015086844548
948,test,1,1,0.9794620927490189
954,test,1,1,0.9834001695430475
955,test,1,1,0.9852225160879796
956,test,1,1,0.9938022631233202
960,test,1,1,0.9899249714506906
970,test,1,1,0.9717950698728455
974,test,1,1,0.963512476329098
975,test,1,1,0.997380554169629
984,test,1,1,0.9237943908669332
988,test,1,1,0.9955437153062685
992,test,1,1,0.9494904386395535
999,test,1,1,0.9943287171981371
1002,test,1,1,0.9977269700834939
1006,test,1,1,0.9971361484862742
1014,test,1,1,0.9892038158552787
1017,test,1,1,0.9716697186872744
1025,test,1,1,0.9980211353355313
1027,test,1,1,0.9888010044796443
1036,test,1,1,0.9121019313930518
1037,test,1,1,0.9925128293657866
1041,test,1,1,0.9635921158065665
1042,test,1,1,0.9791585779166069
1058,test,1,1,0.9442490749450082
1070,test,1,1,0.9749362038736417
1074,test,1,1,0.9944948210062231
1075,test,1,1,0.9955311053990716
1084,test,1,1,0.9588459977353259
1093,test,1,1,0.9684762881749255
1111,test,1,1,0.9926400853839753
1116,test,1,1,0.9559282373558036
1119,test,1,1,0.9645186511048423
1128,test,1,1,0.9877798748632693
1132,test,1,1,0.9958522091538868
1153,test,1,1,0.9859418537769422
1156,test,1,1,0.9754373047428221
1161,test,1,1,0.9657622089524042
1169,test,1,1,0.968906299209885
1177,test,1,1,0.9291098988972194
1181,test,1,1,0.9596454657365505
1192,test,1,1,0.9773675462535394
1194,test,1,1,0.9521307182894786
1201,test,1,1,0.8991592443660386
1208,test,1,1,0.8367639784293258
1210,test,1,1,0.9834464005056871
1224,test,1,1,0.9382549534482518
1233,test,1,1,0.9676692185446325
1242,test,1,1,0.9313967931868556
1249,test,1,1,0.9547785053321892
1250,test,1,1,0.9173062088118821
1256,test,1,1,0.8648004297565477
1259,test,1,1,0.7208104250826872
1263,test,1,1,0.9911302010609477
1272,test,1,1,0.9746002932692662
1273,test,1,1,0.9927489981791705
1274,test,1,1,0.989170488691206
1287,test,1,1,0.9878400164014361
1289,test,1,1,0.9729162385987347
1294,test,1,1,0.795280479225282
1297,test,1,1,0.9822653487281653
1304,test,1,1,0.9947799274233284
1306,test,1,1,0.6398144440759126
1314,test,1,1,0.980183942069964
1334,test,1,1,0.9898232917536753
1340,test,1,1,0.92686347473872
1345,test,1,1,0.9685822530422219
1353,test,1,1,0.9893424171057956
1365,test,1,1,0.929440612906261
1368,test,1,1,0.9851446038915188
1383,test,1,1,0.7912913062881657
1389,test,1,1,0.995187231272683
1394,test,1,1,0.894575507579845
1405,test,1,1,0.8992900675450528
1407,test,1,1,0.9892638517445432
1413,test,1,1,0.8302116243384523
1417,test,1,1,0.9810149170726327
1429,test,1,1,0.9884028008430507
1431,test,1,1,0.9614419071973835
1437,test,1,1,0.9751750446909073
1443,test,1,1,0.903407459919041
1445,test,1,1,0.9966488134395525
1451,test,1,1,0.987744670850175
1480,test,1,1,0.9937388103831218
1492,test,1,1,0.9752932392902979
1495,test,1,1,0.9861566435903617
1497,test,1,1,0.972865933688466
1499,test,1,1,0.9871027201310152
1514,test,1,1,0.9171243599716916
1521,test,1,1,0.9220576643133016
1522,test,1,1,0.961826593299159
1525,test,1,1,0.9494617830833582
1529,test,1,1,0.980098752865669
1539,test,1,1,0.9853364653139675
1545,test,1,1,0.9567457120401841
1552,test,1,1,0.9735188262735887
1562,test,1,1,0.9764383627808525
1566,test,1,1,0.9601154862726937
1572,test,1,1,0.9885963325127743
1573,test,1,1,0.9466686190735583
1574,test,1,1,0.9929489276027783
1591,test,1,1,0.9295657044092045
1601,test,1,1,0.9963026385857093
1606,test,1,1,0.9946616584652527
1611,test,1,1,0.9463566773633292
1620,test,1,1,0.9943531036924262
1623,test,1,1,0.7640481870119846
1632,test,1,1,0.964005616353247
1633,test,1,1,0.981422779392604
1634,test,1,1,0.9252833912045794
1639,test,1,1,0.994931470419758
1641,test,1,1,0.9146486570523594
1656,test,1,1,0.9975085919051307
1657,test,1,1,0.9980177820570889
1663,test,1,1,0.9681780187988959
1665,test,1,1,0.9876886269903168
1674,test,1,1,0.991705904614501
1683,test,1,1,0.822962846658764
1685,test,1,1,0.9634436181425864
1686,test,1,1,0.9827921350500988
1713,test,1,1,0.9863817065638854
1722,test,1,1,0.96347378719086
1739,test,1,1,0.9615355085484065
1745,test,1,1,0.9064751363174925
1751,test,1,1,0.8869709523626128
1753,test,1,1,0.9764499253789549
1767,test,1,1,0.9843125323878469
1775,test,1,1,0.9879420252788401
1782,test,1,1,0.9374253427841317
1787,test,1,1,0.9467594016160736
1795,test,1,1,0.9706294566497987
1797,test,1,1,0.9544314875081902
1825,test,1,1,0.9860882101008213
1826,test,1,1,0.8423491517166506
1828,test,1,1,0.9564221631569446
1830,test,1,1,0.9892844085249825
1835,test,1,1,0.9080636705106433
1842,test,1,1,0.959310912722292
1847,test,1,1,0.949876687625987
1855,test,1,1,0.930430060878053
1861,test,1,1,0.8847114725781904
1862,test,1,1,0.9677602391462222
1867,test,1,1,0.994133566008115
1869,test,1,1,0.9938282031303554
1870,test,1,1,0.9717326325176476
1879,test,1,1,0.9780408575467668
1880,test,1,1,0.9928857211750443
1891,test,1,1,0.9966363317505524
1893,test,1,1,0.9885920649371014
1896,test,1,1,0.9684041508518116
1917,test,1,1,0.9896978707659855
1925,test,1,1,0.9892525414453375
1926,test,1,1,0.995883742756335
1927,test,1,1,0.8428979979578352
1929,test,1,1,0.9590905144252834
1933,test,1,1,0.9640962098786272
1935,test,1,1,0.7845072490354154
1943,test,1,1,0.848717980211423
1948,test,1,1,0.9884073599047974
1955,test,1,1,0.9829696104566276
1957,test,1,1,0.9315164865216227
1967,test,1,1,0.9843200366794246
1970,test,1,1,0.9840041404773837
1978,test,1,1,0.9884145999888116
1982,test,1,1,0.9851979122852014
1984,test,1,1,0.9790563428731486
2002,test,1,1,0.9924395234428417
2014,test,1,1,0.9816572640769002
2019,test,1,1,0.996353746366653
2021,test,1,1,0.9573057036649076
2022,test,1,1,0.9646337823113259
2025,test,1,1,0.9713798292888922
2026,test,1,1,0.9866496215527703
2028,test,1,1,0.8095292128711488
2030,test,1,1,0.9774708948338979
2035,test,1,1,0.9795202023488404
2038,test,1,1,0.9740139032699365
2044,test,1,1,0.9661480450662415
2047,test,1,1,0.9969088995202674
2051,test,1,1,0.9916148283883477
2053,test,1,1,0.9884428615887948
2064,test,1,1,0.9701167055725147
2065,test,1,1,0.9732984045338314
2068,test,1,1,0.9968233981005475
2072,test,1,1,0.9979869900377942
2074,test,1,1,0.9853140744232418
2077,test,1,1,0.9958790325635374
2078,test,1,1,0.9851806036539601
2083,test,1,1,0.9234047527557825
2090,test,1,1,0.9932490332406896
2101,test,1,1,0.9870997001132996
2103,test,1,1,0.9309745372941042
2121,test,1,1,0.9804829851194283
2134,test,1,1,0.9846815915238142
2151,test,1,1,0.9949812246729972
2166,test,1,1,0.987165473234635
2173,test,1,1,0.8622199979916779
2188,test,1,1,0.9834287267546558
2190,test,1,1,0.9909245492859134
2197,test,1,1,0.593503215522334
2206,test,1,1,0.9940332484505422
2210,test,1,1,0.9911899307660463
2215,test,1,1,0.9939597826526801
2216,test,1,1,0.9779742989133065
2225,test,1,1,0.9927509159940341
2226,test,1,1,0.9600785273540035
2235,test,1,1,0.973083572543494
2254,test,1,1,0.9167542564844445
2256,test,1,1,0.8964712965210889
2257,test,1,1,0.9823613679852039
2267,test,1,1,0.9830935205271327
2270,test,1,1,0.9960987465084776
2274,test,1,1,0.994658566114025
2282,test,1,1,0.9705717059598811
2291,test,1,1,0.9985357376800982
2297,test,1,1,0.9830648717913513
2302,test,1,1,0.9893001011380124
2324,test,1,1,0.9874939477815462
2337,test,1,0,0.37498447818571873
2345,test,1,1,0.6696954558327899
2347,test,1,1,0.9977730802341244
2349,test,1,1,0.7342760220487954
2351,test,1,1,0.9573954519446316
2352,test,1,1,0.9686523609123424
2355,test,1,1,0.9963953706532211
2364,test,1,1,0.9948809418804352
2366,test,1,1,0.9725271885323146
2389,test,1,1,0.9362411161904111
2400,test,1,1,0.9819084991954885
2401,test,1,1,0.7057654396769566
2412,test,1,1,0.9891101010072608
2413,test,1,1,0.9948729727133386
2415,test,1,1,0.9976242130291219
2417,test,1,1,0.9939509378694111
2420,test,1,1,0.7478146336215534
2423,test,1,1,0.9509194267540185
2434,test,1,1,0.9906898050241306
2438,test,1,1,0.987625418883353
2465,test,1,1,0.9909556476408631
2473,test,1,1,0.9979467779783651
2480,test,1,1,0.9979716303463179
2484,test,1,1,0.9630658759662928
2488,test,1,1,0.9926117668219464
2506,test,1,1,0.9838637343184208
2512,test,1,1,0.9633222040539177
2519,test,1,1,0.98133731854613
2528,test,1,1,0.9690824506252711
2534,test,1,1,0.9730868317072033
2550,test,1,1,0.9421551326964378
2560,test,1,1,0.9947570909402734
2562,test,1,1,0.9928054944953433
2570,test,1,1,0.8726553989983111
2573,test,1,1,0.8963945147117518
2576,test,1,1,0.8691616716672742
2587,test,1,1,0.9887856604920816
2590,test,1,1,0.9982374077106698
2594,test,1,1,0.9310536757017407
2598,test,1,1,0.9615493364022275
2605,test,1,1,0.9862823118960301
2614,test,1,1,0.9724605553982942
2620,test,1,1,0.9877884070528506
2634,test,1,1,0.9977575293394687
2644,test,1,1,0.9484120413884061
2655,test,1,1,0.9962400450552156
2657,test,1,1,0.9967688915528258
2661,test,1,1,0.9913110627261789
2662,test,1,1,0.9429672691245935
2667,test,1,1,0.9734491651092303
2672,test,1,1,0.9002512639225897
2673,test,1,1,0.9929178392973758
2698,test,1,1,0.998159775621703
2702,test,1,1,0.9934840628505249
2722,test,1,1,0.8138011348905544
2727,test,1,1,0.9955420668312702
2736,test,1,1,0.9712295858092727
2737,test,1,1,0.8356112813635531
2747,test,1,1,0.9570620758951675
2748,test,1,1,0.9570409081086295
2751,test,1,1,0.9934323687232753
2763,test,1,1,0.989529855045548
2766,test,1,1,0.9647645885322687
2774,test,1,1,0.9976143995495943
2779,test,1,1,0.8568079899765972
2781,test,1,1,0.9391444357362786
2782,test,1,1,0.9884661782987285
2809,test,1,1,0.9934808798923462
2812,test,1,1,0.9381732969506267
2823,test,1,1,0.9807486673100732
2838,test,1,1,0.9676382408155151
2849,test,1,1,0.9309610968584767
2852,test,1,1,0.9617002326925868
2853,test,1,1,0.9954080603695995
2866,test,1,1,0.9619104331952368
2869,test,1,1,0.9528008527498618
2886,test,1,1,0.983953709374343
2887,test,1,1,0.9596105679792571
2897,test,1,1,0.9891365206611579
2905,test,1,1,0.9951704058095218
2906,test,1,1,0.981942443668332
2909,test,1,1,0.9838004844578656
2910,test,1,1,0.991096640940231
2911,test,1,1,0.9889527407757588
2912,test,1,1,0.9935949735661782
2914,test,1,1,0.9957551236641639
2916,test,1,1,0.9980643264102655
2919,test,1,1,0.9862989706026692
2921,test,1,1,0.9950120083013522
2922,test,1,1,0.9157601837338267
2930,test,1,1,0.9965904978192932
2934,test,1,1,0.9863334332640779
2944,test,1,1,0.9892262161515584
2946,test,1,1,0.9929703330712164
2972,test,1,1,0.9764618084872345
2978,test,1,1,0.9867599477080083
2981,test,1,1,0.9898390538219694
2998,test,1,1,0.9562703207260997
3005,test,1,1,0.9853294924425147
3006,test,1,1,0.9966119732626444
3008,test,1,1,0.8871375814883862
3009,test,1,1,0.9866687052418358
3017,test,1,1,0.9889384407878846
3019,test,1,1,0.9967468555342037
3046,test,1,1,0.9976813312690385
3059,test,1,1,0.9784668550587661
3065,test,1,1,0.9934915448820658
3070,test,1,1,0.8952971680219747
3072,test,1,1,0.9325414957003231
3073,test,1,1,0.9871066966909805
3086,test,1,1,0.9798131526346459
3097,test,1,1,0.9970523099418859
3110,test,1,1,0.9973965747181848
3111,test,1,1,0.9925243018451073
3127,test,1,1,0.9955543166735717
3129,test,1,1,0.9919239603853807
3130,test,1,1,0.9927426939564367
3134,test,1,1,0.9950273093283083
3137,test,1,1,0.7946810495701685
3140,test,1,1,0.9881529044742698
3142,test,1,1,0.9871844652552004
3147,test,1,1,0.9935538908094502
3173,test,1,1,0.9789417034665386
3182,test,1,1,0.9404103879725062
3185,test,1,1,0.9952217981927293
3195,test,1,1,0.99792060464941
3201,test,1,1,0.97759722150589
3205,test,1,1,0.9944006048502388
3217,test,1,1,0.9827829597980566
3223,test,1,1,0.9406977459251262
3231,test,1,1,0.9800686575251119
3237,test,1,1,0.9955688648799603
3240,test,1,1,0.9741341531034646
3244,test,1,1,0.9699754487871375
3251,test,1,1,0.9943388912755714
3255,test,1,1,0.9860822853001414
3269,test,1,1,0.9772945259610759
3280,test,1,1,0.8929599270250014
3297,test,1,1,0.9898808711549775
3305,test,1,1,0.9846745874008879
3323,test,1,1,0.9936015329187924
3324,test,1,1,0.9871891007670265
3328,test,1,1,0.9798411813956592
3331,test,1,1,0.9665780658470974
3336,test,1,1,0.9737044569240406
3348,test,1,1,0.9803565177616257
3351,test,1,1,0.9155516751783608
3352,test,1,1,0.996180738542942
3358,test,1,1,0.7813779023709183
3366,test,1,1,0.9902434260339725
3369,test,1,1,0.9888301920181412
3373,test,1,1,0.8771625702596046
3376,test,1,1,0.9860036770728579
3381,test,1,1,0.9656971430091645
3390,test,1,1,0.9965538703878536
3393,test,1,1,0.9860589972720427
3408,test,1,1,0.9777247845161697
3411,test,1,1,0.9534623820153688
3415,test,1,1,0.9454624976399375
3420,test,1,1,0.9755674741440933
3422,test,1,1,0.9240655400084571
3423,test,1,1,0.9181339356538826
3424,test,1,1,0.9973335343405682
3429,test,1,1,0.9727652246904416
3433,test,1,1,0.9476937446834113
3436,test,1,1,0.9955164327343305
3450,test,1,1,0.9978666986318526
3461,test,1,1,0.9964875041222577
3464,test,1,1,0.9865696686702524
3486,test,1,1,0.993197117502546
3501,test,1,1,0.868659175531719
3511,test,1,1,0.9792104295674127
3514,test,1,1,0.9229163815053235
3520,test,1,1,0.8259001116127674
3526,test,1,1,0.9878883304751167
3533,test,1,1,0.9805099409294682
3550,test,1,1,0.9321587943080567
3551,test,1,1,0.9807179259063407
3554,test,1,1,0.9968088732314533
3557,test,1,1,0.9894329924461889
3558,test,1,1,0.9552926397154433
3584,test,1,1,0.9778269693607196
3590,test,1,1,0.9847892755496552
3597,test,1,1,0.9642752543013713
3613,test,1,1,0.9527549487957194
3617,test,1,1,0.9948282840914673
3621,test,1,1,0.9611916522193819
3623,test,1,1,0.8756750923501563
3624,test,1,1,0.9620056126234198
3625,test,1,1,0.9952380409766107
3632,test,1,1,0.9885005564005932
3636,test,1,1,0.8510914259241087
3649,test,1,1,0.9953392569692926
3654,test,1,1,0.9953743602618252
3657,test,1,1,0.9880205587317323
3665,test,1,1,0.9747480056362988
3666,test,1,1,0.9942654987675278
3676,test,1,1,0.9859319004496048
3686,test,1,1,0.985608300844681
3708,test,1,1,0.878937982814464
3709,test,1,1,0.9625223950186199
3713,test,1,1,0.9879275556101184
3718,test,1,1,0.9938161411990257
3721,test,1,1,0.9835351409237545
3722,test,1,1,0.9886983788837136
3734,test,1,1,0.9808679735141238
3739,test,1,1,0.9702174509095706
3763,test,1,1,0.9976468816080002
3770,test,1,1,0.9892283699529236
3775,test,1,1,0.9969291818591319
3784,test,1,1,0.775740581313178
3796,test,1,1,0.99021786746413
3800,test,1,1,0.9940819176210055
3807,test,1,1,0.9957515339850761
3810,test,1,1,0.9777792294429098
3819,test,1,1,0.9943079956703832
3822,test,1,1,0.9944819815965849
3824,test,1,1,0.9655323830576786
3836,test,1,1,0.9860547167152336
3837,test,1,1,0.978965779485112
3841,test,1,1,0.9908000344990574
3849,test,1,1,0.9960188970704112
3860,test,1,1,0.9905468990472582
3866,test,1,1,0.9984411323729494
3868,test,1,1,0.9986198341097942
3877,test,1,1,0.9763236310263146
3879,test,1,1,0.9193239189231166
3906,test,1,1,0.9030240222988936
3926,test,1,1,0.9929834315190458
3953,test,1,1,0.9917459251191879
3962,test,1,1,0.9886213540092381
3963,test,1,1,0.9607411816232582
3970,test,1,1,0.9831370081476624
3974,test,1,1,0.9906022731929743
3991,test,1,1,0.93443528136593
3996,test,1,1,0.9829011952931066
4004,test,1,1,0.9940944920710622
4014,test,1,1,0.9776115649418211
4015,test,1,1,0.9696729707577512
4031,test,1,1,0.9556585785397628
4033,test,1,1,0.875538272916914
4043,test,1,1,0.9927958840893351
4044,test,1,1,0.9709166637111721
4052,test,1,1,0.9871696217511857
4057,test,1,1,0.9838226026471812
4059,test,1,1,0.9949934263077937
4068,test,1,1,0.9846401505954088
4069,test,1,1,0.9843573879893832
4078,test,1,1,0.9937764729717407
4085,test,1,1,0.9878304277092154
4087,test,1,1,0.9639498885083887
4090,test,1,1,0.9750911561974057
4094,test,1,1,0.9915842134398927
4099,test,1,1,0.9674075533814445
4100,test,1,1,0.993350376753353
4118,test,1,1,0.9968380693128985
4122,test,1,1,0.9505579469699053
4138,test,1,1,0.9899166069883801
4139,test,1,1,0.8884353312574754
4142,test,1,1,0.9677675073661708
4153,test,1,1,0.993710762409013
4158,test,1,1,0.9845606983049527
4188,test,1,1,0.9976804403042422
4191,test,1,1,0.9562745411445726
4210,test,1,1,0.9983252930331515
4211,test,1,1,0.9966954662258801
4215,test,1,1,0.9946640140942026
4225,test,1,1,0.9863377629983697
4226,test,1,1,0.9941296158518371
4245,test,1,1,0.9981979852695905
4258,test,1,1,0.9296708433547645
4272,test,1,1,0.9936013653203023
4275,test,1,1,0.9288883634973634
4278,test,1,1,0.9914360256384902
4284,test,1,1,0.9866443244256727
4289,test,1,1,0.9798616728699429
4294,test,1,1,0.9972257304852157
4306,test,1,1,0.9900080097867767
4313,test,1,1,0.789108449045579
4317,test,1,1,0.9847668522186223
4334,test,1,1,0.9944145779476582
4338,test,1,1,0.9807687594201399
4345,test,1,1,0.9700343739061763
4371,test,1,1,0.9961544497320622
4374,test,1,1,0.9879839929679061
4385,test,1,1,0.9953596323353051
4403,test,1,1,0.793692489092952
4435,test,1,1,0.9895091600490123
4447,test,1,1,0.9827449029396023
4451,test,1,1,0.9931270371130675
4452,test,1,1,0.951422949545085
4458,test,1,1,0.990887270775348
4464,test,1,1,0.9956393424989379
4465,test,1,1,0.9965362708828301
4476,test,1,1,0.9926989100668182
4481,test,1,1,0.9774144772011077
4488,test,1,1,0.9757100318844142
4489,test,1,1,0.9935212300566366
4510,test,1,1,0.9934507776292183
4530,test,1,1,0.8974936405006532
4533,test,1,1,0.9977160068937379
4542,test,1,1,0.9888936428120296
4549,test,1,1,0.9620471957283904
4550,test,1,1,0.9662096610202416
4558,test,1,1,0.9890433738199614
4568,test,1,1,0.9972510540762656
4570,test,1,1,0.9639799584012743
4576,test,1,1,0.9923702076918681
4587,test,1,1,0.9954545102514172
4599,test,1,1,0.9899487056204485
4604,test,1,1,0.9806296729745068
4610,test,1,1,0.9537820622419232
4618,test,1,1,0.9937715967173623
4621,test,1,1,0.9955518280686855
4623,test,1,1,0.9896931158626042
4637,test,1,1,0.9887240290529765
4649,test,1,1,0.9523463767255986
4652,test,1,1,0.9712016337741957
4655,test,1,1,0.9982510165384084
4661,test,1,1,0.9854640748221486
4669,test,1,1,0.9835018537979808
4671,test,1,1,0.9726593971696426
4681,test,1,1,0.9614359138123683
4684,test,1,1,0.9955604518102974
4691,test,1,1,0.9590709013995948
4692,test,1,1,0.9834420549357917
4695,test,1,1,0.9979082530325853
4696,test,1,1,0.9771632529224352
4698,test,1,1,0.8932762365164855
4703,test,1,1,0.9959912349708179
4708,test,1,1,0.9606875982169145
4714,test,1,1,0.9866561012375098
4715,test,1,1,0.9830557391049063
4719,test,1,1,0.9836145547230258
4729,test,1,1,0.9974440031259103
4734,test,1,1,0.9928669722921835
4735,test,1,1,0.9403591473011964
4745,test,1,1,0.934981969248998
4752,test,1,1,0.9351355435667659
4754,test,1,1,0.9954917750877739
4767,test,1,1,0.9263095962390705
4780,test,1,1,0.9897734776367385
4789,test,1,1,0.9979208587560832
4806,test,1,1,0.99068449343294
4809,test,1,1,0.9970847906804687
4836,test,1,1,0.8301301777776994
4849,test,1,1,0.9940282989867315
4852,test,1,1,0.6714174108106558
4854,test,1,1,0.9841255409406409
4862,test,1,1,0.9850894546697072
4872,test,1,1,0.9959190257350381
4879,test,1,1,0.6898465766334029
4881,test,1,1,0.992163447328269
4886,test,1,1,0.9898964945284802
4898,test,1,1,0.9803673180064443
4904,test,1,1,0.7163916223215362
4909,test,1,1,0.9944988832736574
4920,test,1,1,0.9979679516813071
4944,test,1,1,0.9913459814129624
4951,test,1,1,0.996612822900233
4954,test,1,1,0.9606757913215538
4966,test,1,1,0.9910638776379881
4973,test,1,1,0.9932347655610532
4994,test,1,1,0.9864602939957463
5003,test,1,1,0.9489917054745733
5004,test,1,1,0.9920735581250344
5013,test,1,1,0.9932540695304497
5017,test,1,1,0.995826727728377
5019,test,1,1,0.9948872219249981
5022,test,1,1,0.9878122284574248
5032,test,1,1,0.9632709323039477
5043,test,1,1,0.9917596066200495
5048,test,1,1,0.9820030463554076
5049,test,1,1,0.998703740482283
5050,test,1,1,0.9901051783529891
5051,test,1,1,0.9979936726458808
5053,test,1,1,0.9978903422609403
5058,test,1,1,0.9703091368377409
5064,test,1,1,0.9937093338140986
5072,test,1,1,0.9321215300165502
5077,test,1,1,0.9780223880288827
5088,test,1,1,0.9651239732369719
5099,test,1,1,0.9973857799059307
5101,test,1,1,0.9930764693885851
5102,test,1,1,0.8958250824320293
5103,test,1,1,0.9937278534477881
5120,test,1,1,0.9857910572105812
5123,test,1,1,0.8985088728091302
5125,test,1,1,0.9899870596603314
5130,test,1,1,0.9880465651534491
5134,test,1,1,0.9968651421452895
5136,test,1,1,0.8948604645563469
5137,test,1,1,0.9812524538500866
5143,test,1,1,0.991516927489629
5149,test,1,1,0.9690568367844372
5161,test,1,1,0.9953854230343036
5176,test,1,1,0.9410100567787859
5180,test,1,1,0.9784804313400337
5182,test,1,1,0.9914708147900383
5184,test,1,1,0.9654629272594223
5188,test,1,1,0.9926760797386129
5194,test,1,1,0.9781071336015791
5217,test,1,1,0.8922534179988619
5234,test,1,1,0.9672246205249656
5248,test,1,1,0.9479984791697185
5257,test,1,1,0.9869522533573772
5259,test,1,1,0.9962465066250223
5271,test,1,1,0.8760300810057163
5272,test,1,1,0.9934929193535409
5273,test,1,1,0.9984656286725716
5289,test,1,1,0.9925250401179737
5290,test,1,1,0.9964617870976054
5293,test,1,1,0.9883235357147082
5301,test,1,1,0.9823419785467177
5311,test,1,1,0.9195765154736292
5312,test,1,1,0.9867914942392118
5320,test,1,1,0.9695551488222756
5347,test,1,1,0.8799889786004359
5349,test,1,1,0.9989189229218813
5351,test,1,1,0.9418230205420188
5359,test,1,1,0.9859592755022836
5363,test,1,1,0.9942385717649808
5365,test,1,1,0.8554329096033592
5385,test,1,1,0.9852945297638263
5404,test,1,1,0.9934759675406752
5408,test,1,1,0.9759282309787307
5412,test,1,1,0.9861275889386142
5418,test,1,1,0.97772529722108
5421,test,1,1,0.9988149028829669
5435,test,1,1,0.9696755417784643
5437,test,1,1,0.9925860585307614
5441,test,1,1,0.9473342926802156
5446,test,1,1,0.9961130282306897
5452,test,1,1,0.995994739491329
5471,test,1,1,0.8994870530937182
5474,test,1,1,0.9902252750412558
5479,test,1,1,0.9502231076705003
5480,test,1,1,0.9314169895957055
5489,test,1,1,0.9895865753607078
5492,test,1,1,0.9476923765511995
5493,test,1,1,0.5047495031152095
5499,test,1,1,0.9893189866449722
5502,test,1,1,0.9971623048833128
5515,test,1,1,0.9676916003725297
5516,test,1,1,0.9512403229457868
5524,test,1,1,0.9967362206892916
5529,test,1,1,0.8701380886203265
5547,test,1,1,0.9858819637149048
5565,test,1,1,0.8816524420607837
5566,test,1,1,0.629250285575539
5573,test,1,1,0.9738059240844829
5587,test,1,1,0.966786159437218
5593,test,1,1,0.9890457302992371
5597,test,1,1,0.9936323572840076
5600,test,1,1,0.9940157462765354
5612,test,1,1,0.9865223568854217
5618,test,1,1,0.9704132016740302
5622,test,1,1,0.9893161171570867
5635,test,1,1,0.9985775443545483
5639,test,1,1,0.978154565070079
5663,test,1,1,0.9603362861966095
5690,test,1,1,0.9904851986516535
5696,test,1,1,0.9912206094266227
5701,test,1,1,0.9946281980981266
5702,test,1,1,0.9987676499206584
5710,test,1,1,0.9937960534211827
5718,test,1,1,0.9328746147555198
5729,test,1,1,0.9705493877594166
5737,test,1,1,0.8198661021760336
5738,test,1,1,0.9852602282391979
5752,test,1,1,0.8937901184842311
5761,test,1,1,0.993741904839358
5767,test,1,1,0.9876198083467136
5768,test,1,1,0.8060644354150478
5775,test,1,1,0.9808944910921223
5779,test,1,1,0.9924244679158596
5789,test,1,1,0.9866714747365388
5802,test,1,1,0.9709812051887279
5816,test,1,1,0.99402123623237
5817,test,1,1,0.9787615958600493
5818,test,1,1,0.7940194032762495
5820,test,1,1,0.9919929145325299
5827,test,1,1,0.9843517611826575
5830,test,1,1,0.9909421590290232
5831,test,1,1,0.9475492987885011
5845,test,1,1,0.9679596441900784
5866,test,1,1,0.9991110224910262
5870,test,1,1,0.9775457618262207
5877,test,1,1,0.993711627083404
5884,test,1,1,0.97883571418618
5887,test,1,1,0.9847164382330196
5889,test,1,1,0.9961256090654721
5902,test,1,1,0.9971298160077603
5903,test,1,1,0.987494089858946
5905,test,1,1,0.9947307356187995
5942,test,1,1,0.9906867571111589
5945,test,1,1,0.9044633171540603
5957,test,1,1,0.9766009136505696
5958,test,1,1,0.9631712245253347
5970,test,1,1,0.9576971966595296
5971,test,1,1,0.989144003632256
5973,test,1,1,0.8992238341723409
5983,test,1,1,0.9451462825995165
5988,test,1,1,0.9296273605499167
5996,test,1,1,0.9980660526989271
5998,test,1,1,0.9908003473212731
5999,test,1,1,0.9906274573798743
6032,test,1,1,0.9894976366195996
6040,test,1,1,0.9921772956926055
6044,test,1,1,0.920950932107488
6059,test,1,1,0.9472367225457118
6063,test,1,1,0.9949927446856374
6077,test,1,1,0.9896718301868778
6080,test,1,1,0.9906557269921356
6086,test,1,1,0.9946832047217168
6088,test,1,1,0.9775684710351463
6090,test,1,1,0.9002261394320179
6091,test,1,1,0.9947811357469284
6098,test,1,1,0.9985373438030339
6104,test,1,1,0.5468016215628194
6106,test,1,1,0.9899002668179596
6107,test,1,1,0.9172234156321222
6115,test,1,1,0.9942497840063949
6121,test,1,1,0.974335457254182
6122,test,1,1,0.9904392934193006
6123,test,1,1,0.9920365253148522
6125,test,1,1,0.9944955609916368
6132,test,1,1,0.9697546467935635
6136,test,1,1,0.9669245337429585
6137,test,1,1,0.9908067389235249
6152,test,1,1,0.9789690721240383
6153,test,1,1,0.9850431321537128
6157,test,1,1,0.9315967210674447
6165,test,1,1,0.9926679054343224
6172,test,1,1,0.9962458578970368
6173,test,1,1,0.9949672017242922
6174,test,1,1,0.9896599190381895
6198,test,1,1,0.7552237320612758
6209,test,1,1,0.9252392622497476
6212,test,1,1,0.9770980437808988
6228,test,1,1,0.9436158608236823
6241,test,1,1,0.9243821540349966
6244,test,1,1,0.9875100528206359
6250,test,1,1,0.9571287276843012
6251,test,1,1,0.9098712761430373
6261,test,1,1,0.6950516960791753
6277,test,1,1,0.9901110160439858
6287,test,1,1,0.9776120853500708
6294,test,1,1,0.9042331479480221
6299,test,1,1,0.987158302756809
6306,test,1,1,0.9904438587791131
6335,test,1,1,0.9932060451702515
6344,test,1,1,0.9909233692602116
6353,test,1,1,0.980242875049938
6357,test,1,1,0.9922554986527218
6360,test,1,1,0.9899993578350886
6369,test,1,1,0.9970227992576016
6370,test,1,1,0.9589152767151591
6372,test,1,1,0.9953151483286344
6375,test,1,1,0.9408747596912922
6389,test,1,1,0.979852525801374
6405,test,1,1,0.9969152083690775
6416,test,1,1,0.959598844978207
6417,test,1,1,0.9721866560247695
6433,test,1,1,0.9650307986831329
6435,test,1,1,0.9774271645372444
6443,test,1,1,0.9657146494811727
6444,test,1,1,0.9727208578195953
6459,test,1,1,0.9928850775240301
6461,test,1,1,0.9882062532354723
6465,test,1,1,0.9901574561825394
6467,test,1,1,0.9697543965424364
6485,test,1,1,0.9046082708462484
6495,test,1,1,0.9884907876302749
6501,test,1,1,0.9947976120593209
6504,test,1,1,0.99254420287144
6540,test,1,1,0.9982699902424081
6557,test,1,1,0.9635513075945616
6559,test,1,1,0.8560118237862644
6565,test,1,1,0.9980267283397007
6579,test,1,1,0.994423549639958
6582,test,1,1,0.9918188438330879
6588,test,1,1,0.9918769487922187
6589,test,1,1,0.9942297115546308
6590,test,1,1,0.9368211641511532
6599,test,1,1,0.9760563964644982
6602,test,1,1,0.9734835415303638
6603,test,1,1,0.9974502627908924
6609,test,1,1,0.992077310245518
6614,test,1,1,0.9869159335635405
6619,test,1,1,0.9476332379560108
6623,test,1,1,0.9674548538228983
6628,test,1,1,0.9854434164946212
6651,test,1,1,0.8784360514061925
6654,test,1,1,0.9892949704683756
6655,test,1,1,0.9864810291088667
6667,test,1,1,0.9743353035462391
6669,test,1,1,0.9946878700022278
6682,test,1,1,0.9446455705732584
6685,test,1,1,0.968879593525816
6692,test,1,1,0.9506783301516732
6703,test,1,1,0.9656518185944319
6706,test,1,1,0.9939550111316598
6707,test,1,1,0.9845580428119297
6711,test,1,1,0.9862045687185729
6713,test,1,1,0.9973492194956671
6714,test,1,1,0.9537812796276026
6717,test,1,1,0.9405451653188872
6723,test,1,1,0.9909076844029597
6731,test,1,1,0.9911230995513279
6733,test,1,1,0.9707340429337413
6744,test,1,1,0.9899093962412929
6748,test,1,1,0.9524986518790753
6754,test,1,1,0.9475729438938588
6761,test,1,1,0.9149240144432843
6762,test,1,1,0.9949841738654998
6763,test,1,1,0.9644215580364603
6771,test,1,1,0.9968186512893124
6773,test,1,1,0.9894131864690681
6783,test,1,1,0.9949177072950325
6785,test,1,1,0.9075771529914624
6791,test,1,1,0.9719599629372959
6795,test,1,1,0.9446323574092205
6798,test,1,1,0.9867570698571538
6799,test,1,1,0.9623674629045936
6805,test,1,1,0.9360714439105614
6809,test,1,1,0.9827808969940536
6817,test,1,1,0.9961838012964258
6829,test,1,1,0.9890814714617163
6834,test,1,1,0.9697720358976561
6838,test,1,1,0.9984568886910956
6840,test,1,1,0.7436722170303912
6842,test,1,1,0.9682680785584239
6844,test,1,1,0.9874435815949117
6854,test,1,1,0.9920260556798187
6855,test,1,1,0.9882112935695133
6861,test,1,1,0.9959987727366085
6864,test,1,1,0.9895660004256402
6871,test,1,1,0.9964588125826818
6880,test,1,1,0.9900804925289008
6881,test,1,1,0.9656745804700776
6911,test,1,1,0.9902439202074638
6913,test,1,1,0.9828337570697467
6918,test,1,1,0.7468993585929883
6919,test,1,1,0.9755228048263024
6945,test,1,1,0.9895783647810074
6949,test,1,1,0.9923006079330232
6950,test,1,1,0.9370447920428983
6952,test,1,1,0.9961777231895081
6953,test,1,1,0.9905203504074463
6964,test,1,1,0.9964694807697384
6993,test,1,1,0.9837058686554121
7004,test,1,1,0.9972506836781478
7006,test,1,1,0.9665124950375499
7034,test,1,1,0.9630965594858305
7043,test,1,1,0.993447215081964
7045,test,1,1,0.9801936525107304
7048,test,1,1,0.9925813265278522
7053,test,1,1,0.9644373753120511
7055,test,1,1,0.9169945399034014
7059,test,1,1,0.996824994916946
7077,test,1,1,0.9906793758798621
7084,test,1,1,0.9983964902695679
7087,test,1,1,0.9908874229074278
7089,test,1,1,0.8514121664032075
7092,test,1,1,0.989491419004004
7095,test,1,1,0.9158536533600509
7121,test,1,1,0.9813867474070535
7125,test,1,1,0.996084519701523
7131,test,1,1,0.9821501232815315
7135,test,1,1,0.9880134083681221
7150,test,1,1,0.7130630766219351
7153,test,1,1,0.9105037943338822
7154,test,1,1,0.8479044672273589
7159,test,1,1,0.9463072487101597
7163,test,1,1,0.9145754622588059
7166,test,1,1,0.9299611378624093
7167,test,1,1,0.962052854748771
7170,test,1,1,0.9967074070746507
7172,test,1,1,0.9530903293362838
7197,test,1,1,0.9730093754493958
7198,test,1,1,0.8473688519801464
7208,test,1,1,0.9649970449583297
7224,test,1,1,0.9378639893479566
7227,test,1,1,0.9956910852834316
7230,test,1,1,0.9952499790988318
7256,test,1,1,0.9853481077732584
7263,test,1,1,0.9188676819643923
7264,test,1,1,0.5828493453459037
7280,test,1,1,0.9984798854564809
7298,test,1,1,0.9851536978452289
7299,test,1,1,0.9708923030043375
7311,test,1,1,0.9750995822016436
7312,test,1,1,0.9748982123527166
7343,test,1,1,0.9816260877134341
7344,test,1,1,0.9644590147575645
7363,test,1,1,0.9911128701369505
7369,test,1,1,0.9689230073889236
7377,test,1,1,0.9951011977232277
7379,test,1,1,0.9584290900191759
7381,test,1,1,0.9957344675728801
7384,test,1,1,0.9864942383989961
7391,test,1,1,0.977200022967255
7394,test,1,1,0.9754130799449773
7398,test,1,1,0.9853439863651067
7399,test,1,1,0.9820004880432625
7407,test,1,1,0.9940790966159241
7408,test,1,1,0.9931160654278546
7426,test,1,1,0.9839435855309994
7428,test,1,1,0.9755246631294675
7432,test,1,1,0.9578390112932847
7433,test,1,1,0.9853893030274465
7445,test,1,1,0.9962115772289039
7447,test,1,1,0.9888690585411702
7450,test,1,1,0.9569356663096136
7453,test,1,1,0.811892657934995
7466,test,1,1,0.9237851709015411
7477,test,1,1,0.710846106978961
7500,test,1,1,0.9320901034771557
7502,test,1,1,0.9703072202749351
7504,test,1,1,0.8885234959823931
7507,test,1,1,0.9588947345903123
7509,test,1,1,0.9211007989350154
7513,test,1,1,0.9736958616298131
7519,test,1,1,0.9939605550416121
7521,test,1,1,0.9930649042302231
7523,test,1,1,0.8878007154644804
7527,test,1,1,0.9789666471778433
7546,test,1,1,0.9747791311984116
7550,test,1,1,0.9927745846667202
7566,test,1,1,0.9726274298261698
7583,test,1,1,0.9952390029904683
7585,test,1,1,0.9930010127271843
7590,test,1,1,0.9896452812645838
7608,test,1,1,0.99071047228926
7630,test,1,1,0.9207340906599103
7636,test,1,1,0.9306738519569413
7641,test,1,1,0.9543515303741774
7649,test,1,1,0.9943578556438007
7655,test,1,1,0.9780626241509027
7660,test,1,1,0.9697179889209967
7663,test,1,1,0.8819998347428789
7669,test,1,1,0.9934900256589584
7691,test,1,1,0.9947702874822173
7698,test,1,1,0.944968746474214
7699,test,1,1,0.9868812583832169
7703,test,1,1,0.9826880879073498
7704,test,1,1,0.9932695752649945
7709,test,1,1,0.9789718282969181
7713,test,1,1,0.9928645844255786
7716,test,1,1,0.9975823986901043
7728,test,1,1,0.9977700577818928
7733,test,1,1,0.9968199386081078
7734,test,1,1,0.9979592835362252
7739,test,1,1,0.9070577757370367
7760,test,1,1,0.9913816138545906
7763,test,1,1,0.9805412995469304
7765,test,1,1,0.934299376649343
7771,test,1,1,0.9931850576146409
7773,test,1,1,0.9970023299491451
7778,test,1,1,0.9893317769295235
7784,test,1,1,0.9799279883605646
7787,test,1,1,0.9853165807497392
7795,test,1,1,0.9811063524773016
7798,test,1,1,0.9765616133914066
7799,test,1,1,0.9549127581381837
7802,test,1,1,0.9954192769420916
7807,test,1,1,0.9972344330077247
7809,test,1,1,0.9648912920785453
7816,test,1,1,0.9850378074139944
7824,test,1,1,0.9835378255651251
7826,test,1,1,0.864481522758707
7829,test,1,1,0.9868105500598645
7836,test,1,1,0.8817557174058885
7854,test,1,1,0.9851007214912544
7855,test,1,1,0.9855851684651418
7860,test,1,1,0.9924387741625382
7872,test,1,1,0.9644448053331619
7882,test,1,1,0.9956465744781284
7884,test,1,1,0.9666445670480236
7905,test,1,1,0.9966210205699318
7906,test,1,1,0.9876691023749277
7908,test,1,1,0.9707495697805185
7909,test,1,1,0.9761082238337984
7923,test,1,1,0.9869160043101797
7929,test,1,1,0.9892933094489013
7936,test,1,1,0.966604028240378
7952,test,1,1,0.9858812663364933
7962,test,1,1,0.997191171509227
7971,test,1,1,0.9867482924563129
7973,test,1,1,0.9222371287906526
7977,test,1,1,0.974392764331434
7983,test,1,1,0.9862433387824892
8005,test,1,1,0.9955609527313811
8010,test,1,1,0.9911520015974458
8026,test,1,1,0.8647385312986773
8027,test,1,1,0.8937854516874135
8029,test,1,1,0.9436137457419619
8035,test,1,1,0.9498199668645446
8042,test,1,1,0.954616796462975
8050,test,1,1,0.9894225609910446
8051,test,1,1,0.8989634211135781
8056,test,1,1,0.9963033644909376
8058,test,1,1,0.963652090113021
8065,test,1,1,0.9901747522480449
8071,test,1,1,0.9248600907793232
8075,test,1,1,0.9664351470525319
8099,test,1,1,0.974654244206825
8100,test,1,1,0.7425865207387657
8106,test,1,1,0.5270544515689555
8115,test,1,1,0.9856648067109225
8117,test,1,1,0.9812187313547341
8120,test,1,1,0.9983989731411471
8126,test,1,1,0.9100472961911511
8144,test,1,1,0.9747043332638686
8158,test,1,1,0.9522337354684303
8164,test,1,1,0.9919026454041208
8173,test,1,1,0.9862604529918069
8191,test,1,1,0.9538717254318503
8199,test,1,1,0.9653999307272387
8203,test,1,1,0.9731525795430397
8205,test,1,1,0.9719827935591352
8207,test,1,1,0.9943503859966322
8210,test,1,1,0.9629924815606696
8215,test,1,1,0.9795412070630789
8222,test,1,1,0.9972335528410168
8242,test,1,1,0.9730011667083509
8247,test,1,1,0.9849761432006849
8262,test,1,1,0.9753559468766714
8264,test,1,1,0.9974491444369948
8265,test,1,1,0.8034826817252343
8272,test,1,1,0.9670908524964574
8276,test,1,1,0.9852390402087389
8294,test,1,1,0.9699987261550974
8295,test,1,1,0.9742768511301506
8298,test,1,1,0.9942812909889894
8299,test,1,1,0.9604006541941013
8301,test,1,1,0.9934491743570941
8302,test,1,1,0.9852778738686173
8308,test,1,1,0.995975257016632
8309,test,1,1,0.9836521912552849
8316,test,1,1,0.9959397795390382
8325,test,1,1,0.9730696002286392
8331,test,1,1,0.9593235990752778
8334,test,1,1,0.9957218639563274
8335,test,1,1,0.9743676986247332
8343,test,1,1,0.9764993257818892
8345,test,1,1,0.9831692335212278
8348,test,1,1,0.9525680512061183
8353,test,1,1,0.9836675268610064
8356,test,1,1,0.9622249952917614
8376,test,1,1,0.9388032842890744
8382,test,1,1,0.9786071554388042
8400,test,1,1,0.9955043040933372
8412,test,1,1,0.9979542664747304
8414,test,1,1,0.9909864081056605
8428,test,1,1,0.9916877221228433
8436,test,1,1,0.9726875793813663
8441,test,1,1,0.9214855960714979
8443,test,1,1,0.9922515683479274
8454,test,1,1,0.9947241394023998
8457,test,1,1,0.9628564596719041
8460,test,1,1,0.9345603310379187
8489,test,1,1,0.974122985874595
8497,test,1,1,0.9866224098814065
8501,test,1,1,0.9799896841023086
8503,test,1,1,0.8031695227855511
8523,test,1,1,0.9890053454799803
8547,test,1,1,0.9379166732159552
8553,test,1,1,0.9939871056972103
8563,test,1,1,0.992659785295716
8566,test,1,1,0.9978900609976078
8577,test,1,1,0.9601469936647309
8580,test,1,1,0.9826695503587045
8581,test,1,1,0.993158576621881
8607,test,1,1,0.9972081499517165
8614,test,1,1,0.9886426309716767
8616,test,1,1,0.509985153539547
8621,test,1,1,0.9894830988682674
8623,test,1,1,0.9675893221110955
8630,test,1,1,0.9921671506072971
8638,test,1,1,0.912809623585889
8643,test,1,1,0.9682465985792322
8644,test,1,1,0.9974711330402056
8649,test,1,1,0.9957194869238575
8651,test,1,1,0.9983427335657484
8657,test,1,1,0.9893151190447974
8659,test,1,1,0.997646656800898
8673,test,1,1,0.9695144552601216
8676,test,1,1,0.9338904481390988
8678,test,1,1,0.9930593647759298
8689,test,1,1,0.9832237220802532
8692,test,1,1,0.996396687929276
8700,test,1,1,0.8818435750350704
8706,test,1,1,0.9414436869958618
8710,test,1,1,0.9979181673348585
8712,test,1,1,0.9982963283865299
8714,test,1,1,0.9953209801839071
8718,test,1,1,0.9571070787412264
8720,test,1,1,0.9926114354481157
8727,test,1,1,0.950698625106507
8743,test,1,1,0.9588360523671873
8749,test,1,1,0.9212638740029149
8756,test,1,1,0.9715601337413202
8762,test,1,1,0.9794033913707565
8763,test,1,1,0.9810830520852936
8766,test,1,1,0.9812928257803872
8767,test,1,1,0.9785328932223193
8773,test,1,1,0.997755327156642
8776,test,1,1,0.9942001172801892
8778,test,1,1,0.9973141535116296
8785,test,1,1,0.9878051484436002
8797,test,1,1,0.9972437953609571
8803,test,1,1,0.9994213734991838
8806,test,1,1,0.9473332353728959
8808,test,1,1,0.9908682252124115
8810,test,1,1,0.9878848677689357
8811,test,1,1,0.9614688635184204
8812,test,1,1,0.9849598586224988
8817,test,1,1,0.9939498159504699
8819,test,1,1,0.9470654092782027
8823,test,1,1,0.9536636322796956
8826,test,1,1,0.9624685226616215
8827,test,1,1,0.9851540612963893
8834,test,1,1,0.9537267314391862
8835,test,1,1,0.9951042495092852
8839,test,1,1,0.9848180605439114
8843,test,1,1,0.9633269230034289
8847,test,1,1,0.8656511421213301
8859,test,1,1,0.9705124585025805
8861,test,1,1,0.9967630655994425
8862,test,1,1,0.9274354106994236
8863,test,1,1,0.9866684187649617
8872,test,1,1,0.8570760551315374
8873,test,1,1,0.9892055662927489
8874,test,1,1,0.9920119383051129
8877,test,1,1,0.9954493164719871
8878,test,1,1,0.9969767829986952
8890,test,1,1,0.9817052271427953
8906,test,1,1,0.9322200486314622
8917,test,1,1,0.8850432441726314
8922,test,1,1,0.9979513665841485
8924,test,1,1,0.9550333163373399
8932,test,1,1,0.9940532280042964
8937,test,1,1,0.9898890183177668
8949,test,1,1,0.9969340572633837
8951,test,1,1,0.998989814882929
8958,test,1,1,0.9641657254343226
8972,test,1,1,0.9731771484427738
8973,test,1,1,0.9873352786001818
8989,test,1,1,0.9808351105548673
8995,test,1,1,0.9911463543736744
8998,test,1,1,0.97907900166909
9005,test,1,1,0.9977179303790327
9011,test,1,1,0.9853161935492144
9014,test,1,1,0.9967170243628947
9017,test,1,1,0.9472144048759604
9028,test,1,1,0.9906466054741608
9047,test,1,1,0.9716975251586905
9048,test,1,1,0.9152867984112936
9055,test,1,1,0.9223093411798349
9077,test,1,1,0.9904942144402742
9095,test,1,1,0.6846192817834804
9098,test,1,1,0.818481525320976
9099,test,1,1,0.9801576607617795
9109,test,1,1,0.9326879802916672
9122,test,1,1,0.9750593867837208
9138,test,1,1,0.9557137610651719
9156,test,1,1,0.9400606888412915
9161,test,1,1,0.9593226851837685
9168,test,1,1,0.866903962010798
9176,test,1,1,0.726669238725621
9179,test,1,1,0.9072657617271375
9184,test,1,1,0.9858314959508763
9196,test,1,1,0.918227582122522
9200,test,1,1,0.9047329540395399
9201,test,1,1,0.8779656099896146
9202,test,1,1,0.9272877410709106
9203,test,1,1,0.9030018214543654
9204,test,1,1,0.9953648433755415
9209,test,1,1,0.9787250677939214
9210,test,1,1,0.9471231263863231
9216,test,1,1,0.9455332024988614
9226,test,1,1,0.9517120340990558
9228,test,1,1,0.7779135830637286
9243,test,1,1,0.9200159660505955
9257,test,1,1,0.87089065828245
9259,test,1,1,0.8040095501403237
9262,test,1,1,0.8624482178665721
9266,test,1,1,0.9578806598233439
9269,test,1,1,0.9790246861170694
9276,test,1,1,0.9806780444491232
9292,test,1,1,0.9244397051142507
9309,test,1,1,0.9671443317147107
9315,test,1,1,0.953147323169424
9321,test,1,1,0.987359386292603
9329,test,1,1,0.9606963947766568
9348,test,1,0,0.3944134422921319
9364,test,1,1,0.9658979855513352
9378,test,1,1,0.8803202414463838
9380,test,1,1,0.8979533763235218
9391,test,1,1,0.9684296022819239
9401,test,1,1,0.850886779545505
9402,test,1,1,0.9095974830662797
9405,test,1,1,0.996402648895332
9410,test,1,1,0.9778995456837744
9412,test,1,1,0.8815940201000044
9416,test,1,1,0.6538359385771618
9421,test,1,1,0.9636488547394072
9439,test,1,1,0.9947886838561659
9443,test,1,1,0.973459533169074
9449,test,1,1,0.9326300648586724
9450,test,1,1,0.9871555929724092
9453,test,1,1,0.976659644661593
9465,test,1,0,0.4203004650579014
9467,test,1,1,0.9086520466664885
9472,test,1,1,0.9922739987977485
9483,test,1,1,0.9947232708413674
9485,test,1,1,0.9704227098516696
9487,test,1,1,0.833735951535553
9500,test,1,1,0.9965446456836659
9530,test,1,1,0.7494517411172285
9533,test,1,1,0.7799218485893247
9541,test,1,1,0.9654268986054221
9542,test,1,1,0.6919934135086944
9544,test,1,0,0.48526234233598686
9551,test,1,0,0.2256263690663865
9567,test,1,1,0.9106360509587813
9574,test,1,1,0.5636369527617682
9575,test,1,1,0.9374946483289236
9585,test,1,1,0.9488932968044419
9586,test,1,1,0.9919742554336669
9589,test,1,1,0.9908263423007043
9600,test,1,1,0.9417534532410096
9605,test,1,1,0.9844903668049628
9608,test,1,1,0.8660317121598272
9610,test,1,1,0.886417346751174
9615,test,1,1,0.8641509465438307
9630,test,1,1,0.996193122465076
9635,test,1,1,0.9929899462380881
9639,test,1,1,0.9296887881080149
9650,test,1,1,0.9826562255032586
9658,test,1,1,0.8653275180508706
9660,test,1,1,0.8804218185552813
9666,test,1,1,0.9822422142308582
9668,test,1,1,0.9656051228180766
9669,test,1,1,0.9736136093160132
9670,test,1,1,0.6716334853294856
9680,test,1,1,0.8478706676585912
9688,test,1,1,0.9151741652405913
9691,test,1,1,0.9100102808785921
9698,test,1,0,0.43769959854404117
9700,test,1,1,0.9909441526446691
9705,test,1,1,0.9821653842226993
9707,test,1,1,0.7455186322208173
9710,test,1,1,0.9810357977538536
9713,test,1,1,0.9854563422099589
9715,test,1,1,0.9751895705155557
9717,test,1,1,0.9894828385825963
9727,test,1,1,0.9851230457024369
9730,test,1,1,0.9176276969544989
9741,test,1,1,0.9280042328496102
9746,test,1,1,0.8894292979763239
9749,test,1,1,0.9478438785315815
9755,test,1,0,0.3671061920312937
9757,test,1,1,0.9693507378683925
9762,test,1,1,0.8751446411630065
9777,test,1,1,0.9802055540135375
9781,test,1,1,0.9522554667532194
9797,test,1,1,0.9792734253709409
9800,test,1,1,0.9850857476770555
9806,test,1,1,0.9714400437378571
9812,test,1,1,0.9203558615650279
9813,test,1,1,0.9794240763449594
9822,test,1,1,0.9656812985286457
9823,test,1,1,0.9395960914954807
9824,test,1,1,0.9147210272817476
9825,test,1,1,0.9277769649284661
9832,test,1,1,0.8979077025316788
9849,test,1,1,0.7625502332966182
9857,test,1,1,0.9843278943000889
9863,test,1,1,0.9494564153908539
9866,test,1,1,0.9708673674441506
9872,test,1,1,0.9629502234369615
9873,test,1,1,0.9821540423728683
9878,test,1,1,0.9987868762836515
9881,test,1,1,0.9682889265686534
9892,test,1,1,0.9740706018432196
9894,test,1,1,0.71420628593038
9898,test,1,1,0.983802016721855
9913,test,1,1,0.8406214866380513
9916,test,1,1,0.9801165454665434
9937,test,1,1,0.9651811489437759
9940,test,1,1,0.9152733642465001
9952,test,1,1,0.9359953714508968
9965,test,1,1,0.9921885765547065
9967,test,1,1,0.9073004693914771
9974,test,1,1,0.9511197275069284
9978,test,1,1,0.9862015255515089
9980,test,1,0,0.36903886236983907
9989,test,1,1,0.9864405174345104
9991,test,1,1,0.9979253377527659
10001,test,1,1,0.9703136937337191
10015,test,1,1,0.6347335368379121
10022,test,1,1,0.9412628282612411
10025,test,1,1,0.8728588409449538
10034,test,1,1,0.8454614812323468
10053,test,1,1,0.9261558962719952
10055,test,1,1,0.9603187278205493
10058,test,1,1,0.9118259367419559
10067,test,1,1,0.9581238445406238
10068,test,1,1,0.995814491949847
10078,test,1,1,0.995340814234396
10080,test,1,1,0.9736243709967493
10083,test,1,1,0.9384851593471417
10086,test,1,1,0.9917386011906736
10108,test,1,1,0.8786903863633166
10114,test,1,1,0.9151218959871551
10128,test,1,1,0.9765190496562066
10130,test,1,1,0.9890675455386962
10132,test,1,1,0.8118210580935106
10133,test,1,1,0.840807202955118
10138,test,1,1,0.9934323765606496
10143,test,1,1,0.8780478511804036
10144,test,1,1,0.9321189079152283
10150,test,1,1,0.9936138573667774
10165,test,1,1,0.9398297454747014
10168,test,1,1,0.918616406933962
10179,test,1,1,0.522556723743362
10188,test,1,1,0.7355452653765926
10191,test,1,1,0.9600640660134371
10193,test,1,1,0.5792099176649818
10194,test,1,1,0.9090972082642881
10199,test,1,1,0.7182743135340358
10212,test,1,1,0.8985200800204484
10213,test,1,1,0.8052309020369008
10218,test,1,1,0.7462335712814581
10219,test,1,1,0.956850181680762
10220,test,1,1,0.9086934199673731
10227,test,1,1,0.9367254861063504
10232,test,1,1,0.9887053110410923
10244,test,1,1,0.967380406702152
10246,test,1,1,0.986389935520173
10248,test,1,1,0.9796258150822448
10256,test,1,1,0.9573355753097103
10269,test,1,1,0.6952404378758318
10270,test,1,1,0.9409833165997887
10272,test,1,1,0.9661151936276412
10273,test,1,1,0.9669638099996395
10296,test,1,1,0.9084823923088803
10301,test,1,1,0.9640559498503264
10318,test,1,1,0.9906369537664217
10320,test,1,1,0.9572568332715086
10327,test,1,1,0.9666771528186133
10340,test,1,1,0.9852637136302252
10346,test,1,1,0.8768905754233185
10350,test,1,1,0.9551530768345623
10366,test,1,1,0.9877847514402297
10368,test,1,1,0.992868535664796
10382,test,1,1,0.9833198089143017
10386,test,1,1,0.9723124301105269
10417,test,1,0,0.48616297840192035
10433,test,1,1,0.9864275432183621
10440,test,1,1,0.8239445882451819
10444,test,1,1,0.8752792986633963
10457,test,1,1,0.7951597542871401
10481,test,1,1,0.9859385082340624
10482,test,1,1,0.992953928731878
10483,test,1,1,0.9775665988063371
10487,test,1,1,0.9544548662718048
10491,test,1,1,0.9691715839947831
10495,test,1,1,0.8795933798547184
10505,test,1,1,0.9529764599642969
10515,test,1,1,0.9686284066375715
10535,test,1,1,0.9858911364765036
10543,test,1,1,0.9630499194112424
10546,test,1,1,0.9086887785849931
10549,test,1,1,0.9902172734713319
10553,test,1,1,0.9614519098127331
10555,test,1,1,0.9762353756018383
10556,test,1,1,0.9434199823941034
10559,test,1,1,0.9247607372817324
10569,test,1,1,0.968306776812102
10574,test,1,1,0.9565935402201958
10589,test,1,1,0.97618513807512
10605,test,1,1,0.6096667920582386
10614,test,1,1,0.9834195192598855
10624,test,1,1,0.963917071313313
10630,test,1,1,0.9909865134020166
10633,test,1,1,0.9510111177093649
10634,test,1,1,0.6790324238151606
10641,test,1,1,0.9388325900511353
10653,test,1,1,0.9532818126875581
10658,test,1,1,0.9847787956064907
10659,test,1,1,0.9104111286493748
10664,test,1,1,0.9833978845727782
10673,test,1,1,0.9026447579427457
10683,test,1,1,0.9304080383764173
10684,test,1,1,0.8373751809409062
10687,test,1,1,0.9639094766844971
10690,test,1,1,0.771442736330805
10694,test,1,1,0.8492761338858501
10697,test,1,1,0.9909393229397622
10698,test,1,1,0.883091810803449
10703,test,1,0,0.3945833248855237
10715,test,1,1,0.9548721004580804
10719,test,1,1,0.9806513465374633
10746,test,1,1,0.9916601338495609
10749,test,1,1,0.9595147780957826
10751,test,1,1,0.9906237039632657
10768,test,1,1,0.997908830489595
10773,test,1,1,0.9747747072419735
10774,test,1,1,0.9818663431244542
10781,test,1,1,0.9930168623075852
10790,test,1,1,0.9494015375076224
10796,test,1,1,0.9427328077546786
10804,test,1,1,0.9182649881868202
10806,test,1,1,0.9898887029628597
10830,test,1,1,0.8264323212091192
10832,test,1,1,0.8723611300716212
10851,test,1,1,0.6927452247213514
10871,test,1,1,0.9375229079569932
10884,test,1,1,0.9241215056014915
10897,test,1,1,0.945073070950038
10899,test,1,1,0.9937345705450568
10902,test,1,1,0.9740729101387235
10909,test,1,1,0.971800816391232
10912,test,1,1,0.9971582663997068
10920,test,1,1,0.9843575419218213
10923,test,1,1,0.9531113153968553
10924,test,1,1,0.9182105425042887
10933,test,1,1,0.9285035869362696
10935,test,1,1,0.8653861034842482
10937,test,1,1,0.7632882273132575
10957,test,1,1,0.8971536089208639
10958,test,1,1,0.9836194154654664
10974,test,1,1,0.9933335530479006
10978,test,1,1,0.7686470441434605
10982,test,1,1,0.9871926922662697
10985,test,1,1,0.9969366364271728
10988,test,1,1,0.986276353147598
10991,test,1,1,0.9458209765609579
11001,test,1,0,0.3366751543254335
11004,test,1,1,0.9932780663209949
11006,test,1,1,0.9878179696233443
11007,test,1,1,0.9040890086335899
11026,test,1,1,0.877469856529862
11032,test,1,1,0.991789593649941
11033,test,1,1,0.9313740207138935
11039,test,1,1,0.8942031566144432
11041,test,1,1,0.8476461993909513
11047,test,1,1,0.9393925278182708
11049,test,1,1,0.9321914508315551
11051,test,1,1,0.8243189599364811
11054,test,1,1,0.9932051227095782
11055,test,1,1,0.963603254782243
11057,test,1,1,0.8876021946830451
11058,test,1,1,0.9776665255843782
11062,test,1,1,0.6020035075579847
11065,test,1,1,0.9600767274936824
11067,test,1,1,0.9647672798515039
11071,test,1,1,0.9714336913036561
11073,test,1,1,0.9874341168732665
11074,test,1,1,0.9893427265560528
11080,test,1,1,0.9778851896881549
11088,test,1,1,0.9766210444647976
11101,test,1,1,0.9585015721028438
11108,test,1,1,0.9618648847657747
11114,test,1,1,0.9974322419501278
11116,test,1,1,0.9914181413502601
11117,test,1,1,0.9565847506154135
11130,test,1,1,0.9206354453553387
11132,test,1,0,0.11311310987735006
11137,test,1,1,0.5292628327328618
11140,test,1,1,0.9689889848261393
11155,test,1,1,0.8987126044677415
11156,test,1,0,0.497628393264553
11157,test,1,1,0.6443196598342991
11167,test,1,1,0.6551938788003199
11169,test,1,1,0.5595672699120205
11175,test,1,1,0.972251736734655
11187,test,1,1,0.865910112291528
11201,test,1,1,0.9006768922264381
11202,test,1,1,0.989074981596368
11203,test,1,1,0.9927531281447576
11213,test,1,1,0.9685090419417536
11224,test,1,0,0.45968433033019684
11231,test,1,1,0.9273900727761143
11246,test,1,1,0.7269100421300682
11248,test,1,1,0.9102917757370597
11252,test,1,1,0.9493257807476408
11253,test,1,1,0.9850964282843513
11255,test,1,1,0.9895633101094305
11268,test,1,1,0.9017005190222238
11276,test,1,1,0.982638834495293
11279,test,1,1,0.9881316811044322
11285,test,1,1,0.8927487238554438
11290,test,1,1,0.9870713013641135
11291,test,1,1,0.874723917166169
11305,test,1,1,0.9237420041523889
11310,test,1,1,0.7927082809218199
11312,test,1,0,0.29322111784556404
11315,test,1,1,0.9958976440967466
11317,test,1,1,0.9739826152698725
11318,test,1,1,0.8479032266861384
11320,test,1,1,0.9787851781214525
11331,test,1,1,0.9813591616032525
11333,test,1,1,0.9834827883417284
11338,test,1,1,0.9649790175571513
11344,test,1,1,0.9436519751662805
11351,test,1,1,0.8239673381337872
11353,test,1,1,0.9025130329970023
11356,test,1,1,0.9581175048646242
11357,test,1,1,0.8927421948222712
11359,test,1,1,0.9921839836766755
11363,test,1,1,0.9709425700453329
11366,test,1,1,0.9827724170841869
11368,test,1,1,0.9045982506182068
11371,test,1,1,0.980408492401426
11374,test,1,1,0.9903812289360986
11375,test,1,1,0.9094400209289432
11377,test,1,1,0.9763813792108363
11390,test,1,1,0.9262424551363668
11392,test,1,1,0.9972672831272139
11394,test,1,1,0.940296289502231
11396,test,1,1,0.9239774583802868
11399,test,1,1,0.7361075194905766
11403,test,1,1,0.7763358869930502
11411,test,1,0,0.3884899117773504
11418,test,1,1,0.9765614348438015
11439,test,1,1,0.9705574829455939
11440,test,1,1,0.9840938123933609
11452,test,1,1,0.9556634529364406
11453,test,1,1,0.7062891692714156
11454,test,1,1,0.93761399248745
11456,test,1,1,0.7668023002196132
11470,test,1,1,0.9977519758396484
11482,test,1,1,0.9289401342109467
11491,test,1,1,0.5783186322998779
11496,test,1,1,0.7325522185214499
11499,test,1,1,0.9708223254791923
11505,test,1,1,0.7979845750252109
11512,test,1,1,0.9897869435007326
11518,test,1,1,0.9258939019508572
11529,test,1,1,0.9659125343748955
11552,test,1,1,0.9716123966385635
11554,test,1,1,0.9314053830711926
11566,test,1,1,0.9591610892042919
11571,test,1,1,0.9524078960340915
11579,test,1,1,0.8404827118938691
11584,test,1,1,0.9963400697133639
11589,test,1,1,0.9715208105458952
11595,test,1,1,0.9246264191401957
11599,test,1,1,0.8857477217525676
11603,test,1,1,0.9442596448588032
11604,test,1,1,0.5561034109934588
11608,test,1,1,0.9174257535520834
11610,test,1,1,0.9250472270873759
11611,test,1,1,0.7466226492403941
11614,test,1,1,0.616245995014611
11615,test,1,1,0.9844675737748954
11622,test,1,1,0.7919558999745009
11628,test,1,1,0.9735792019207015
11630,test,1,1,0.5324111724482617
11639,test,1,0,0.25172015472120035
11646,test,1,1,0.9889211138576447
11649,test,1,0,0.412089348219374
11655,test,1,1,0.9562490919264514
11664,test,1,0,0.36837613989319284
11668,test,1,1,0.9359960864840812
11683,test,1,1,0.9512742317621882
11691,test,1,1,0.976583834911396
11692,test,1,1,0.744395220014593
11694,test,1,1,0.7202021945560373
11698,test,1,1,0.9900968127273639
11701,test,1,1,0.6030801622640959
11709,test,1,1,0.8192904581977649
11716,test,1,1,0.8122459265912386
11719,test,1,1,0.9835492654295157
11721,test,1,1,0.9825640872784203
11724,test,1,1,0.9117775538029304
11725,test,1,1,0.9140951634813527
11726,test,1,1,0.9968511890328388
11727,test,1,1,0.9773837354282583
11745,test,1,1,0.8565148262862423
11750,test,1,1,0.9480641581061221
11766,test,1,1,0.8950271396690195
11767,test,1,1,0.9733272435425174
11780,test,1,1,0.9111660311269394
11801,test,1,1,0.8332975892336385
11809,test,1,1,0.9778446220787309
11817,test,1,1,0.9467510965122125
11818,test,1,1,0.5874244893304906
11820,test,1,1,0.9624629420897055
11825,test,1,0,0.2812019926332925
11845,test,1,1,0.6299819446505619
11851,test,1,1,0.6355711845840779
11855,test,1,1,0.9521581548600052
11860,test,1,1,0.6182253309280495
11861,test,1,1,0.9913933587013571
11862,test,1,1,0.8016650711341735
11867,test,1,0,0.435568239255775
11869,test,1,1,0.6471037706034509
11875,test,1,0,0.4460300442315882
11880,test,1,0,0.4742271717361867
11881,test,1,1,0.904293936131341
11888,test,1,1,0.8956608250685684
11892,test,1,1,0.952918181042091
11896,test,1,1,0.8754522904313711
11901,test,1,1,0.8950378504149783
11909,test,1,1,0.6476127114130618
11911,test,1,1,0.9843349349709202
11916,test,1,1,0.8844729042931512
11924,test,1,1,0.8972152939693897
11929,test,1,1,0.9329096577158751
11931,test,1,1,0.8340766250276291
11940,test,1,1,0.7449568628222307
11941,test,1,1,0.9807465379332599
11946,test,1,0,0.49674102604618053
11955,test,1,1,0.9709519696510316
11956,test,1,1,0.8768685770918018
11964,test,1,1,0.9772605609590111
11971,test,1,1,0.9612263749600128
11979,test,1,1,0.9556538525900422
11986,test,1,1,0.9354404780063991
11992,test,1,1,0.9274272244470296
12002,test,1,1,0.6005196010466377
12003,test,1,1,0.8840254986405647
12017,test,1,1,0.9743230432592227
12018,test,1,1,0.8895120492730203
12023,test,1,1,0.9425165800851998
12043,test,1,1,0.9565969080204095
12054,test,1,0,0.3552452250115121
12078,test,1,1,0.9499911444509266
12086,test,1,1,0.957744895728233
12091,test,1,1,0.8250891987165788
12094,test,1,1,0.9767143676348372
12102,test,1,1,0.9797396756151101
12106,test,1,1,0.9595048020577335
12110,test,1,1,0.7609533153625726
12122,test,1,1,0.9559685232524494
12125,test,1,1,0.9378091870186095
12128,test,1,1,0.9901035390590213
12134,test,1,1,0.854636263495161
12149,test,1,1,0.9854161540970527
12159,test,1,1,0.8918989161896435
12161,test,1,1,0.9853601528621008
12164,test,1,1,0.8387634482101303
12167,test,1,1,0.7258950252446048
12170,test,1,1,0.9938774744297553
12177,test,1,0,0.2360353501859474
12178,test,1,1,0.9448201123796574
12186,test,1,1,0.8036850340717724
12187,test,1,1,0.9277848397953169
12193,test,1,1,0.9659683717781069
12202,test,1,1,0.9673455725928941
12211,test,1,1,0.9855881374414378
12222,test,1,0,0.44160623032531066
12224,test,1,1,0.9810838123466391
12227,test,1,1,0.9392766684087542
12236,test,1,1,0.7291818237007978
12255,test,1,1,0.7855042658690283
12256,test,1,1,0.9762014880968899
12259,test,1,1,0.7803706021863449
12282,test,1,1,0.966254700095474
12291,test,1,1,0.9551548248415304
12293,test,1,1,0.6085101524810934
12298,test,1,1,0.6212348773862127
12314,test,1,1,0.8840184888708102
12319,test,1,1,0.9813862612436939
12321,test,1,1,0.6058552074854837
12328,test,1,1,0.9871629087579137
12333,test,1,1,0.9775766632656745
12334,test,1,1,0.9894376425693564
12339,test,1,1,0.9161516865178612
12349,test,1,1,0.9527620947047387
12364,test,1,1,0.9702084924295438
12367,test,1,1,0.9278415096332094
12368,test,1,1,0.9888509212354943
12374,test,1,1,0.9890488688733042
12379,test,1,1,0.9961727297988636
12381,test,1,1,0.9903203287726099
12386,test,1,1,0.5812990320254892
12391,test,1,1,0.9390217894366587
12394,test,1,1,0.945654329023837
12399,test,1,1,0.8372277656548671
12402,test,1,1,0.9486260955164518
12406,test,1,1,0.7711405218129014
12409,test,1,1,0.8886166539456872
12410,test,1,1,0.9766213821063932
12413,test,1,1,0.9693956563610603
12415,test,1,1,0.9015349483247788
12432,test,1,1,0.994623070153332
12436,test,1,1,0.9737098446210752
12437,test,1,1,0.9345285398509834
12443,test,1,1,0.981213636222879
12447,test,1,1,0.9884310458889193
12467,test,1,1,0.9570675531960935
12470,test,1,1,0.9763618352204476
12485,test,1,1,0.9938355097750555
12491,test,1,1,0.9653153968907395
12497,test,1,1,0.984381162954981
12501,test,1,1,0.9945819883646385
12521,test,1,1,0.7862202590151179
12526,test,1,1,0.8917512686231871
12544,test,1,1,0.8811211108291928
12552,test,1,1,0.9361660420911319
12561,test,1,1,0.9178131089236599
12569,test,1,1,0.9957272169910065
12579,test,1,1,0.9253353016961733
12580,test,1,1,0.7951966509771742
12589,test,1,1,0.9914222424132195
12592,test,1,1,0.8614544160614868
12593,test,1,1,0.9918575095843974
12601,test,1,1,0.9672915485823832
12603,test,1,1,0.9831083787645365
12610,test,1,1,0.7717575975781303
12614,test,1,1,0.9602934824658979
12615,test,1,1,0.9756417896478897
12626,test,1,0,0.10701004097146531
12633,test,1,1,0.7928379020219025
12636,test,1,1,0.8831802375131567
12645,test,1,1,0.8820730143888641
12646,test,1,1,0.9928960661029812
12651,test,1,1,0.9298461714736168
12655,test,1,1,0.948265621760126
12664,test,1,1,0.9637758061529365
12674,test,1,1,0.8781555994008016
12675,test,1,1,0.7222330477239374
12679,test,1,1,0.8521712320084884
12686,test,1,1,0.9816102034033648
12697,test,1,1,0.9867681086391438
12698,test,1,1,0.9838455642827942
12707,test,1,1,0.9325320681289357
12713,test,1,1,0.9877673635029998
12719,test,1,1,0.8901025262536454
12729,test,1,1,0.9743903238852991
12731,test,1,1,0.6127611893026367
12734,test,1,1,0.8479875862120281
12741,test,1,1,0.8251549133141006
12749,test,1,1,0.9666362310163503
12753,test,1,1,0.9397410274560316
12770,test,1,1,0.9753307050385182
12777,test,1,1,0.9866296277898794
12809,test,1,1,0.9695032151972892
12810,test,1,1,0.9912819850128304
12839,test,1,1,0.9317459526846604
12840,test,1,1,0.9024441759522406
12844,test,1,1,0.9293209290988717
12846,test,1,1,0.6814441237090237
12847,test,1,1,0.9550546959916946
12849,test,1,1,0.9490387349836625
12857,test,1,1,0.9802170384557376
12862,test,1,1,0.9734942300102921
12863,test,1,1,0.9299622794974369
12867,test,1,1,0.6663247184306671
12872,test,1,1,0.9721371864085665
12874,test,1,1,0.9716314425026638
12884,test,1,1,0.9539415062435332
12897,test,1,1,0.8920694126505626
12902,test,1,1,0.8622404459570904
12908,test,1,1,0.867699401732246
12909,test,1,1,0.9816524425319096
12910,test,1,1,0.5246420755952449
12915,test,1,1,0.9476867813377576
12925,test,1,1,0.9718960403979245
12952,test,1,1,0.8753697306087262
12953,test,1,1,0.9325916899313764
12965,test,1,1,0.9521998525639284
12966,test,1,1,0.952496811398549
12976,test,1,1,0.9545080122392874
12997,test,1,1,0.9548659718709788
13008,test,1,1,0.9704316647254378
13016,test,1,1,0.9894305985369232
13017,test,1,1,0.7624111027118808
13020,test,1,1,0.9738748724418504
13027,test,1,1,0.9428421637263611
13029,test,1,1,0.9110068157934034
13030,test,1,1,0.9152882560862832
13031,test,1,1,0.9350362027438972
13044,test,1,1,0.9001958162226812
13045,test,1,1,0.9583266399571171
13051,test,1,1,0.9420598875026615
13054,test,1,1,0.9922019292245025
13065,test,1,1,0.8526345029438233
13067,test,1,1,0.9788687176989099
13068,test,1,1,0.979476541897382
13073,test,1,1,0.8763821689575219
13079,test,1,1,0.9604739337475279
13083,test,1,1,0.9828782174143579
13091,test,1,1,0.9442950272455478
13100,test,1,1,0.9517544768427513
13103,test,1,1,0.9918153936392281
13110,test,1,1,0.8155073667615191
13111,test,1,1,0.8756228159731728
13127,test,1,1,0.8795423429468782
13134,test,1,1,0.6207167772403405
13136,test,1,1,0.9680839925917749
13145,test,1,1,0.8482941012909356
13146,test,1,1,0.9440902301973058
13162,test,1,1,0.9146425248346453
13170,test,1,1,0.9320776368742597
13171,test,1,1,0.9781507768514672
13180,test,1,1,0.9619899288831275
13182,test,1,1,0.9243314626847501
13187,test,1,1,0.6409244781305606
13190,test,1,1,0.9842182302705544
13191,test,1,1,0.9610254688020936
13193,test,1,1,0.9500564264462465
13209,test,1,1,0.9459820397926145
13211,test,1,1,0.9834711372226964
13216,test,1,1,0.9320079740101197
13220,test,1,1,0.9403675510425508
13228,test,1,1,0.7933810917026869
13229,test,1,1,0.9524814328862385
13235,test,1,1,0.9752005935887312
13243,test,1,1,0.9661733402119892
13255,test,1,1,0.5933718941063739
13262,test,1,1,0.8938232048512521
13283,test,1,1,0.5255941096578065
13309,test,1,1,0.9326061642015621
13332,test,1,1,0.995243958267536
13336,test,1,1,0.945696289494483
13341,test,1,1,0.9846455616244384
13343,test,1,1,0.9780675876846107
13345,test,1,1,0.9165911273003601
13351,test,1,1,0.9772510761210398
13354,test,1,1,0.7180002730975161
13357,test,1,1,0.9294015384819476
13359,test,1,1,0.8882156385438686
13366,test,1,1,0.8191727734478756
13373,test,1,1,0.8159477250111099
13383,test,1,1,0.9532089420601175
13385,test,1,1,0.9609734587417235
13394,test,1,1,0.9767576274067742
13400,test,1,1,0.9744223621453418
13403,test,1,1,0.9890780014986684
13409,test,1,0,0.3526712513405328
13423,test,1,1,0.8926236536334032
13430,test,1,1,0.8670186865254396
13440,test,1,1,0.8736238380858087
13441,test,1,1,0.8140840942596512
13447,test,1,1,0.9802154749133986
13457,test,1,1,0.867989035885213
13462,test,1,1,0.9001760407452811
13481,test,1,1,0.7941236357049682
13483,test,1,1,0.9847335123947966
13498,test,1,1,0.9639083110875876
13502,test,1,1,0.9868199407600035
13509,test,1,1,0.9638167130274163
13527,test,1,1,0.926520711999233
13530,test,1,1,0.8646287271747144
13536,test,1,1,0.9447936060365419
13537,test,1,1,0.9638083074900667
13550,test,1,1,0.8325202801995084
13551,test,1,1,0.9740099260624301
13552,test,1,1,0.9861289789479489
13564,test,1,1,0.7605584478046346
13570,test,1,1,0.9265829814485336
13572,test,1,1,0.9750553155188526
13584,test,1,1,0.956278079880536
13595,test,1,1,0.8383705669564054
13599,test,1,1,0.8298377686847467
13603,test,1,1,0.9680744530190049
13608,test,1,1,0.7655847817779284
13613,test,1,1,0.7034125358871661
13619,test,1,1,0.9699208640440967
13627,test,1,1,0.9450926960098955
13646,test,1,1,0.9766130860200585
13663,test,1,1,0.9916477699061559
13668,test,1,1,0.9400516877668278
13670,test,1,1,0.9912325285211155
13677,test,1,1,0.9683300191013893
13684,test,1,1,0.8901687016502609
13686,test,1,1,0.7641711456715812
13691,test,1,1,0.6270126796707264
13696,test,1,1,0.7696137537527129
13699,test,1,1,0.9259322656413282
13704,test,1,1,0.9315731279456198
13706,test,1,1,0.9429811118854894
13707,test,1,1,0.9835395388859056
13711,test,1,1,0.9201184878827064
13717,test,1,1,0.9404382119913207
13720,test,1,1,0.9639255041534397
13731,test,1,1,0.8666829745053617
13734,test,1,1,0.9730326303335433
13738,test,1,1,0.8007132273656445
13741,test,1,1,0.9877292635360007
13742,test,1,1,0.8506190377264038
13746,test,1,1,0.9118116950149576
13750,test,1,1,0.9441631492143471
13752,test,1,1,0.9648755820884914
13760,test,1,1,0.9645136862885615
13770,test,1,1,0.5961323154808278
13781,test,1,1,0.9786240648220569
13783,test,1,0,0.4023328037536321
13784,test,1,1,0.8625842903565847
13788,test,1,1,0.9863844285320869
13794,test,1,1,0.9937045924807946
13805,test,1,1,0.96580726883718
13811,test,1,1,0.9399746508406246
13813,test,1,1,0.839905214985752
13820,test,1,1,0.9567783596694646
13829,test,1,1,0.9608688685935505
13830,test,1,1,0.9793651955122884
13838,test,1,1,0.9633186073741551
13845,test,1,1,0.9903527499814906
13848,test,1,1,0.8905808250426942
13855,test,1,0,0.46767292021926254
13859,test,1,1,0.8176233523306171
13860,test,1,1,0.9510720682008379
13861,test,1,1,0.9511172560743263
13865,test,1,1,0.985942551149485
13868,test,1,0,0.4164016235279311
13869,test,1,0,0.44303473580812625
13878,test,1,1,0.8729644807073591
13879,test,1,1,0.9683815429556631
13882,test,1,1,0.9270463132972069
13884,test,1,1,0.9518054721858271
13885,test,1,1,0.9968949237578952
13887,test,1,1,0.9811221617876464
13900,test,1,1,0.9807850915722793
13905,test,1,1,0.6151148094242846
13910,test,1,1,0.9194795565789755
13921,test,1,1,0.9329452208157142
13928,test,1,1,0.959578148449672
13939,test,1,1,0.8962175890025973
13944,test,1,1,0.96545062154029
13947,test,1,1,0.9276672637412651
13948,test,1,1,0.6476756418273134
13955,test,1,1,0.95739419453332
13957,test,1,1,0.7424024781320351
13958,test,1,1,0.7210002339481624
13959,test,1,1,0.9311091167002196
13973,test,1,1,0.9434006695976423
13976,test,1,1,0.9161749153172242
13978,test,1,0,0.4155647841702026
13979,test,1,1,0.9716127115922248
13982,test,1,1,0.8327428711841026
14008,test,1,1,0.9738740351305599
14011,test,1,1,0.9712507411343879
14012,test,1,1,0.5285551448609976
14015,test,1,1,0.9194438157631593
14029,test,1,1,0.9367616718237094
14055,test,1,1,0.9833603659934959
14063,test,1,1,0.6293780034597952
14069,test,1,1,0.9140585870088878
14070,test,1,1,0.921893468159936
14081,test,1,1,0.9174191027469684
14097,test,1,1,0.9287168357673615
14102,test,1,1,0.7372617063661544
14118,test,1,1,0.869822540219896
14126,test,1,1,0.9035711171425492
14130,test,1,1,0.9336425184077347
14142,test,1,1,0.9737470108647958
14144,test,1,1,0.8255107137050264
14147,test,1,0,0.30376202225252336
14152,test,1,1,0.9808703706013912
14153,test,1,1,0.9491527619796505
14155,test,1,1,0.9306142776512787
14162,test,1,1,0.9260588337504018
14199,test,1,1,0.8495466398573448
14201,test,1,1,0.995085106053534
14202,test,1,1,0.9384324820685158
14212,test,1,0,0.3380670642854075
14220,test,1,1,0.9613530575732167
14225,test,1,1,0.991809087211807
14239,test,1,1,0.9977928162996337
14241,test,1,1,0.8550015776317169
14242,test,1,1,0.9820309137476603
14244,test,1,1,0.8580589566762795
14263,test,1,1,0.8867585530358051
14265,test,1,1,0.97977197814247
14281,test,1,1,0.97120445793509
14284,test,1,1,0.9257582273350536
14287,test,1,1,0.9607768479841616
14288,test,1,1,0.940034174989926
14292,test,1,1,0.8171880003895735
14301,test,1,1,0.9962090987101591
14306,test,1,1,0.9661326809714599
14328,test,1,1,0.9501118658919981
14329,test,1,1,0.9220427728707984
14331,test,1,1,0.9472569693438555
14332,test,1,1,0.9787679537990814
14342,test,1,1,0.9405139395837572
14345,test,1,1,0.9494694791312186
14347,test,1,1,0.8833199297578491
14352,test,1,1,0.7645091768626003
14358,test,1,1,0.9577047223608207
14367,test,1,0,0.0421595229326653
14368,test,1,1,0.7253325833692429
14389,test,1,1,0.7228179896349295
14392,test,1,1,0.9713029651163952
14395,test,1,1,0.9178806613976672
14405,test,1,1,0.7172597681057933
14413,test,1,1,0.9551290892835343
14426,test,1,1,0.9823921906827233
14433,test,1,1,0.9939926948439276
14444,test,1,1,0.990231887004757
14450,test,1,1,0.9771945850327971
14451,test,1,1,0.7942135014023171
14455,test,1,1,0.9237738317514952
14466,test,1,1,0.9666026412637517
14473,test,1,1,0.9286976129220682
14538,test,1,1,0.8283331209743215
14542,test,1,1,0.9944931419962209
14544,test,1,1,0.9604226063050713
14546,test,1,1,0.9731925041246958
14547,test,1,1,0.9893339520896589
14552,test,1,1,0.9625304188542326
14560,test,1,1,0.9655257153565373
14570,test,1,1,0.955688460853249
14578,test,1,1,0.9740551169886573
14580,test,1,1,0.9655760246953206
14581,test,1,1,0.9820294016631319
14592,test,1,1,0.9708409146537386
14594,test,1,1,0.8111921828800943
14601,test,1,1,0.9573994192352869
14602,test,1,1,0.8649463382862019
14618,test,1,1,0.9665118438099177
14628,test,1,1,0.9231595272143681
14630,test,1,1,0.7274877735235552
14633,test,1,1,0.7309327771061458
14636,test,1,1,0.8774753186920723
14639,test,1,1,0.7627642384294625
14640,test,1,1,0.9923962807345628
14662,test,1,1,0.9856051994747663
14663,test,1,1,0.853332460879185
14665,test,1,1,0.8084144828193769
14674,test,1,1,0.6572668038896196
14678,test,1,1,0.9960642403338815
14681,test,1,1,0.8717376369278923
14684,test,1,1,0.6621694904541592
14692,test,1,1,0.5453252250211291
14705,test,1,1,0.9944598704862418
14716,test,1,1,0.9641043997167197
14727,test,1,1,0.9832235214235154
14735,test,1,1,0.9265512532328143
14743,test,1,1,0.9906506312025833
14745,test,1,1,0.623704720864196
14763,test,1,1,0.817274037636316
14770,test,1,1,0.9450201517658243
14772,test,1,1,0.5522809028338113
14776,test,1,1,0.8187192328703575
14785,test,1,1,0.8117699880505348
14790,test,1,0,0.3154114669206107
14816,test,1,1,0.9295436992734116
14842,test,1,1,0.5226255356499796
14843,test,1,1,0.9829235256103291
14844,test,1,1,0.8730612506860496
14846,test,1,1,0.9567641803928372
14860,test,1,1,0.8008326428038093
14870,test,1,1,0.9450430870230807
14875,test,1,1,0.7816729658110199
14877,test,1,1,0.9747719217462443
14878,test,1,1,0.9926065664376953
14891,test,1,1,0.9870673895543668
14894,test,1,1,0.8931337519303281
14895,test,1,1,0.8368008171204425
14896,test,1,1,0.9651989515562707
14902,test,1,1,0.9876297999929989
14904,test,1,1,0.9488956441908414
14905,test,1,1,0.913726487618075
14911,test,1,1,0.9286563669690181
14915,test,1,1,0.9034308329238548
14917,test,1,1,0.7701940188167573
14924,test,1,1,0.8518734819757459
14927,test,1,1,0.5981912019091402
14931,test,1,1,0.972694444722091
14949,test,1,1,0.8901160863166495
14959,test,1,1,0.9728147954324884
14963,test,1,1,0.9596754989937801
14984,test,1,1,0.8373102641226884
14990,test,1,1,0.8742116303911537
14992,test,1,1,0.591554984421608
14994,test,1,1,0.7963832480046447
14997,test,1,1,0.9065923814666925
15007,test,1,1,0.9761890371409587
15008,test,1,1,0.9617485130865558
15012,test,1,1,0.6940977550076519
15019,test,1,1,0.9806704494234691
15024,test,1,1,0.8627421722954077
15029,test,1,1,0.9726686067033296
15034,test,1,1,0.9374514872872062
15062,test,1,1,0.8915845180548273
15063,test,1,1,0.9423350480738245
15065,test,1,1,0.9251759567073622
15067,test,1,1,0.9463599527265874
15070,test,1,1,0.8722614996984921
15072,test,1,1,0.9124336016301497
15076,test,1,1,0.9677203149158065
15084,test,1,0,0.4523788764028693
15099,test,1,1,0.9483995753401153
15105,test,1,1,0.9750235572424065
15106,test,1,1,0.9926151206198959
15111,test,1,1,0.7032305157374007
15120,test,1,1,0.9055972241525265
15124,test,1,1,0.956716581894773
15133,test,1,1,0.918488117953597
15139,test,1,1,0.7517137178285254
15144,test,1,1,0.9855503638967521
15150,test,1,1,0.7608033116483458
15159,test,1,1,0.9947716927935399
15161,test,1,1,0.9358855051102725
15164,test,1,1,0.9611518991762189
15167,test,1,1,0.9055212443451495
15172,test,1,0,0.41541059201903113
15173,test,1,1,0.835193217680963
15179,test,1,1,0.9269950915912314
15183,test,1,1,0.8632330478034393
15203,test,1,1,0.9247492451856544
15207,test,1,1,0.5504967068123107
15208,test,1,1,0.9149790346940262
15216,test,1,1,0.8706072622463599
15220,test,1,1,0.8429461650326839
15227,test,1,1,0.6774195914513345
15229,test,1,1,0.9366786156394716
15254,test,1,1,0.9129674209408897
15257,test,1,1,0.7137123185347923
15270,test,1,1,0.8955224398787606
15273,test,1,1,0.961998871051238
15279,test,1,1,0.8680129128071794
15296,test,1,0,0.4701397872541213
15298,test,1,1,0.8873943084969371
15301,test,1,1,0.7987916866448588
15307,test,1,1,0.6581900764592541
15325,test,1,1,0.6692687206363248
15329,test,1,1,0.7211940894748677
15330,test,1,0,0.45466146853072215
15332,test,1,1,0.9000018712625026
15333,test,1,1,0.858194570930275
15341,test,1,1,0.9288336540975445
15352,test,1,1,0.9808820064095229
15355,test,1,1,0.764873179583067
15362,test,1,1,0.9966763809852522
15376,test,1,1,0.735498457123238
15378,test,1,1,0.6915808871035825
15382,test,1,1,0.690230567179171
15389,test,1,0,0.3547003638952759
15391,test,1,1,0.923813820995238
15392,test,1,1,0.961172617729696
15396,test,1,1,0.7802260150370739
15398,test,1,1,0.9883429159088006
15402,test,1,1,0.9850482456638429
15414,test,1,1,0.9732124353854078
15416,test,1,1,0.9146410566206996
15419,test,1,0,0.48057017251556117
15426,test,1,1,0.9215487147257981
15428,test,1,1,0.9341814611041506
15432,test,1,1,0.9637952229569752
15434,test,1,1,0.8164992252694817
15446,test,1,1,0.8658773283397029
15447,test,1,1,0.6235523480480397
15448,test,1,1,0.9443116231838449
15455,test,1,1,0.9713087493650627
15473,test,1,1,0.6353447933130548
15477,test,1,1,0.8739830039204681
15480,test,1,1,0.9532686429001088
15492,test,1,0,0.46836551643850205
15498,test,1,1,0.7481554347663664
15502,test,1,1,0.9228159459542963
15512,test,1,1,0.997759290846465
15517,test,1,1,0.9220091738949097
15521,test,1,1,0.991449381581299
15525,test,1,1,0.5535202619185592
15544,test,1,1,0.9673618549927729
15552,test,1,1,0.7081044423772043
15565,test,1,1,0.8531301171348674
15571,test,1,1,0.912413026608384
15573,test,1,1,0.9892484646813513
15582,test,1,1,0.7517415935290185
15593,test,1,1,0.899507898915649
15596,test,1,1,0.9700500482280262
15599,test,1,1,0.7476599068467883
15605,test,1,1,0.9619694885675679
15608,test,1,1,0.9611599565624923
15615,test,1,1,0.8896797618293959
15618,test,1,1,0.7631883055263518
15623,test,1,1,0.8781332957320156
15628,test,1,1,0.6767320432841889
15629,test,1,1,0.6234585442934053
15642,test,1,1,0.7780252934316407
15650,test,1,1,0.9110836163296926
15663,test,1,1,0.7715029141976353
15669,test,1,1,0.6231202896302735
15674,test,1,1,0.8950911899588335
15680,test,1,1,0.8416151782509784
15686,test,1,1,0.9046514638458961
15687,test,1,1,0.9760624183691681
15688,test,1,1,0.6334865105699062
15689,test,1,1,0.8845093222986764
15696,test,1,1,0.8308491374097298
15701,test,1,1,0.9777961467140389
15707,test,1,1,0.8915922582062906
15716,test,1,1,0.7428527387517005
15723,test,1,1,0.7916065951748325
15725,test,1,1,0.9484741109008624
15736,test,1,1,0.5679522654106087
15748,test,1,1,0.8153845367625301
15751,test,1,1,0.5518509398289412
15753,test,1,1,0.83095224495719
15756,test,1,1,0.6852527498526094
15758,test,1,1,0.9199817855897687
15759,test,1,1,0.9295295227448752
15765,test,1,1,0.909768257877954
15768,test,1,1,0.9346044403702972
15776,test,1,1,0.9547368015618538
15787,test,1,1,0.9463953692701018
15790,test,1,1,0.9084220524063408
15794,test,1,1,0.7357251278157237
15795,test,1,0,0.4584739913990192
15798,test,1,1,0.9865839700731311
15811,test,1,1,0.9012365744350013
15828,test,1,0,0.22020175432162778
15833,test,1,1,0.9158298758592021
15843,test,1,1,0.9710856398973226
15845,test,1,1,0.9838766111380068
15852,test,1,0,0.3856551587137234
15859,test,1,1,0.8673878665726018
15860,test,1,1,0.5942642328311638
15863,test,1,1,0.8140127423173098
15879,test,1,1,0.8001747096929316
15883,test,1,1,0.7048435207266254
15892,test,1,1,0.868651432585053
15898,test,1,1,0.6566682517062019
15904,test,1,1,0.7565999494856267
15905,test,1,0,0.38509839152251873
15911,test,1,1,0.8980936675598453
15913,test,1,0,0.42313613866241656
15915,test,1,1,0.762727508995934
15918,test,1,1,0.7363267314771762
15922,test,1,1,0.9210517915271419
15925,test,1,1,0.5767732903031556
15927,test,1,0,0.37495817837770723
15928,test,1,1,0.943527823865069
15936,test,1,1,0.9354681430239358
15944,test,1,1,0.8474435288460372
15947,test,1,1,0.8188485745484382
15950,test,1,1,0.8411618678604794
15954,test,1,1,0.8208152969058837
15955,test,1,1,0.513166238424497
15963,test,1,1,0.9196824311568869
15972,test,1,1,0.8297647865029285
15976,test,1,1,0.9521502350901307
15977,test,1,1,0.8311001868951762
15994,test,1,1,0.977083502507213
16004,test,1,1,0.9638798250327741
16015,test,1,1,0.977847962240753
16017,test,1,1,0.9619812767829862
16019,test,1,1,0.9831612020120953
16021,test,1,1,0.6511047333129557
16022,test,1,1,0.9133245204239577
16041,test,1,1,0.9933075280717873
16044,test,1,1,0.8785396508395519
16045,test,1,1,0.8548804416176232
16057,test,1,1,0.8963642947463346
16058,test,1,1,0.9778297160178092
16063,test,1,1,0.9649605356893308
16073,test,1,1,0.989678600416389
16082,test,1,1,0.7356616656198359
16087,test,1,0,0.3002171126314305
16092,test,1,1,0.948872740695878
16093,test,1,1,0.6022265128555025
16097,test,1,1,0.988460055246884
16100,test,1,1,0.9726708326370447
16106,test,1,1,0.8849201920449539
16107,test,1,1,0.9337728577866853
16126,test,1,1,0.7245632596482089
16130,test,1,1,0.9383337184423578
16140,test,1,1,0.9429083046154003
16144,test,1,1,0.9767614484669745
16145,test,1,1,0.961456947944769
16155,test,1,1,0.9409409186383789
16158,test,1,1,0.9611271450544355
16162,test,1,1,0.8691336678138004
16170,test,1,1,0.9188554561234472
16173,test,1,1,0.7784501279581046
16181,test,1,1,0.940586262210459
16188,test,1,1,0.9890936495239986
16191,test,1,1,0.9783429048436567
16192,test,1,1,0.9935979715493366
16203,test,1,1,0.9906580020394579
16210,test,1,1,0.5678707792604583
16211,test,1,1,0.7644701471490066
16212,test,1,1,0.8058203299969513
16216,test,1,1,0.9758086745882817
16219,test,1,1,0.9932918755487335
16251,test,1,1,0.956243855641795
16253,test,1,1,0.984077688808653
16263,test,1,1,0.9237282413118079
16264,test,1,1,0.9785543346085026
16272,test,1,1,0.8577954247729228
16280,test,1,1,0.8677616094076746
16285,test,1,1,0.9248144634873975
16288,test,1,1,0.9915468147948525
16310,test,1,1,0.8633172094943257
16314,test,1,1,0.7549797724547479
16330,test,1,1,0.9390321863680954
16337,test,1,1,0.9481242815874611
16340,test,1,1,0.8708441537525521
16341,test,1,1,0.8204052109116174
16362,test,1,0,0.4397405581981726
16363,test,1,1,0.9144990598899999
16373,test,1,1,0.9803844565322783
16377,test,1,1,0.9796042869898576
16383,test,1,1,0.9514287506002659
16384,test,1,1,0.9289248870368823
16400,test,1,1,0.9349205605353024
16402,test,1,1,0.8963564470775919
16411,test,1,1,0.839731667387511
16415,test,1,1,0.9729644234380505
16427,test,1,1,0.9016835118513263
16453,test,1,1,0.9831647458945965
16459,test,1,1,0.5818166489675153
16464,test,1,1,0.9511657706313054
16472,test,1,1,0.878778169096972
16473,test,1,1,0.9929126718943476
16493,test,1,1,0.9475113793993197
16506,test,1,1,0.9532721010286278
16507,test,1,0,0.22972560932222516
16514,test,1,1,0.9408488670510078
16516,test,1,1,0.9424319790035203
16518,test,1,1,0.7419584515142252
16519,test,1,1,0.7369971184030062
16547,test,1,1,0.9975008424994143
16548,test,1,1,0.9848635741082311
16550,test,1,1,0.9519929200300308
16562,test,1,1,0.9667882870274144
16573,test,1,1,0.9753749753269894
16585,test,1,1,0.5004200530585486
16591,test,1,1,0.978070793645811
16592,test,1,1,0.9685040863655731
16597,test,1,1,0.8261672927452941
16611,test,1,1,0.958125481695435
16623,test,1,1,0.878925431120999
16624,test,1,1,0.9722398979444824
16627,test,1,1,0.97846265726851
16637,test,1,1,0.5927762799383465
16641,test,1,1,0.8263572290144284
16647,test,1,1,0.7371974104450822
16667,test,1,1,0.9430527644336615
16680,test,1,0,0.4597957199136606
16687,test,1,1,0.8869970002142269
16697,test,1,1,0.9821302643106156
16701,test,1,1,0.9760499984116893
16703,test,1,1,0.9903757809950111
16729,test,1,1,0.9352525489421097
16733,test,1,1,0.8386434353662293
16747,test,1,1,0.9533344720122954
16748,test,1,1,0.9087747964341303
16755,test,1,1,0.9079583256569108
16756,test,1,1,0.7194320858290307
16760,test,1,1,0.7854084862177165
16767,test,1,0,0.27144915033050565
16773,test,1,1,0.9816808346661812
16777,test,1,1,0.8671061648869858
16780,test,1,1,0.9525827294631413
16791,test,1,1,0.974486472822103
16800,test,1,1,0.9669781050526889
16803,test,1,1,0.991331002565676
16804,test,1,1,0.8837971702868571
16820,test,1,1,0.9510017572617637
16823,test,1,1,0.9759085365546462
16826,test,1,1,0.8087610959824012
16832,test,1,1,0.8607872004957905
16847,test,1,1,0.8232486649618687
16853,test,1,1,0.7543512003523969
16855,test,1,1,0.6774835069910342
16863,test,1,1,0.978799597963585
16868,test,1,1,0.9628944497590073
16871,test,1,1,0.8159679006884885
16873,test,1,1,0.9735051725055757
16874,test,1,1,0.9734200845966556
16879,test,1,1,0.9548473210805354
16885,test,1,1,0.9872622497347601
16892,test,1,1,0.967757140335281
16913,test,1,1,0.9889466269337056
16926,test,1,1,0.9595757673440497
16948,test,1,1,0.9904601380683992
16949,test,1,1,0.8885968615837296
16965,test,1,1,0.9548612712216994
16990,test,1,1,0.9755713666037726
16992,test,1,1,0.7045896878868696
16995,test,1,1,0.9751931415582307
16997,test,1,1,0.9763727310578121
17000,test,1,1,0.8819770444027467
17004,test,1,1,0.9752807757474816
17005,test,1,1,0.8909469504212111
17022,test,1,1,0.9828316862822223
17028,test,1,1,0.9837277022559716
17029,test,1,1,0.9346954184418634
17034,test,1,1,0.9805664866888815
17041,test,1,1,0.9311667505468175
17044,test,1,1,0.9788074715270939
17049,test,1,1,0.9550215545686397
17059,test,1,1,0.9676720589185529
17063,test,1,1,0.7251509708043978
17064,test,1,1,0.980789182942139
17069,test,1,1,0.9659505897911336
17074,test,1,1,0.8654249043137678
17079,test,1,1,0.9761567119841569
17081,test,1,1,0.9127908515922689
17082,test,1,1,0.9215565874945161
17085,test,1,1,0.996633483600688
17086,test,1,1,0.9721610703856434
17091,test,1,1,0.6896946396258377
17097,test,1,1,0.9637251876861408
17098,test,1,1,0.9392304213354088
17100,test,1,1,0.9604099882040924
17109,test,1,1,0.8864320563881848
17114,test,1,1,0.994175792689376
17115,test,1,1,0.9438875957394289
17118,test,1,1,0.8707006540842281
17120,test,1,1,0.9872049442256688
17138,test,1,1,0.9641876203011985
17143,test,1,1,0.9607527995726105
17147,test,1,1,0.9458681015810152
17152,test,1,1,0.7858115052298791
17160,test,1,1,0.9935772542196104
17185,test,1,1,0.7434711666832367
17194,test,1,1,0.9747987287924329
17195,test,1,1,0.9761270807718888
17218,test,1,1,0.9791212882964204
17222,test,1,1,0.8375113320638866
17223,test,1,1,0.9522502147067093
17225,test,1,1,0.9293058078154983
17228,test,1,1,0.8027781388408525
17245,test,1,1,0.8082839979681115
17262,test,1,1,0.9821649848690386
17263,test,1,1,0.9234847152067699
17269,test,1,1,0.9889414446007609
17272,test,1,1,0.9577800679625845
17276,test,1,1,0.9660919201920274
17293,test,1,1,0.9500719107215909
17301,test,1,1,0.9436474593808151
17304,test,1,1,0.9577294491392542
17305,test,1,1,0.9495090228452907
17307,test,1,1,0.9823139794923101
17316,test,1,1,0.9433849102619666
17328,test,1,1,0.9896625049951638
17329,test,1,1,0.893826587465368
17330,test,1,1,0.7899419597575107
17335,test,1,1,0.9734331651889591
17339,test,1,1,0.9620157289179065
17351,test,1,1,0.9804406675057737
17359,test,1,1,0.8169238971675563
17364,test,1,1,0.990536200357394
17366,test,1,1,0.951144863953788
17368,test,1,1,0.9433967275271817
17370,test,1,1,0.7676699808485188
17375,test,1,1,0.9375880861103234
17380,test,1,1,0.8422410305232642
17393,test,1,1,0.9786753481476422
17394,test,1,1,0.9380114431583959
17398,test,1,1,0.9243103868168642
17404,test,1,1,0.9330455558287916
17412,test,1,1,0.9387303398915327
17413,test,1,1,0.9686172547561995
17440,test,1,1,0.8148698530731616
17441,test,1,1,0.9864812785316477
17447,test,1,1,0.9789893704039224
17449,test,1,1,0.8663313494605742
17452,test,1,1,0.8958039399363378
17458,test,1,1,0.9647555635780591
17470,test,0,0,0.035467231677789555
17472,test,0,0,0.03227275585112841
17474,test,0,0,0.11608855204888126
17477,test,0,0,0.03719409404908994
17485,test,0,0,0.029100650315872587
17501,test,0,0,0.24109815793959782
17516,test,0,0,0.0438447676183244
17521,test,0,0,0.008569553758620965
17538,test,0,0,0.06145298509842856
17550,test,0,0,0.02276631267135154
17558,test,0,0,0.38255019396174195
17566,test,0,0,0.0267248099206439
17578,test,0,0,0.03656662299233426
17586,test,0,0,0.03426649732676383
17587,test,0,0,0.012792009021700513
17599,test,0,0,0.06351440195919479
17602,test,0,0,0.023870077475680967
17606,test,0,0,0.01802699921496507
17609,test,0,0,0.006626468847644664
17614,test,0,0,0.022270812099633677
17616,test,0,0,0.01426839125713757
17620,test,0,0,0.008840640778890787
17622,test,0,0,0.24514249370437816
17623,test,0,0,0.005201771551200954
17624,test,0,0,0.03472744950428284
17648,test,0,0,0.14591054731849099
17650,test,0,0,0.07608050596121285
17651,test,0,0,0.24512660880125678
17654,test,0,0,0.007043123375813262
17658,test,0,0,0.01729993499050123
17663,test,0,0,0.03859675757524862
17665,test,0,0,0.039368653674246495
17667,test,0,0,0.011531594042945235
17668,test,0,0,0.03804306138495002
17674,test,0,0,0.1109444552771001
17687,test,0,0,0.07216974467730795
17695,test,0,0,0.07049956155671201
17696,test,0,0,0.062279018592607385
17697,test,0,0,0.02296807316832352
17719,test,0,0,0.012792625660094694
17732,test,0,0,0.028981585287527627
17737,test,0,0,0.034689149318922925
17742,test,0,0,0.029782106591669084
17743,test,0,0,0.017015080856114962
17755,test,0,0,0.11118387004479027
17762,test,0,0,0.011244483775719512
17763,test,0,0,0.04067638475183171
17799,test,0,0,0.08207560294202407
17801,test,0,0,0.025631234651785108
17803,test,0,0,0.021241292177063845
17813,test,0,0,0.0414285464412566
17819,test,0,0,0.11957519829560335
17823,test,0,0,0.1704587465550124
17825,test,0,0,0.041410338482270895
17835,test,0,0,0.07820501800892671
17845,test,0,0,0.16156223197510866
17847,test,0,0,0.027599786626651305
17852,test,0,0,0.04279080032586023
17853,test,0,0,0.024794002766270327
17865,test,0,0,0.012556253434506606
17867,test,0,0,0.014394621194401417
17873,test,0,0,0.14600039568745413
17878,test,0,0,0.030814391763839474
17880,test,0,0,0.049767806336269906
17897,test,0,0,0.1442152595876238
17902,test,0,0,0.023476069619924714
17903,test,0,0,0.043904180648703404
17919,test,0,0,0.22413563812481943
17936,test,0,0,0.002203881565732319
17942,test,0,0,0.04094415354045041
17949,test,0,0,0.01644577945896649
17963,test,0,0,0.1463571565567741
17965,test,0,0,0.012616091226458612
17975,test,0,0,0.018709616493554324
17983,test,0,0,0.01906760992682891
17986,test,0,0,0.22290682542013662
17987,test,0,0,0.03708011415846617
17990,test,0,0,0.011389524253767389
18000,test,0,0,0.04788934367322723
18002,test,0,0,0.012976833836784805
18006,test,0,0,0.20883628882785438
18013,test,0,0,0.06646255702462964
18018,test,0,0,0.05437785602999216
18021,test,0,0,0.012147287220163715
18030,test,0,0,0.03758501586036016
18032,test,0,0,0.006057807354723616
18033,test,0,0,0.014267641392752392
18048,test,0,0,0.09626179657230277
18054,test,0,0,0.044696285999636425
18058,test,0,0,0.00847051824572445
18073,test,0,0,0.07588791038069947
18075,test,0,0,0.06879222260128405
18080,test,0,0,0.06507325773110816
18090,test,0,0,0.011624202527172464
18093,test,0,0,0.04201390321182638
18106,test,0,0,0.05245804527822118
18122,test,0,0,0.0013644112855600555
18124,test,0,0,0.11074054867910234
18127,test,0,0,0.038290765075808975
18128,test,0,0,0.014494873422707662
18132,test,0,0,0.01765653315169215
18146,test,0,0,0.012647367480608514
18159,test,0,0,0.15257146866130344
18160,test,0,0,0.07082933812742535
18187,test,0,0,0.01315473064747354
18189,test,0,0,0.049206976807756216
18228,test,0,0,0.012548599490613618
18229,test,0,0,0.015431724016257278
18230,test,0,0,0.008529135609199755
18232,test,0,0,0.09256307214779123
18239,test,0,0,0.011577888485547628
18241,test,0,0,0.02835605135712248
18242,test,0,0,0.08849406830738998
18245,test,0,0,0.14714304031779232
18246,test,0,0,0.19315430378934276
18254,test,0,0,0.021523497619075738
18265,test,0,0,0.07896770627302259
18267,test,0,0,0.15885923842521074
18275,test,0,0,0.14083016075457871
18283,test,0,0,0.023523388572669793
18284,test,0,0,0.11920222087527692
18288,test,0,0,0.025251938871645892
18291,test,0,0,0.035780424588834674
18306,test,0,0,0.0711415832546239
18307,test,0,0,0.014804952880079558
18312,test,0,0,0.004946303367554244
18314,test,0,0,0.005934356609691739
18315,test,0,0,0.0427433388542646
18316,test,0,0,0.010052382699212692
18321,test,0,0,0.045568596546930025
18337,test,0,0,0.03927772503113396
18343,test,0,0,0.03630919990781476
18353,test,0,0,0.0533335124276859
18355,test,0,0,0.04688322805857205
18360,test,0,0,0.08276067141953831
18383,test,0,0,0.03827241637186246
18384,test,0,0,0.006884416095985012
18390,test,0,0,0.19017968375710906
18396,test,0,0,0.0699895086355041
18412,test,0,0,0.022763802473272157
18416,test,0,0,0.07740246324136607
18417,test,0,0,0.046909820418565666
18429,test,0,0,0.15334823935507963
18435,test,0,0,0.11926691968017235
18448,test,0,0,0.022727663102969243
18449,test,0,0,0.027961808579665966
18456,test,0,0,0.03881738026366127
18461,test,0,0,0.10173772690995887
18468,test,0,0,0.02628326343572939
18474,test,0,0,0.008320048224727764
18476,test,0,0,0.04762252134469973
18477,test,0,0,0.06415938304752461
18480,test,0,0,0.006459065020266645
18482,test,0,0,0.030944078065348962
18519,test,0,0,0.024042963052356772
18520,test,0,0,0.12375180904585474
18521,test,0,0,0.0793098224622053
18523,test,0,0,0.029310986548170784
18541,test,0,0,0.00575333087425402
18542,test,0,0,0.1671062578168088
18549,test,0,0,0.008128036338188021
18550,test,0,0,0.028652334743188842
18559,test,0,0,0.039826270434532116
18581,test,0,0,0.05372118384414955
18586,test,0,0,0.06540509755675498
18597,test,0,0,0.2604892094294743
18598,test,0,0,0.031628934049398275
18601,test,0,0,0.010229448231455761
18602,test,0,0,0.006451701033117112
18611,test,0,0,0.04513335582233035
18615,test,0,0,0.09407550755497764
18626,test,0,0,0.01084107865363685
18628,test,0,0,0.05113351683257961
18630,test,0,0,0.09325541814181154
18632,test,0,0,0.010761936006858892
18638,test,0,0,0.028523312704451534
18668,test,0,0,0.007811728296556934
18675,test,0,0,0.11902145894029317
18679,test,0,0,0.05512282534045236
18689,test,0,0,0.013086744002034427
18690,test,0,0,0.05787467176624549
18700,test,0,0,0.03448596045150388
18701,test,0,0,0.01426003961303555
18709,test,0,0,0.06677778382352963
18713,test,0,0,0.14817666928710727
18728,test,0,0,0.037599265932828314
18740,test,0,0,0.09942782989367795
18744,test,0,0,0.0819399541386579
18747,test,0,0,0.05012541063608816
18761,test,0,0,0.015674886154868835
18765,test,0,0,0.05841299624746995
18767,test,0,0,0.010582141430677563
18768,test,0,0,0.04311798645971707
18773,test,0,0,0.03046712514624344
18777,test,0,0,0.04226751053417707
18785,test,0,0,0.029210783569018902
18802,test,0,0,0.04160269319052421
18803,test,0,0,0.10212333736901366
18814,test,0,0,0.21020290573660844
18828,test,0,0,0.13835929148333198
18837,test,0,0,0.07360440203194529
18839,test,0,0,0.04491181991317511
18842,test,0,0,0.02111577811011316
18843,test,0,0,0.02509081138649768
18850,test,0,0,0.04988987378392669
18864,test,0,0,0.021180586385660862
18870,test,0,0,0.04867496201865185
18889,test,0,0,0.056205088575613654
18892,test,0,0,0.03436308106683843
18896,test,0,0,0.014397268293681084
18908,test,0,0,0.06255757649975463
18921,test,0,0,0.019816922558868307
18942,test,0,0,0.02775935330227405
18953,test,0,0,0.010446335631551978
18961,test,0,0,0.008133601696680738
18978,test,0,0,0.0330142174651188
18980,test,0,0,0.039818954111579784
18985,test,0,0,0.05627002009303393
18990,test,0,0,0.08476106654673575
18992,test,0,0,0.4463233744714435
19003,test,0,0,0.2071724036891754
19010,test,0,0,0.024240494747079115
19017,test,0,0,0.03162505997063786
19021,test,0,0,0.0028513545072077697
19042,test,0,0,0.04615518705994506
19046,test,0,0,0.01759385984115328
19050,test,0,0,0.0024633646798105486
19052,test,0,0,0.019364540127593765
19066,test,0,0,0.08634485001181899
19068,test,0,0,0.0054227946797545425
19080,test,0,0,0.059819553843212435
19083,test,0,0,0.03772360509036805
19086,test,0,0,0.04910434869784676
19088,test,0,0,0.04837508150027535
19089,test,0,0,0.02012368252576848
19094,test,0,0,0.10618738256622369
19097,test,0,0,0.22909470642102006
19099,test,0,0,0.023100478114978066
19106,test,0,0,0.008775830144275543
19107,test,0,0,0.11955330504334917
19112,test,0,0,0.09603454352004362
19128,test,0,0,0.02237646480162029
19134,test,0,0,0.013795340109955296
19139,test,0,0,0.02261023106153858
19140,test,0,0,0.07096721115990574
19143,test,0,0,0.04981839689617668
19146,test,0,0,0.07148354590803505
19169,test,0,0,0.0019796314535548
19185,test,0,0,0.02385795338257673
19188,test,0,0,0.006225638692812112
19194,test,0,0,0.09878050714420812
19195,test,0,0,0.0032673916202411862
19196,test,0,0,0.03056310067192205
19203,test,0,0,0.036235947838293106
19211,test,0,0,0.11208167503002144
19214,test,0,0,0.06993976252167658
19220,test,0,0,0.014141247160618278
19222,test,0,0,0.023631897062128517
19223,test,0,0,0.04427046243503255
19224,test,0,0,0.043104964383092303
19235,test,0,0,0.018645033640908287
19239,test,0,0,0.07426625900692846
19253,test,0,0,0.022909969459873912
19259,test,0,0,0.06779157100182126
19263,test,0,0,0.10419192598843759
19271,test,0,0,0.02054663192728976
19277,test,0,0,0.04463303135454227
19280,test,0,0,0.015262265168910605
19284,test,0,0,0.05958779856280669
19287,test,0,0,0.017163447861519257
19289,test,0,0,0.09326633008392278
19303,test,0,0,0.03249473397920306
19313,test,0,0,0.006565630717989798
19315,test,0,0,0.04475445527795016
19317,test,0,0,0.023524911796760375
19324,test,0,0,0.0681090198539499
19329,test,0,0,0.023457034648100922
19336,test,0,0,0.03484695516362597
19356,test,0,0,0.08659804495018407
19359,test,0,0,0.09092160410507863
19360,test,0,0,0.12631401610857282
19367,test,0,0,0.04343629075661622
19369,test,0,0,0.0346151468717602
19378,test,0,0,0.09413550694147792
19386,test,0,0,0.012761677109438435
19391,test,0,0,0.014857836105263398
19392,test,0,0,0.013011122717383165
19393,test,0,0,0.06565655172178761
19394,test,0,0,0.0692508731368331
19397,test,0,0,0.1828725604540475
19400,test,0,0,0.017498577429763205
19409,test,0,0,0.0034835128049517405
19419,test,0,0,0.02503161005780244
19421,test,0,0,0.024467856373866784
19430,test,0,0,0.21448191049902932
19431,test,0,0,0.015377504643274777
19435,test,0,0,0.054335843657249576
19441,test,0,0,0.016084010376582938
19447,test,0,0,0.060292117924639795
19451,test,0,0,0.0538289942791099
19459,test,0,0,0.11558375458131749
19466,test,0,0,0.0075693294140612806
19468,test,0,0,0.008876687971645156
19472,test,0,0,0.08407266344817357
19475,test,0,0,0.03377796753182625
19484,test,0,0,0.044051039533533884
19488,test,0,0,0.043724050173237855
19494,test,0,0,0.03391665641414923
19505,test,0,0,0.015632083227252274
19509,test,0,0,0.03816662917135005
19510,test,0,0,0.08867945187788706
19511,test,0,0,0.015177356091371429
19525,test,0,0,0.13449421642037038
19532,test,0,0,0.03272617372715323
19540,test,0,0,0.04267396995880047
19543,test,0,0,0.2958281265343736
19553,test,0,0,0.04505822497851899
19557,test,0,0,0.032087026355746395
19558,test,0,0,0.02484923682857395
19566,test,0,0,0.038693111122781516
19567,test,0,0,0.04863393304081962
19574,test,0,0,0.13782285667391858
19577,test,0,0,0.0418609998013944
19581,test,0,0,0.2986547699651326
19586,test,0,0,0.03564537115941566
19598,test,0,0,0.03419323319391395
19600,test,0,0,0.13979229943698926
19604,test,0,0,0.05522613577901384
19612,test,0,0,0.02204278127240614
19620,test,0,0,0.045805625201055016
19630,test,0,0,0.034201234277224025
19640,test,0,0,0.012267689054532745
19651,test,0,0,0.1428370978746694
19653,test,0,0,0.02276991059517177
19654,test,0,0,0.0033621767393105014
19657,test,0,0,0.023315050204516304
19659,test,0,0,0.007044653721487754
19661,test,0,0,0.17489776958449205
19680,test,0,0,0.03558131443225955
19685,test,0,0,0.024022081487130593
19704,test,0,0,0.03179347282110547
19718,test,0,0,0.03296160983704668
19722,test,0,0,0.03940126246121172
19739,test,0,0,0.2180660926772735
19743,test,0,0,0.01257703257275771
19746,test,0,0,0.0215686540961185
19750,test,0,0,0.21448200526123168
19768,test,0,1,0.6415518264752963
19788,test,0,0,0.28968209448221494
19797,test,0,0,0.03464083296279953
19804,test,0,0,0.08129245435099244
19813,test,0,0,0.04115877558290209
19814,test,0,0,0.02108606576835981
19817,test,0,0,0.2902426035045191
19826,test,0,0,0.028147839709014598
19829,test,0,0,0.2032923213004955
19837,test,0,0,0.018293724249735008
19843,test,0,0,0.029423723694404255
19845,test,0,0,0.026209187733176063
19846,test,0,0,0.12429702510296257
19857,test,0,0,0.39716233106527704
19882,test,0,0,0.05699307434222875
19888,test,0,0,0.03747515728079094
19889,test,0,0,0.057554992393445796
19891,test,0,0,0.0326417573453839
19894,test,0,0,0.008411317033116296
19898,test,0,0,0.08067043741401744
19904,test,0,0,0.012293485292407364
19915,test,0,0,0.019337785903346047
19922,test,0,0,0.03861549262273526
19930,test,0,0,0.06709974801021121
19933,test,0,0,0.08623049994939591
19936,test,0,0,0.002436727089452317
19940,test,0,0,0.07002325561078496
19943,test,0,0,0.03128837408905885
19950,test,0,0,0.0013705423924036473
19951,test,0,0,0.025013045282214416
19952,test,0,0,0.03835965479532513
19955,test,0,0,0.0672934606856481
19963,test,0,0,0.10081340122196693
19981,test,0,0,0.06208667010024773
19985,test,0,0,0.10642489840532504
19991,test,0,0,0.05686597664618403
20000,test,0,0,0.03631421274812529
20012,test,0,0,0.04118251045475356
20016,test,0,0,0.004014345479002733
20018,test,0,0,0.04320671518714396
20024,test,0,0,0.0660569922342152
20029,test,0,0,0.035868129387276515
20034,test,0,0,0.008130142603303844
20051,test,0,0,0.23480539725859953
20052,test,0,0,0.010244670624427821
20058,test,0,0,0.06974270345418644
20060,test,0,0,0.028404518661615936
20073,test,0,0,0.11038200032364842
20093,test,0,0,0.06186449988756974
20104,test,0,0,0.0022464555811696502
20119,test,0,0,0.12208298626724907
20120,test,0,0,0.03870413446885173
20121,test,0,0,0.014374089713194349
20126,test,0,0,0.07740147825453407
20128,test,0,0,0.02658897881471232
20135,test,0,0,0.006076065651457825
20154,test,0,0,0.10022237372968032
20156,test,0,0,0.019554694582546935
20169,test,0,0,0.0528944808671943
20172,test,0,0,0.07572013930426769
20178,test,0,0,0.07830927065304738
20180,test,0,0,0.008281186199875811
20181,test,0,0,0.17603506433034216
20199,test,0,0,0.0343717973318388
20208,test,0,0,0.04573549049241069
20218,test,0,0,0.015008585482257345
20240,test,0,0,0.06662740462007266
20241,test,0,0,0.07154415499926357
20261,test,0,0,0.45498130470415854
20269,test,0,0,0.020883446165744102
20272,test,0,0,0.02584938093271236
20278,test,0,0,0.02669539043938572
20289,test,0,0,0.028834682162117424
20300,test,0,0,0.017655949143147113
20305,test,0,0,0.03757326422071084
20310,test,0,0,0.018487551325015956
20313,test,0,0,0.00850165367435534
20324,test,0,0,0.01949674359653659
20327,test,0,0,0.024944571510750028
20330,test,0,0,0.02029465068227508
20336,test,0,0,0.14744129221302563
20352,test,0,0,0.028742880578498622
20372,test,0,0,0.026856324366008304
20375,test,0,0,0.030345080003409852
20381,test,0,0,0.01206571108056376
20412,test,0,0,0.01877019077350807
20422,test,0,0,0.055759080570914395
20425,test,0,0,0.08840076514521882
20428,test,0,0,0.013857128373496863
20430,test,0,0,0.008259414750918487
20436,test,0,0,0.008455039038464408
20444,test,0,0,0.0385065419347403
20450,test,0,0,0.05138766686926492
20465,test,0,0,0.13330064619723775
20466,test,0,0,0.021304536098817974
20470,test,0,0,0.03658135376255062
20481,test,0,0,0.37150257247628443
20489,test,0,0,0.02403253439304956
20501,test,0,0,0.022612540660278166
20502,test,0,0,0.01048445695293333
20512,test,0,0,0.0418095141519016
20513,test,0,0,0.023790863440016886
20515,test,0,0,0.07029310093591477
20528,test,0,0,0.044179854510285894
20533,test,0,0,0.0633499614379215
20542,test,0,0,0.03347288845273347
20544,test,0,0,0.007123933031960507
20547,test,0,0,0.003164872840231702
20554,test,0,0,0.01080683007181922
20573,test,0,0,0.0867847934309801
20595,test,0,0,0.061627153532415636
20598,test,0,0,0.04270727260265203
20602,test,0,0,0.05666886915466218
20613,test,0,0,0.09472083260347496
20616,test,0,0,0.15621188453373122
20628,test,0,0,0.056044497224456515
20634,test,0,0,0.04602739518864289
20639,test,0,1,0.5549519159030492
20647,test,0,0,0.028524189951197133
20652,test,0,0,0.11873588611165231
20677,test,0,0,0.025919467870769666
20685,test,0,0,0.023279989767293303
20686,test,0,0,0.04330860761111206
20689,test,0,0,0.013453467647781367
20697,test,0,0,0.1529424590774008
20710,test,0,0,0.03189271053457694
20720,test,0,0,0.12514639793333154
20727,test,0,0,0.05631596978321672
20728,test,0,0,0.03949188875900629
20734,test,0,0,0.013170950479038266
20752,test,0,0,0.027418194095358474
20753,test,0,0,0.006315381010765257
20755,test,0,0,0.011260128806838248
20761,test,0,0,0.08087550581049917
20765,test,0,1,0.7079397855950751
20772,test,0,0,0.03845238476586378
20782,test,0,0,0.08432950939147514
20791,test,0,0,0.005522033300737307
20803,test,0,0,0.08261162835883215
20804,test,0,0,0.011206008122397138
20809,test,0,0,0.0938685070513603
20817,test,0,0,0.042533032066556925
20822,test,0,0,0.044798794232972075
20824,test,0,0,0.032728550925707416
20829,test,0,0,0.006747801864358747
20834,test,0,0,0.019179245934136797
20835,test,0,0,0.11827519169899342
20841,test,0,0,0.046353011190214274
20845,test,0,0,0.027200326426794024
20850,test,0,0,0.13109516097320278
20851,test,0,0,0.008618909954021021
20852,test,0,0,0.0380670424309498
20878,test,0,0,0.005133625258949811
20880,test,0,0,0.021452972062004826
20881,test,0,0,0.015995304811240906
20891,test,0,0,0.05126061027061296
20897,test,0,0,0.028795985545699055
20901,test,0,0,0.06559714522222113
20905,test,0,0,0.08771593472618752
20913,test,0,0,0.23535324836924862
20914,test,0,0,0.04059820980499907
20917,test,0,0,0.03946566988149739
20932,test,0,0,0.015646740022860706
20937,test,0,0,0.01896266760170183
20951,test,0,0,0.025461272439474186
20961,test,0,0,0.022874076391982228
20967,test,0,0,0.043480551914757276
20991,test,0,0,0.0203236196478624
20997,test,0,0,0.06395928164373901
21014,test,0,0,0.45199970917790716
21017,test,0,0,0.09508018882673042
21022,test,0,0,0.030242255999709863
21025,test,0,0,0.013651531149329477
21029,test,0,0,0.008179342784167825
21047,test,0,0,0.04534044080339861
21057,test,0,0,0.06988112339150486
21061,test,0,0,0.044974481984370096
21071,test,0,0,0.03685976341971408
21088,test,0,0,0.016733288624446292
21090,test,0,0,0.052223610129794706
21091,test,0,0,0.040126536506079336
21092,test,0,0,0.013629694317911858
21097,test,0,0,0.08676644542644685
21101,test,0,0,0.06320748628205365
21109,test,0,0,0.3838244237720191
21115,test,0,0,0.018620689281186854
21137,test,0,0,0.006560563553061332
21144,test,0,0,0.05546638667851782
21148,test,0,0,0.04512120246649457
21162,test,0,0,0.021454038918074028
21170,test,0,0,0.020044784972065393
21173,test,0,0,0.08309219433010427
21174,test,0,0,0.09178004062324203
21177,test,0,0,0.35141835134518007
21180,test,0,0,0.03675676470633334
21187,test,0,0,0.027015354002569564
21188,test,0,0,0.02413442373137572
21199,test,0,0,0.280314652157002
21202,test,0,0,0.13686663521888345
21205,test,0,0,0.003402139752171354
21209,test,0,0,0.058896701347528405
21211,test,0,0,0.08680126369835596
21215,test,0,0,0.056326885340208924
21217,test,0,0,0.08038723883020901
21221,test,0,0,0.024486727526392537
21223,test,0,0,0.06366394773953114
21258,test,0,0,0.011275206321749961
21263,test,0,0,0.015808921976141466
21268,test,0,0,0.03288280243834601
21269,test,0,0,0.013779063823333396
21271,test,0,0,0.036537972746711445
21273,test,0,0,0.030681616471896225
21275,test,0,0,0.0413255697160194
21279,test,0,0,0.016266033667079925
21286,test,0,0,0.05755096038298582
21289,test,0,0,0.01980330951025662
21291,test,0,0,0.06735770627131182
21311,test,0,0,0.054838467047271126
21324,test,0,0,0.030523831452926815
21325,test,0,0,0.0054579185453021714
21329,test,0,0,0.057732871202557386
21351,test,0,0,0.03654742645246956
21361,test,0,0,0.025924232663355532
21367,test,0,0,0.017134894980497868
21372,test,0,0,0.03579993473948046
21374,test,0,0,0.013805015428518681
21396,test,0,0,0.07033863052644454
21404,test,0,0,0.011788492803750356
21420,test,0,0,0.027101896270552768
21428,test,0,0,0.05855961471644505
21433,test,0,0,0.01356556873604129
21444,test,0,0,0.037010252288763416
21448,test,0,0,0.007947180196300389
21459,test,0,0,0.022473668626198054
21461,test,0,1,0.8613133714545641
21475,test,0,0,0.0182136419390846
21479,test,0,0,0.11903964801877787
21481,test,0,0,0.0471196613174815
21494,test,0,0,0.0027908397511489072
21540,test,0,0,0.017147671872469673
21543,test,0,0,0.05851774242408787
21549,test,0,0,0.19399893536229493
21551,test,0,0,0.02303784922377682
21568,test,0,0,0.05778161969890917
21570,test,0,0,0.021515673846294818
21575,test,0,0,0.009161697695328161
21594,test,0,0,0.028249862971192613
21596,test,0,0,0.01580089042174411
21603,test,0,0,0.010071870083505635
21607,test,0,0,0.006185175281506306
21619,test,0,0,0.017951104344045517
21625,test,0,0,0.07926450721540977
21628,test,0,0,0.02203494869379805
21632,test,0,0,0.010244009926093083
21649,test,0,0,0.010766575901266461
21669,test,0,0,0.016828529895884653
21673,test,0,0,0.04764952732305797
21674,test,0,0,0.01837276938876937
21693,test,0,0,0.1255755008353052
21704,test,0,0,0.0108968588660024
21710,test,0,0,0.11594478033916783
21716,test,0,0,0.0067661130825892556
21724,test,0,0,0.011273640154155235
21744,test,0,0,0.012277164408356713
21758,test,0,0,0.14149193873207566
21761,test,0,0,0.01339651368949359
21773,test,0,0,0.0934637524083661
21785,test,0,0,0.013791609670812884
21791,test,0,0,0.018954155003079634
21807,test,0,0,0.04890633934120225
21819,test,0,0,0.011368493832668497
21821,test,0,0,0.015416255927110553
21822,test,0,0,0.00838038700031442
21824,test,0,0,0.030846541268533357
21839,test,0,0,0.02035055582582934
21841,test,0,0,0.013631111881599507
21850,test,0,0,0.026700294870894873
21867,test,0,0,0.020156386200512702
21886,test,0,0,0.026304063079805814
21887,test,0,0,0.035077440114647127
21891,test,0,0,0.024704665318369512
21892,test,0,0,0.004036200183820225
21893,test,0,0,0.2126678608111277
21898,test,0,0,0.009575469884439618
21901,test,0,0,0.022905390905405068
21904,test,0,0,0.03019220139279577
21912,test,0,0,0.038020570403516585
21913,test,0,0,0.008391305779236783
21919,test,0,0,0.10437125156765828
21926,test,0,0,0.005959987989199091
21931,test,0,0,0.020970878186528194
21942,test,0,0,0.027366355275921777
21952,test,0,0,0.03152217752636352
21953,test,0,0,0.02193438954135663
21954,test,0,0,0.003898184402903795
21955,test,0,0,0.015936751153053614
21956,test,0,0,0.07465241910836468
21958,test,0,0,0.01464226212004748
21960,test,0,0,0.0862353952422894
21978,test,0,0,0.00819370182170083
21984,test,0,0,0.055634560253287425
21992,test,0,0,0.02643927582915772
22004,test,0,0,0.012937870384791819
22005,test,0,0,0.020764741604186506
22016,test,0,0,0.006519370453307144
22027,test,0,0,0.06839280616083142
22039,test,0,0,0.07132562089858253
22044,test,0,0,0.04274192350922139
22060,test,0,0,0.008833864741052062
22072,test,0,0,0.004172407080164685
22073,test,0,0,0.01349853436882589
22076,test,0,0,0.028317600848776967
22077,test,0,0,0.06580617510064925
22082,test,0,0,0.012474308893554595
22089,test,0,0,0.014764310512972906
22093,test,0,0,0.025171129314072265
22098,test,0,0,0.046505104891212956
22103,test,0,0,0.0876296592839308
22105,test,0,0,0.23959611878533835
22109,test,0,0,0.11210480334707117
22111,test,0,0,0.05356969021695232
22113,test,0,0,0.049760153024367156
22119,test,0,0,0.014230869771988553
22123,test,0,0,0.014570878373097786
22127,test,0,0,0.03241978600639512
22130,test,0,0,0.01605957051274234
22131,test,0,0,0.04870248423054453
22134,test,0,0,0.03307621618228362
22136,test,0,0,0.01061561866352866
22158,test,0,0,0.01592133392997551
22164,test,0,0,0.09889528593354184
22174,test,0,0,0.010620041231991593
22180,test,0,0,0.03157337686627196
22188,test,0,0,0.008753503414066704
22189,test,0,0,0.04096733249038809
22190,test,0,0,0.016977381467392572
22196,test,0,0,0.27762793255651175
22197,test,0,0,0.014909501092457294
22198,test,0,0,0.014960768696432467
22209,test,0,0,0.129523693093211
22218,test,0,0,0.019064290125974204
22221,test,0,0,0.04306519271601019
22222,test,0,0,0.16888133972024708
22238,test,0,0,0.026363034370773135
22241,test,0,0,0.08566917177684442
22251,test,0,0,0.05475692262497639
22256,test,0,0,0.01003745051305857
22259,test,0,0,0.013637364858935965
22260,test,0,0,0.01780832861556306
22265,test,0,0,0.013661473691989346
22266,test,0,0,0.10875424663307161
22267,test,0,0,0.05241538441218492
22270,test,0,0,0.04169098761842221
22292,test,0,0,0.06924697749047959
22296,test,0,0,0.013057366211353798
22298,test,0,0,0.1132713397475063
22302,test,0,0,0.009640074888925697
22307,test,0,0,0.009586998441152097
22314,test,0,0,0.04926635494147235
22315,test,0,0,0.19926724320365632
22318,test,0,0,0.03167931961027729
22319,test,0,0,0.021382274185803993
22334,test,0,0,0.08919827517932957
22336,test,0,0,0.011692521708713554
22343,test,0,0,0.0016363988096870755
22353,test,0,0,0.03560597986616147
22356,test,0,0,0.01752754482625281
22371,test,0,0,0.022253032904980374
22373,test,0,0,0.026768380003324436
22378,test,0,0,0.051922719951984546
22392,test,0,0,0.03542585675506892
22401,test,0,0,0.023563438904334964
22404,test,0,0,0.059173719290851766
22405,test,0,0,0.029956964415549042
22406,test,0,0,0.01511968646690128
22425,test,0,0,0.021704419862351967
22432,test,0,0,0.04934680271961755
22437,test,0,0,0.11544036964881119
22448,test,0,0,0.031245405745224355
22459,test,0,0,0.02528672075018775
22465,test,0,0,0.01376348754025244
22471,test,0,0,0.1695891976579672
22477,test,0,0,0.028555974715314115
22478,test,0,0,0.045971183985846716
22490,test,0,0,0.4460265286065728
22497,test,0,0,0.007762769585036358
22512,test,0,0,0.12092398533737653
22513,test,0,0,0.023362546916263213
22515,test,0,0,0.019610052723173024
22516,test,0,0,0.05734562508798697
22517,test,0,0,0.02579390779654456
22534,test,0,0,0.07695991269454819
22536,test,0,0,0.017329046471357627
22539,test,0,0,0.019879346278620237
22545,test,0,0,0.09176041256219027
22554,test,0,0,0.005616271906653481
22565,test,0,0,0.043032103897343674
22566,test,0,0,0.05692321032103053
22570,test,0,0,0.005172482043229263
22571,test,0,0,0.1769933696125957
22583,test,0,0,0.03295969103611717
22585,test,0,0,0.02758176577248307
22587,test,0,0,0.04158601507565826
22593,test,0,0,0.015463182992221283
22597,test,0,0,0.030464654867576574
22638,test,0,0,0.03463930636813583
22639,test,0,0,0.023340288616478702
22640,test,0,0,0.02246781705188994
22646,test,0,0,0.015341876549621405
22650,test,0,0,0.00917381818097621
22684,test,0,0,0.04555242955151507
22693,test,0,0,0.0055116698582828244
22694,test,0,0,0.013560516678272967
22698,test,0,0,0.07165309645405683
22699,test,0,0,0.11173038996304346
22701,test,0,0,0.1022717626520733
22703,test,0,0,0.011678934675466027
22710,test,0,0,0.00614876498988732
22712,test,0,0,0.008405701989150416
22717,test,0,0,0.028898623493809512
22719,test,0,0,0.0035906976007053807
22737,test,0,0,0.05322491585316539
22748,test,0,0,0.019681095371618964
22756,test,0,0,0.014771190333630654
22760,test,0,0,0.03031355795473067
22762,test,0,0,0.23348678301351472
22772,test,0,0,0.062440574439583
22780,test,0,0,0.008911904826074265
22781,test,0,1,0.5890668600807183
22791,test,0,0,0.022666245146035324
22795,test,0,0,0.07831794525963874
22803,test,0,0,0.14832871151327953
22808,test,0,0,0.08697742811534329
22816,test,0,0,0.015412553287582544
22831,test,0,0,0.011710983277519642
22834,test,0,0,0.011597400028347344
22835,test,0,0,0.014779126270905864
22848,test,0,0,0.003866481569783433
22851,test,0,0,0.042059401574172615
22869,test,0,0,0.010149643702342368
22871,test,0,0,0.03641830447624593
22876,test,0,0,0.011462154465746343
22884,test,0,0,0.027081600363966882
22890,test,0,0,0.059588779915300635
22893,test,0,0,0.01691958427354994
22894,test,0,0,0.016185203061769387
22896,test,0,0,0.09630845372221632
22900,test,0,0,0.04188406932642757
22903,test,0,0,0.006526311490602349
22904,test,0,0,0.04236270353383298
22906,test,0,0,0.017433205200482346
22909,test,0,0,0.0203497990608634
22911,test,0,0,0.024991040232888933
22924,test,0,0,0.2540729748062805
22930,test,0,0,0.021593341140484158
22936,test,0,0,0.05113371934980179
22937,test,0,0,0.02311896726560085
22943,test,0,0,0.13437410919539158
22947,test,0,0,0.08782403559287245
22951,test,0,0,0.013580924055425212
22956,test,0,0,0.02514091876525563
22959,test,0,0,0.023582276147453844
22971,test,0,0,0.012589773290062924
22991,test,0,0,0.009540566906016816
22997,test,0,0,0.09619831604305049
23000,test,0,0,0.05794189989522905
23003,test,0,0,0.02339552273126594
23007,test,0,0,0.007508527852505995
23021,test,0,0,0.07859289876995672
23026,test,0,0,0.007871057955157097
23030,test,0,0,0.05276712039126122
23032,test,0,0,0.07182736829416493
23035,test,0,0,0.03620420351548563
23046,test,0,0,0.10741192194694088
23049,test,0,0,0.07977798805126562
23051,test,0,0,0.008725073579214196
23053,test,0,0,0.006665786748344447
23061,test,0,0,0.020601500006934576
23080,test,0,0,0.08883598928086266
23083,test,0,0,0.029567937636055544
23085,test,0,0,0.00977272502246737
23087,test,0,0,0.01287454014601894
23105,test,0,0,0.14648741473427423
23106,test,0,0,0.0969731753111366
23116,test,0,0,0.017084903150377452
23117,test,0,0,0.02199805503119882
23122,test,0,0,0.01008050910011433
23136,test,0,0,0.24402171188136956
23147,test,0,0,0.32199335157336756
23154,test,0,0,0.03031033957304855
23160,test,0,0,0.03382317811376153
23165,test,0,0,0.045091995748295956
23174,test,0,0,0.13363648264528682
23185,test,0,0,0.022801446964121345
23187,test,0,0,0.015004732685630925
23199,test,0,0,0.03478493442608068
23205,test,0,0,0.008435280047118366
23206,test,0,0,0.06585151869755147
23211,test,0,0,0.006500116053812931
23213,test,0,0,0.049527882642787055
23218,test,0,0,0.043594583387193936
23220,test,0,0,0.08286230173055917
23233,test,0,0,0.02892193718247354
23235,test,0,0,0.15879657577210193
23237,test,0,0,0.03867426877287719
23240,test,0,0,0.048222675782071275
23243,test,0,0,0.08285607880322472
23249,test,0,0,0.04291592385133864
23252,test,0,0,0.1291708718862603
23254,test,0,0,0.03103629668674881
23258,test,0,0,0.010127370660496212
23262,test,0,0,0.04782065885210462
23269,test,0,0,0.12053362870547979
23288,test,0,0,0.1857217695328336
23293,test,0,0,0.022409675944107522
23303,test,0,0,0.016706187018236646
23306,test,0,0,0.051069813107126195
23316,test,0,0,0.027887791043567083
23328,test,0,0,0.06497309694669424
23331,test,0,0,0.05728226490485675
23339,test,0,0,0.03740094306702268
23342,test,0,0,0.03189630228871346
23350,test,0,0,0.07323027067355893
23352,test,0,0,0.06307326831021337
23353,test,0,0,0.20895224056211906
23356,test,0,0,0.04650770111355297
23362,test,0,0,0.11322396559953804
23367,test,0,0,0.1022629198861488
23368,test,0,0,0.05336810975169995
23387,test,0,0,0.00820414966935523
23402,test,0,0,0.029185358896020603
23407,test,0,0,0.1394355802433872
23410,test,0,0,0.03934615706551302
23412,test,0,0,0.08270393623526415
23420,test,0,0,0.12256606411638309
23439,test,0,0,0.021049241552911147
23445,test,0,0,0.07766960593586823
23447,test,0,0,0.06523319472594663
23449,test,0,0,0.03764167892687064
23450,test,0,0,0.2536507809100412
23458,test,0,0,0.0631795795533998
23473,test,0,0,0.0029641415194961115
23480,test,0,0,0.048001943414829135
23492,test,0,0,0.038710588823505934
23503,test,0,0,0.011445367807717984
23507,test,0,0,0.063054408336602
23520,test,0,0,0.014786035206269468
23543,test,0,0,0.013111250672956288
23551,test,0,0,0.10127246281397581
23554,test,0,0,0.0118484554036578
23560,test,0,0,0.011763297175036625
23563,test,0,0,0.043567224199052616
23577,test,0,0,0.03392894946462643
23583,test,0,0,0.00806015900125395
23600,test,0,0,0.017219904999781585
23601,test,0,0,0.0901775209192021
23603,test,0,0,0.4337099848834171
23611,test,0,0,0.17145308918979257
23615,test,0,0,0.08031192955448785
23629,test,0,0,0.034002427724398876
23632,test,0,0,0.018445335569694098
23633,test,0,0,0.008332669777800764
23644,test,0,0,0.033507021620770884
23645,test,0,0,0.018243944936673934
23651,test,0,0,0.017936215102684533
23668,test,0,0,0.01974481329889394
23690,test,0,0,0.01199593276722062
23694,test,0,0,0.056298117821560203
23697,test,0,0,0.07041919773533198
23699,test,0,0,0.03778239645297172
23712,test,0,0,0.02111859669415606
23715,test,0,0,0.01440501097550984
23717,test,0,0,0.12467681744213024
23723,test,0,0,0.015710475098388625
23726,test,0,0,0.02105855414727201
23730,test,0,0,0.03127301034118611
23733,test,0,0,0.06973183398401664
23737,test,0,0,0.14240814253980003
23744,test,0,0,0.46117221512477025
23749,test,0,0,0.020541870171840757
23755,test,0,0,0.027645597946553382
23756,test,0,0,0.0756863377715868
23764,test,0,0,0.06041553620031486
23765,test,0,0,0.04967657897923305
23774,test,0,0,0.010784416033938283
23778,test,0,0,0.01825164510668855
23779,test,0,0,0.06878575257101473
23792,test,0,0,0.2497370452082761
23798,test,0,0,0.06345007324562593
23803,test,0,0,0.011145212720348555
23805,test,0,0,0.14502669268191265
23820,test,0,0,0.03421184920683922
23822,test,0,0,0.033400005835797004
23829,test,0,1,0.6333838905849198
23831,test,0,0,0.009571415812500962
23832,test,0,0,0.02913285328408429
23835,test,0,0,0.03289901885196518
23837,test,0,0,0.03988448804253564
23857,test,0,0,0.035962676489347846
23858,test,0,0,0.02661604591748477
23867,test,0,0,0.033119330089935214
23872,test,0,0,0.09240677005081768
23877,test,0,0,0.04759581616015027
23881,test,0,0,0.07823477704129944
23891,test,0,0,0.029439626391741858
23900,test,0,0,0.010780663551733122
23902,test,0,0,0.05432727209939453
23906,test,0,0,0.0726331703298528
23907,test,0,0,0.06737746723907785
23911,test,0,0,0.03737129666128309
23917,test,0,0,0.12512200589802266
23926,test,0,0,0.11222178295835002
23930,test,0,0,0.025521461007935904
23932,test,0,0,0.048552362175340404
23949,test,0,0,0.020979671542507523
23954,test,0,0,0.0065113531443210925
23972,test,0,0,0.01268929759747362
23975,test,0,0,0.01839608683628057
23980,test,0,0,0.009043604748404514
23991,test,0,0,0.09026112850645464
24001,test,0,0,0.06365852896139425
24003,test,0,0,0.05727557798243991
24007,test,0,0,0.016088998079539753
24009,test,0,0,0.14235627463984932
24016,test,0,0,0.02911463412980971
24024,test,0,0,0.11004240670756402
24025,test,0,0,0.12441453598308877
24026,test,0,0,0.018071604844286306
24031,test,0,0,0.026896995693092212
24034,test,0,0,0.03617256132784957
24042,test,0,0,0.09543790254897717
24046,test,0,0,0.029145964963993628
24049,test,0,0,0.014832101407366908
24052,test,0,0,0.14483091594073585
24071,test,0,0,0.06424455108646561
24077,test,0,0,0.04995531714692947
24090,test,0,0,0.02547977430541368
24099,test,0,0,0.2749769354665084
24101,test,0,0,0.011628819087690645
24103,test,0,0,0.06206617216396487
24104,test,0,0,0.07157658328176865
24106,test,0,0,0.044891251511394684
24113,test,0,0,0.018818326502293186
24116,test,0,0,0.011232814556888925
24136,test,0,0,0.047904195944550886
24162,test,0,0,0.01141540890922219
24165,test,0,0,0.03755678988443298
24171,test,0,0,0.047513220170937016
24177,test,0,0,0.1391113975523471
24182,test,0,0,0.021977164884276677
24183,test,0,0,0.1453527415641283
24192,test,0,0,0.0434631168048418
24197,test,0,0,0.1195877141355161
24198,test,0,0,0.022230877844130855
24199,test,0,0,0.0311544899638179
24225,test,0,0,0.14694313715316235
24228,test,0,0,0.025698549523248113
24237,test,0,0,0.006913232871747879
24244,test,0,0,0.031939273168218034
24257,test,0,0,0.020141412039233277
24260,test,0,0,0.01978442618946026
24262,test,0,0,0.03820720154546652
24268,test,0,0,0.07776744620118833
24270,test,0,0,0.0518183069878117
24277,test,0,0,0.03541833411922797
24280,test,0,0,0.2358593860511075
24284,test,0,0,0.1345012216401836
24294,test,0,0,0.018191336699568527
24313,test,0,0,0.042711644322999016
24334,test,0,0,0.01664854514961008
24342,test,0,0,0.13228664669597587
24343,test,0,0,0.028066716150093648
24354,test,0,0,0.04310168839492488
24355,test,0,0,0.015580164101020979
24359,test,0,0,0.05133929800642934
24366,test,0,0,0.04753969515422494
24371,test,0,0,0.005758693076057941
24378,test,0,0,0.08339794617845861
24385,test,0,0,0.03428358687582927
24399,test,0,0,0.025908868816599272
24402,test,0,0,0.009281781154977568
24404,test,0,0,0.053685223359386504
24410,test,0,0,0.1506829663028531
24421,test,0,0,0.04140104655431771
24427,test,0,0,0.08777824189629346
24431,test,0,0,0.019066599613687084
24432,test,0,0,0.05991486656024537
24440,test,0,0,0.009644953124721835
24441,test,0,0,0.056304479664195516
24442,test,0,0,0.03539106713733284
24449,test,0,0,0.04632822139071988
24451,test,0,0,0.051648818555409086
24457,test,0,0,0.0171322698160107
24466,test,0,0,0.029085073617321884
24470,test,0,0,0.08842255507765695
24471,test,0,0,0.10570370462784476
24477,test,0,0,0.02459639676355503
24483,test,0,0,0.022270540623159803
24502,test,0,0,0.030902240478693475
24504,test,0,0,0.08672166269500907
24513,test,0,0,0.15930538832468846
24517,test,0,1,0.6697095354763636
24518,test,0,0,0.15494273420306728
24520,test,0,0,0.014635861159596964
24525,test,0,0,0.031304702175466444
24530,test,0,0,0.0067943507396811265
24540,test,0,0,0.07623143682215942
24544,test,0,0,0.019741934750752844
24545,test,0,0,0.05507665011763953
24557,test,0,0,0.3457693836992744
24560,test,0,0,0.06815046213151964
24575,test,0,0,0.023085153334188323
24580,test,0,0,0.022430754674091818
24583,test,0,0,0.16070137777401608
24584,test,0,0,0.09908061347542385
24589,test,0,0,0.06360965181801485
24594,test,0,0,0.0312261868152777
24598,test,0,0,0.014611161557896907
24608,test,0,0,0.08513804253337756
24612,test,0,0,0.018382081920121512
24615,test,0,0,0.015665033864842644
24617,test,0,0,0.029519990047811865
24619,test,0,0,0.10254901460779313
24626,test,0,0,0.020324967903896405
24627,test,0,0,0.0929699349641693
24640,test,0,0,0.00502086069404706
24644,test,0,0,0.05657689621904878
24645,test,0,0,0.009620731864125728
24647,test,0,0,0.051698916286111896
24651,test,0,0,0.028731745693682004
24654,test,0,0,0.01367700966453642
24657,test,0,0,0.039632949553468216
24667,test,0,0,0.007695045291384178
24669,test,0,0,0.012700136593030308
24675,test,0,0,0.03180125688143211
24679,test,0,0,0.1022090050472768
24688,test,0,0,0.02245939590638014
24691,test,0,0,0.0801380573490312
24700,test,0,0,0.06739688888369275
24714,test,0,0,0.012699490130566038
24727,test,0,0,0.04558340364140184
24730,test,0,0,0.27380659613289526
24735,test,0,0,0.16095997022645991
24748,test,0,0,0.026673478234295903
24752,test,0,0,0.03019392205898511
24756,test,0,0,0.10543440574504145
24772,test,0,0,0.18943619856451546
24773,test,0,0,0.03098243237369505
24775,test,0,0,0.12499406384738043
24801,test,0,0,0.04898261074143995
24804,test,0,0,0.27728467811678464
24806,test,0,0,0.27291609050728194
24811,test,0,0,0.0037282237096215227
24816,test,0,0,0.381075712993777
24818,test,0,0,0.019889205382253444
24829,test,0,0,0.022348699445604494
24834,test,0,0,0.06330053152531502
24851,test,0,0,0.04979431446544898
24853,test,0,0,0.028051713875779292
24855,test,0,0,0.04773612106651819
24861,test,0,0,0.029973816423079752
24879,test,0,0,0.014715733820023509
24882,test,0,0,0.1133627908278512
24885,test,0,0,0.03594295012035338
24887,test,0,0,0.11875344242941453
24890,test,0,0,0.0422226852110892
24907,test,0,0,0.039413088942885276
24916,test,0,0,0.19159097966909827
24922,test,0,0,0.06437810956087966
24941,test,0,0,0.2520974970734361
24944,test,0,0,0.03244641466682477
24952,test,0,0,0.13988570884649046
24955,test,0,0,0.10550341539722559
24980,test,0,0,0.07086995501580699
24982,test,0,0,0.018081736460649766
24987,test,0,0,0.0935038083164024
24992,test,0,0,0.0194969352418489
25004,test,0,0,0.14954948689537853
25005,test,0,0,0.01283622873786735
25021,test,0,0,0.0750167618934493
25022,test,0,0,0.08231634349128956
25025,test,0,0,0.17791282212329843
25035,test,0,0,0.014527983081762688
25038,test,0,0,0.09057337092677223
25048,test,0,0,0.026877099025114672
25056,test,0,0,0.07163984268449032
25058,test,0,0,0.3103048410315704
25065,test,0,0,0.15437313393518393
25072,test,0,0,0.25762424177738075
25078,test,0,0,0.02005403836057174
25083,test,0,0,0.367693374539314
25090,test,0,0,0.2331405086939804
25104,test,0,0,0.06205029219232079
25112,test,0,0,0.07722026324552624
25118,test,0,0,0.06164839772816392
25134,test,0,0,0.22006505149447372
25140,test,0,0,0.12106564954949246
25145,test,0,0,0.11109554630250176
25154,test,0,0,0.10909752226364061
25171,test,0,0,0.1706892126343099
25176,test,0,0,0.10294672418142692
25179,test,0,0,0.3161345090294407
25197,test,0,0,0.08455586537979555
25203,test,0,0,0.10449366949805572
25219,test,0,0,0.04558043997151778
25222,test,0,1,0.5889927514113923
25238,test,0,0,0.4862253600277482
25244,test,0,0,0.08588495892333892
25249,test,0,0,0.047490196385984236
25265,test,0,0,0.048330291316619
25266,test,0,0,0.011494551003931621
25274,test,0,0,0.10634137466931749
25276,test,0,0,0.10886057070505151
25279,test,0,0,0.038751008135344614
25284,test,0,0,0.2903013748575816
25293,test,0,0,0.05170083433801881
25296,test,0,0,0.19037467404930233
25304,test,0,0,0.0352451313012763
25309,test,0,0,0.3504186404805634
25312,test,0,0,0.015365073245357092
25324,test,0,0,0.0355395009277055
25357,test,0,0,0.01882337546663363
25367,test,0,1,0.8425905547329245
25370,test,0,0,0.07217757532714679
25388,test,0,0,0.025420800021940138
25390,test,0,0,0.012155187302605047
25396,test,0,0,0.04447063744680336
25402,test,0,0,0.10859861123141193
25404,test,0,0,0.05012947353531246
25411,test,0,0,0.1272040969426889
25428,test,0,0,0.30038362127651275
25431,test,0,0,0.16220990607219862
25434,test,0,0,0.07399457041935173
25440,test,0,0,0.03767101686828979
25445,test,0,0,0.008168253238495082
25448,test,0,0,0.14370716083399682
25450,test,0,0,0.05617813286794644
25453,test,0,0,0.03992308517478391
25454,test,0,0,0.1394202523544894
25455,test,0,0,0.05319596028090327
25457,test,0,0,0.008974443165504109
25460,test,0,0,0.0407562431729569
25463,test,0,0,0.2066919852031398
25465,test,0,0,0.03333915143186717
25467,test,0,0,0.07602256918776502
25468,test,0,1,0.7040116735778983
25477,test,0,0,0.21164441237394005
25478,test,0,0,0.044676396049699765
25497,test,0,0,0.18290827392597298
25499,test,0,0,0.24331484257309977
25502,test,0,0,0.05601025684898832
25511,test,0,0,0.005293773929068278
25514,test,0,0,0.06417582925979214
25529,test,0,0,0.14629087213772474
25531,test,0,0,0.04355758819128016
25534,test,0,0,0.01241897205976787
25539,test,0,0,0.005443108687272417
25541,test,0,0,0.1338795773942637
25557,test,0,0,0.16708218029367217
25571,test,0,0,0.012849006459456148
25581,test,0,0,0.029052075409549346
25586,test,0,0,0.06767105954577676
25591,test,0,0,0.01178581953847439
25594,test,0,0,0.05654274874438366
25611,test,0,0,0.23771624401913077
25613,test,0,0,0.12812865734288223
25616,test,0,0,0.02308700134811234
25623,test,0,0,0.06310288812442523
25633,test,0,0,0.042441120433728045
25634,test,0,0,0.030229581653847988
25636,test,0,0,0.013236039481587874
25640,test,0,0,0.13092750712947976
25650,test,0,0,0.11072121137957903
25663,test,0,0,0.19766730166373056
25669,test,0,0,0.1345766107395216
25671,test,0,0,0.11023119565073326
25687,test,0,0,0.2578546091753393
25689,test,0,0,0.05162282252487518
25691,test,0,0,0.08285737718956236
25695,test,0,0,0.42538537514902713
25705,test,0,0,0.04045853453655139
25706,test,0,0,0.019105440430260925
25719,test,0,0,0.08517318487660354
25720,test,0,0,0.024370141558628922
25725,test,0,0,0.03894423845381356
25747,test,0,0,0.0031976572956027853
25769,test,0,0,0.16660809657764508
25772,test,0,0,0.026310962043077382
25776,test,0,0,0.07588384192439693
25782,test,0,0,0.05196290619618782
25783,test,0,0,0.05115024021219198
25786,test,0,0,0.08943469640299488
25790,test,0,0,0.27759648444973084
25794,test,0,0,0.06421547040302023
25796,test,0,0,0.24906762677688937
25799,test,0,0,0.11562745910582331
25817,test,0,0,0.0372902650148368
25818,test,0,0,0.07419580018988896
25824,test,0,0,0.03584425493646662
25850,test,0,0,0.10194270808601072
25853,test,0,0,0.10194497800969943
25876,test,0,0,0.016216925133253263
25888,test,0,0,0.03360153569940265
25889,test,0,0,0.03123355693161787
25890,test,0,0,0.307751359583488
25894,test,0,0,0.02966832955287017
25897,test,0,0,0.1136567287183562
25899,test,0,0,0.03836123477288483
25909,test,0,0,0.050460622015296705
25922,test,0,0,0.21956802390164556
25928,test,0,0,0.10240442159435183
25933,test,0,0,0.00399809016073543
25952,test,0,0,0.04228736719090786
25963,test,0,0,0.008831603099047347
25973,test,0,0,0.014268304173319694
25980,test,0,0,0.16415505974587638
25990,test,0,0,0.030529113481756784
25994,test,0,0,0.14710059731272432
25996,test,0,0,0.03029051152353248
26008,test,0,0,0.03348052062610631
26010,test,0,0,0.28512152585156
26014,test,0,0,0.157041695817844
26016,test,0,0,0.3197760431244104
26017,test,0,0,0.06406874069717106
26028,test,0,0,0.05194021879858555
26032,test,0,0,0.20847557144886086
26038,test,0,0,0.062110538678997504
26041,test,0,0,0.07607358211896262
26053,test,0,0,0.06329171736535935
26056,test,0,0,0.1072492332471908
26062,test,0,0,0.2619971137030017
26066,test,0,0,0.07042311264334192
26094,test,0,0,0.012036370102894267
26097,test,0,0,0.05462481428813457
26107,test,0,0,0.17601993707785193
26117,test,0,0,0.018652725671179274
26120,test,0,0,0.038128373011887366
26123,test,0,0,0.08166828713103663
26127,test,0,0,0.40893408468560766
26141,test,0,0,0.27334898817236664
26152,test,0,0,0.010485951235321866
26163,test,0,0,0.18162625591881923
26166,test,0,0,0.14060519915132397
26167,test,0,0,0.1649254014988582
26172,test,0,0,0.013725522295743513
26173,test,0,0,0.433473894610619
26177,test,0,0,0.030352725236370146
26178,test,0,0,0.01709774841515384
26195,test,0,0,0.04638464002330553
26215,test,0,0,0.041404125957364035
26216,test,0,0,0.009326506409391535
26228,test,0,0,0.2674586899247334
26231,test,0,0,0.49329053796669475
26243,test,0,1,0.7502503692465532
26244,test,0,0,0.11236772217497441
26248,test,0,0,0.029585156725530404
26253,test,0,0,0.13870516360450988
26256,test,0,0,0.055521851461523955
26261,test,0,0,0.1117127326782483
26269,test,0,0,0.049110803100225586
26281,test,0,0,0.10112148671617924
26298,test,0,0,0.197491186957943
26299,test,0,0,0.03190466477587197
26314,test,0,0,0.006287249962541423
26320,test,0,0,0.09082697074397085
26345,test,0,0,0.026470362806009347
26355,test,0,0,0.03538868256749758
26366,test,0,0,0.029362295967617205
26367,test,0,0,0.017156729020270132
26381,test,0,0,0.030846898163970477
26382,test,0,0,0.11188814340194998
26385,test,0,0,0.15465375917079663
26388,test,0,0,0.026580590844192082
26403,test,0,0,0.0391675748536391
26407,test,0,0,0.030852835335494395
26425,test,0,0,0.01802782732752655
26445,test,0,0,0.09070740035984193
26448,test,0,0,0.057091912234385575
26457,test,0,0,0.13568114699976405
26466,test,0,0,0.09605024931412996
26468,test,0,0,0.06913496933113843
26472,test,0,0,0.08363769429197547
26474,test,0,0,0.04714898670049789
26478,test,0,0,0.05436746856804937
26479,test,0,0,0.05477327489681151
26489,test,0,0,0.09600294315959848
26492,test,0,0,0.05975352931402385
26493,test,0,0,0.11747124950562839
26507,test,0,0,0.08290550422784482
26525,test,0,0,0.015279795238620731
26528,test,0,0,0.04444372704370307
26535,test,0,0,0.11957244453761219
26537,test,0,0,0.19193188616034362
26538,test,0,0,0.029760602363899144
26539,test,0,0,0.04878482960619893
26544,test,0,0,0.07692732712489594
26548,test,0,0,0.024365061043713783
26555,test,0,0,0.02445907718790018
26562,test,0,0,0.012301930102566035
26566,test,0,0,0.17626230266173984
26567,test,0,0,0.07379329811959977
26569,test,0,0,0.312557238644817
26571,test,0,0,0.09499610686277028
26572,test,0,0,0.23731042334299024
26583,test,0,0,0.07837086701538294
26588,test,0,0,0.06551777698003505
26591,test,0,0,0.06083218728177692
26592,test,0,0,0.12164859586711953
26596,test,0,0,0.05139719980802658
26607,test,0,0,0.023540878834389038
26612,test,0,0,0.058047239241797624
26616,test,0,0,0.12808330267440726
26621,test,0,0,0.1430374467621246
26629,test,0,0,0.04559762572355759
26638,test,0,0,0.07278952994709552
26642,test,0,0,0.007836157195151456
26645,test,0,0,0.006486744000785778
26661,test,0,0,0.13929132839659564
26664,test,0,0,0.022838005085878684
26665,test,0,0,0.041875741384957164
26667,test,0,0,0.028080935559406307
26668,test,0,0,0.06451923705330456
26669,test,0,0,0.024224485721627328
26679,test,0,0,0.09276261096271854
26684,test,0,0,0.04298261122920859
26688,test,0,0,0.08303191313694261
26696,test,0,0,0.03147546555934949
26729,test,0,0,0.017799370016121054
26738,test,0,0,0.12346462487126325
26744,test,0,0,0.07891084259299341
26763,test,0,0,0.0784055287771465
26771,test,0,0,0.09503194778781197
26773,test,0,0,0.09596608174750745
26784,test,0,0,0.0750108797334971
26785,test,0,0,0.012650223624400698
26794,test,0,0,0.03001145260881016
26798,test,0,0,0.2237149647655563
26800,test,0,0,0.033003262051936856
26803,test,0,0,0.021450620086329537
26807,test,0,0,0.09882184663903146
26809,test,0,0,0.10401616401833529
26830,test,0,0,0.05377431797399331
26831,test,0,0,0.04607069661662255
26835,test,0,0,0.09779411095595718
26849,test,0,0,0.07906257516802455
26889,test,0,0,0.03888235609414245
26890,test,0,0,0.08367583640548491
26896,test,0,0,0.021660505413771642
26900,test,0,0,0.04024983244548067
26907,test,0,1,0.87142583172811
26922,test,0,0,0.06945704841620746
26933,test,0,0,0.018074608793592205
26935,test,0,0,0.048564191012341225
26954,test,0,0,0.06400243460839444
26957,test,0,0,0.019942963771859158
26960,test,0,0,0.038703594007181964
26964,test,0,0,0.0447296191855526
26971,test,0,0,0.04206145541813699
26977,test,0,0,0.33813786820646474
26979,test,0,0,0.025220990952403387
26980,test,0,0,0.11022897150308804
26982,test,0,0,0.1286747452281033
26985,test,0,0,0.06633638683277075
26989,test,0,0,0.006216709983473663
27001,test,0,0,0.08026832364238498
27011,test,0,0,0.02315574040599985
27017,test,0,0,0.010127379037101359
27018,test,0,0,0.04389688254163889
27030,test,0,0,0.03855954367123427
27037,test,0,0,0.0061193446859517464
27041,test,0,0,0.03655742984071325
27048,test,0,0,0.05067510922369875
27049,test,0,0,0.06884653870827925
27052,test,0,0,0.1267006521855518
27057,test,0,0,0.26496671546077843
27061,test,0,0,0.05340988555471229
27098,test,0,0,0.04158302704957976
27102,test,0,0,0.02883795953205802
27110,test,0,0,0.013874029325473554
27111,test,0,0,0.06548918843061151
27115,test,0,0,0.07561043823266049
27123,test,0,0,0.01207987432276441
27128,test,0,0,0.040799729081396154
27147,test,0,0,0.06871282027102397
27153,test,0,0,0.02050623317293753
27161,test,0,0,0.015585321649213547
27175,test,0,0,0.05343145096327219
27176,test,0,0,0.08406515296756441
27213,test,0,0,0.08161973716113675
27223,test,0,0,0.14752233160768305
27225,test,0,0,0.03263924143177425
27226,test,0,0,0.0638299420055051
27227,test,0,0,0.08299543151883215
27229,test,0,0,0.025424569144899066
27250,test,0,0,0.013799770162431732
27255,test,0,0,0.006167572304212961
27256,test,0,0,0.014287317858846025
27278,test,0,0,0.029683700460186105
27282,test,0,0,0.0639061302071297
27284,test,0,0,0.1242916468619219
27293,test,0,0,0.04384046376987672
27294,test,0,0,0.06642847283064073
27297,test,0,0,0.11671316561245264
27308,test,0,0,0.007818905052753811
27313,test,0,0,0.33002842727251536
27321,test,0,0,0.18732489010188047
27326,test,0,0,0.3350106164944871
27327,test,0,0,0.020958947607890802
27334,test,0,0,0.011032188009827987
27335,test,0,0,0.0583045559639685
27340,test,0,0,0.08279284408902564
27343,test,0,0,0.06250733452533128
27345,test,0,0,0.04009111426712679
27346,test,0,0,0.08456549778820306
27361,test,0,0,0.03905702265111346
27364,test,0,0,0.010205364126223509
27368,test,0,0,0.05442616729754805
27369,test,0,0,0.02960879656070943
27372,test,0,0,0.015950757253950648
27375,test,0,0,0.02153660027477926
27377,test,0,0,0.03436595338971381
27378,test,0,0,0.03671740316636691
27412,test,0,0,0.047280611038755145
27417,test,0,0,0.21479363083843228
27420,test,0,0,0.13346775888103757
27445,test,0,0,0.01988928311043093
27452,test,0,0,0.11369222505967602
27457,test,0,0,0.12448904436980866
27476,test,0,0,0.04169746714747725
27489,test,0,0,0.050737242668672036
27501,test,0,0,0.042096591652365116
27508,test,0,0,0.026698237414460552
27514,test,0,0,0.03526848403865264
27516,test,0,0,0.06967548672541585
27519,test,0,0,0.0397328296070806
27521,test,0,0,0.13262763583300916
27531,test,0,0,0.07161582316228217
27538,test,0,0,0.07614798971002477
27542,test,0,0,0.03346504211342459
27549,test,0,0,0.045165380409999296
27554,test,0,0,0.12214512303858246
27557,test,0,0,0.14576540118569853
27563,test,0,0,0.12905404130294568
27567,test,0,0,0.09778375138500385
27573,test,0,0,0.08716294562110066
27584,test,0,0,0.04731417672681163
27596,test,0,0,0.0983799271300353
27597,test,0,0,0.48346425726390707
27603,test,0,0,0.05066652520784753
27606,test,0,0,0.1609520289881287
27608,test,0,0,0.07900254075964584
27611,test,0,0,0.035071526320367696
27621,test,0,0,0.05992104912090662
27622,test,0,0,0.09111058959404933
27628,test,0,0,0.025003675621074545
27634,test,0,0,0.01205042515147049
27637,test,0,0,0.02646147298262011
27638,test,0,0,0.06807084822219628
27639,test,0,0,0.07973716393393167
27642,test,0,0,0.036550623422421706
27644,test,0,0,0.09499991243577571
27649,test,0,0,0.09670614669918623
27656,test,0,0,0.2604258233307549
27668,test,0,0,0.28098938763842063
27670,test,0,0,0.03169373455678947
27674,test,0,0,0.07305573023432711
27683,test,0,0,0.05958899793248604
27686,test,0,0,0.019416888805381134
27691,test,0,0,0.01514970591232254
27694,test,0,0,0.008571629269221849
27699,test,0,0,0.18026465109267403
27709,test,0,0,0.10436682645463238
27714,test,0,0,0.004535325865888911
27719,test,0,0,0.0371931671080007
27728,test,0,0,0.0602780813328863
27732,test,0,0,0.07664595116851579
27749,test,0,0,0.08718433249775784
27754,test,0,0,0.07235388974205216
27775,test,0,0,0.12132515073312122
27781,test,0,0,0.07512373424403329
27787,test,0,0,0.05190600226290448
27793,test,0,0,0.05203545505630993
27801,test,0,0,0.018420607348119712
27805,test,0,0,0.05529654658200075
27811,test,0,0,0.06746393161560821
27818,test,0,0,0.013595743289419244
27822,test,0,0,0.07551551110065974
27841,test,0,0,0.014490732190050547
27843,test,0,0,0.02914673004122421
27856,test,0,0,0.4724288270009292
27857,test,0,0,0.054862648369053225
27864,test,0,0,0.08485817896290718
27873,test,0,0,0.017347458693121775
27887,test,0,0,0.022941384751962928
27894,test,0,0,0.03867031316570013
27910,test,0,0,0.04064212909390931
27914,test,0,0,0.05753452524595553
27918,test,0,0,0.01477872980690588
27934,test,0,1,0.9751584085106629
27939,test,0,0,0.014398196850243855
27946,test,0,0,0.03338365125665628
27948,test,0,0,0.011309809507448762
27949,test,0,0,0.010491051109148651
27953,test,0,0,0.01483706875500696
27964,test,0,0,0.011355106553105117
27977,test,0,0,0.0409421342377985
27978,test,0,0,0.012994531159958309
27979,test,0,0,0.016845416614915537
27987,test,0,0,0.05201361282783642
27996,test,0,0,0.02385868023474294
28002,test,0,0,0.040283577419166126
28013,test,0,0,0.039700970738524625
28015,test,0,0,0.04537619215094747
28016,test,0,0,0.05289199059254371
28029,test,0,0,0.05598965091537129
28037,test,0,0,0.013025828724378933
28043,test,0,0,0.05340134498876585
28048,test,0,0,0.023846483465303134
28050,test,0,0,0.05455368298146662
28053,test,0,0,0.09209000273639825
28056,test,0,0,0.019608144879458923
28077,test,0,0,0.024843776406430484
28078,test,0,0,0.032955075657409606
28088,test,0,0,0.06527551643114103
28095,test,0,0,0.09995056760634617
28097,test,0,0,0.012512681640002049
28101,test,0,0,0.015628493912406217
28108,test,0,0,0.07016217882763508
28112,test,0,0,0.018833128028827018
28138,test,0,0,0.17545458102808717
28143,test,0,0,0.0043238681789611825
28154,test,0,0,0.10242482525861589
28160,test,0,0,0.011605077034578963
28165,test,0,0,0.021206806753206027
28167,test,0,0,0.029445610041247107
28177,test,0,0,0.05329721881406665
28181,test,0,0,0.025435335496641853
28185,test,0,0,0.06945859906512544
28190,test,0,0,0.01849413042167424
28197,test,0,0,0.012756303521535195
28206,test,0,0,0.20176186237239574
28210,test,0,0,0.024911170031836103
28215,test,0,1,0.6624020111856289
28217,test,0,0,0.01422933534474046
28218,test,0,0,0.08210424125886259
28220,test,0,0,0.03468603350109205
28234,test,0,0,0.057930815017228986
28236,test,0,0,0.15712780793647266
28246,test,0,0,0.01877435122156537
28248,test,0,0,0.16969920856113177
28250,test,0,0,0.05493715758010444
28254,test,0,0,0.0724446601591463
28261,test,0,0,0.18410890517087303
28266,test,0,0,0.08854353675397239
28277,test,0,0,0.035174936252008425
28278,test,0,0,0.011270208547332464
28283,test,0,0,0.04652017209656983
28289,test,0,0,0.06514156885548916
28292,test,0,0,0.09273358260849597
28298,test,0,0,0.004284268134684987
28310,test,0,0,0.05737472416676876
28312,test,0,0,0.020924507636270344
28321,test,0,0,0.10230188181907438
28335,test,0,0,0.006559852493198224
28347,test,0,0,0.06574769451176528
28354,test,0,0,0.009570311836365438
28361,test,0,0,0.4219124334775286
28374,test,0,0,0.2931452166487671
28377,test,0,0,0.01184992384318972
28382,test,0,0,0.0963951678867174
28415,test,0,0,0.38548281909851806
28425,test,0,0,0.0757805143286654
28426,test,0,0,0.043642668540046045
28427,test,0,0,0.05304924310912475
28436,test,0,0,0.4235785746348509
28444,test,0,0,0.17266840830273583
28446,test,0,0,0.10137868305425955
28459,test,0,0,0.022035196150477068
28463,test,0,0,0.061436978328220586
28464,test,0,0,0.22113007177002791
28466,test,0,0,0.021014134829163703
28477,test,0,0,0.017355229503359566
28483,test,0,0,0.23005252616502592
28484,test,0,0,0.004672238911245793
28507,test,0,0,0.4883842221769348
28514,test,0,0,0.1803834528904378
28544,test,0,0,0.18461181593364634
28554,test,0,0,0.0524880461506811
28562,test,0,0,0.04835304750644457
28565,test,0,0,0.068060510850359
28572,test,0,0,0.12868383063794223
28577,test,0,0,0.1470507634467788
28581,test,0,0,0.11159596119745488
28583,test,0,0,0.0679996078071207
28591,test,0,0,0.03150480920689096
28599,test,0,0,0.1157829044721456
28612,test,0,0,0.10263545928116159
28615,test,0,0,0.3616266008516476
28618,test,0,0,0.4240776878154718
28627,test,0,0,0.01915867195327635
28629,test,0,0,0.075781872032529
28632,test,0,0,0.046039405786110495
28633,test,0,0,0.06641709504738408
28635,test,0,0,0.06754667970800401
28642,test,0,0,0.017816220235161107
28643,test,0,0,0.09661098221536447
28651,test,0,0,0.18567216130704692
28666,test,0,0,0.045776398447796934
28668,test,0,0,0.02972225660128304
28695,test,0,0,0.03701269103253459
28701,test,0,0,0.01650638205882973
28707,test,0,0,0.047865726077026084
28713,test,0,0,0.02389729710645086
28721,test,0,0,0.030582108162511615
28722,test,0,0,0.039566895869747515
28732,test,0,0,0.23670932165589917
28741,test,0,0,0.05594098942042237
28745,test,0,0,0.03705773120244696
28757,test,0,0,0.016789034394104112
28763,test,0,0,0.06735278942207377
28764,test,0,0,0.03126555674658884
28771,test,0,0,0.04733773776445248
28773,test,0,0,0.03892408447915947
28775,test,0,0,0.041286268280882825
28789,test,0,0,0.020144256421663585
28790,test,0,0,0.031222177693057896
28799,test,0,0,0.020323953302048687
28805,test,0,0,0.10941166526149448
28823,test,0,0,0.05566891535023606
28824,test,0,0,0.01832354748852232
28832,test,0,0,0.06880046178055542
28833,test,0,0,0.05648930632183088
28842,test,0,0,0.0375562921886119
28843,test,0,0,0.018067723395789898
28844,test,0,0,0.04777101561817811
28851,test,0,0,0.011348708631267005
28855,test,0,0,0.008517644795635416
28858,test,0,0,0.10783919718486554
28868,test,0,0,0.024544619075359656
28872,test,0,0,0.019470585822826923
28882,test,0,0,0.06864947952397153
28886,test,0,0,0.052634303292529445
28892,test,0,0,0.010883689308722699
28896,test,0,0,0.013721984474422777
28900,test,0,0,0.00983905703811877
28908,test,0,0,0.14522995008339495
28931,test,0,0,0.05031291930035612
28934,test,0,0,0.17157808124321952
28936,test,0,0,0.028533504261582916
28940,test,0,0,0.015547386086901685
28944,test,0,0,0.029563953769771507
28946,test,0,0,0.011999090120066464
28954,test,0,0,0.07283732550796276
28955,test,0,0,0.04753494624577215
28976,test,0,0,0.020683925997983126
28977,test,0,0,0.01074170514266413
28989,test,0,0,0.03955510728084669
28991,test,0,0,0.08637192308760748
28992,test,0,0,0.009688829609607522
28995,test,0,0,0.028538972723633475
28997,test,0,0,0.021965801933058127
29004,test,0,0,0.015007039898877488
29016,test,0,0,0.32688178629091547
29017,test,0,0,0.01064713924335745
29020,test,0,0,0.011141700307669757
29022,test,0,0,0.11602163683912377
29024,test,0,0,0.011383951247556149
29026,test,0,0,0.007358744868968465
29050,test,0,0,0.007606169405790216
29051,test,0,0,0.013633672522480513
29054,test,0,0,0.012683185154160004
29056,test,0,0,0.043227587082727705
29074,test,0,0,0.020367047457204333
29098,test,0,0,0.05012361612768044
29100,test,0,0,0.02654908640151678
29102,test,0,0,0.031989399011706963
29106,test,0,0,0.027629531669393886
29110,test,0,0,0.013191857430004948
29114,test,0,0,0.008504554457735448
29118,test,0,0,0.08658401968070474
29125,test,0,0,0.05120547935064228
29145,test,0,0,0.13504852741062567
29153,test,0,0,0.004003150296720921
29155,test,0,0,0.011136061993293287
29156,test,0,0,0.008175590642987363
29161,test,0,0,0.029111779412874673
29165,test,0,0,0.030864108825701723
29174,test,0,0,0.0066532121796441124
29175,test,0,0,0.012713032337270995
29179,test,0,0,0.02819616145053787
29183,test,0,0,0.03493809815984389
29199,test,0,0,0.011555474515863542
29200,test,0,0,0.03158582887555999
29206,test,0,0,0.008381811154170717
29210,test,0,0,0.01113435686746669
29215,test,0,0,0.02595502992297219
29235,test,0,0,0.01255646055166937
29238,test,0,0,0.08236345674336502
29240,test,0,0,0.04587432014216164
29248,test,0,0,0.019516785297337996
29262,test,0,0,0.0072711340329708095
29285,test,0,0,0.026772113348497908
29287,test,0,0,0.0042553901551285415
29290,test,0,0,0.011771600018764936
29295,test,0,0,0.016085652722974554
29296,test,0,0,0.06553242083057245
29298,test,0,0,0.011965923765469257
29312,test,0,0,0.11682761624514794
29316,test,0,0,0.06341144600651413
29322,test,0,0,0.063269912627488
29326,test,0,0,0.009753446737850958
29331,test,0,0,0.027527308219400554
29332,test,0,0,0.04211552001004568
29334,test,0,0,0.07001341918440959
29350,test,0,0,0.02506158487499449
29355,test,0,0,0.009727770007680431
29377,test,0,0,0.029891139421686974
29379,test,0,0,0.07476568841497731
29383,test,0,0,0.17856331078758755
29388,test,0,0,0.02409505405394734
29390,test,0,0,0.02144262773613944
29399,test,0,0,0.013518159636031422
29400,test,0,0,0.0509933271885605
29405,test,0,0,0.012441892105922864
29409,test,0,0,0.0166193718325212
29412,test,0,0,0.02661989138270109
29415,test,0,0,0.0383088334073955
29425,test,0,0,0.06580835302915276
29430,test,0,0,0.02981075171732598
29431,test,0,0,0.02815335616304584
29450,test,0,0,0.008220445637710261
29453,test,0,0,0.08306560467650707
29464,test,0,0,0.19582253302191807
29476,test,0,0,0.13125669032590268
29482,test,0,0,0.02817320988391734
29500,test,0,0,0.01903743729484445
29501,test,0,0,0.12278238268397682
29504,test,0,0,0.07222125772346667
29506,test,0,0,0.005941630986023233
29507,test,0,0,0.010168579037126235
29536,test,0,0,0.010609020593027088
29541,test,0,0,0.06312871201691606
29548,test,0,0,0.0356731148769273
29550,test,0,0,0.04713214321662644
29552,test,0,0,0.06600472653750736
29570,test,0,0,0.014290034389130917
29573,test,0,0,0.06840871269894695
29576,test,0,0,0.012556018641469244
29591,test,0,0,0.009545620490964727
29593,test,0,0,0.12800642244219557
29605,test,0,0,0.06155130624324626
29606,test,0,0,0.05796346486842762
29610,test,0,0,0.01062680575023453
29611,test,0,0,0.014833819292702485
29616,test,0,0,0.03420842424052113
29622,test,0,0,0.026196331106281775
29629,test,0,0,0.014043561158235846
29634,test,0,0,0.03213765926646642
29636,test,0,0,0.008225753840717045
29639,test,0,0,0.011805525772881381
29641,test,0,0,0.017799138122767743
29643,test,0,0,0.010267166957525555
29644,test,0,0,0.008253108679705681
29646,test,0,0,0.040010218481339496
29658,test,0,0,0.010725092754067498
29660,test,0,0,0.011429367053991822
29662,test,0,0,0.03760109040772962
29667,test,0,0,0.04250952879269239
29669,test,0,0,0.02672275964925199
29680,test,0,0,0.04697412429873994
29693,test,0,0,0.015582487270934546
29695,test,0,0,0.007346139221168011
29697,test,0,0,0.14729154266641473
29698,test,0,0,0.00878739185462694
29710,test,0,0,0.03738953828110008
29715,test,0,0,0.018600329846982438
29719,test,0,0,0.006732644604702429
29721,test,0,0,0.013952877184456711
29726,test,0,0,0.019665588150814414
29736,test,0,0,0.06417488968480352
29750,test,0,0,0.05761148465925292
29759,test,0,0,0.05450769414439794
29767,test,0,0,0.019396518758528162
29773,test,0,0,0.11855221416213273
29777,test,0,0,0.06017637337634782
29784,test,0,0,0.024939688434215776
29789,test,0,0,0.028985110594807618
29790,test,0,0,0.02846730121840367
29791,test,0,0,0.01063213862970827
29797,test,0,0,0.039868044392753446
29798,test,0,0,0.3331742782144271
29799,test,0,0,0.14204562420967104
29803,test,0,0,0.02326222060986803
29806,test,0,0,0.01694484125433244
29816,test,0,0,0.029688713170691182
29834,test,0,0,0.00828701901485633
29844,test,0,0,0.11311652396517764
29855,test,0,0,0.012863654070800873
29872,test,0,0,0.03264656582609273
29874,test,0,1,0.8435979223311159
29876,test,0,0,0.1296913547781032
29879,test,0,0,0.013874155604110785
29909,test,0,0,0.020674993616637428
29910,test,0,0,0.03828043026412575
29913,test,0,0,0.0517978068416376
29925,test,0,0,0.014153732357395966
29927,test,0,0,0.036889379687043054
29929,test,0,0,0.0017445597601725732
29934,test,0,0,0.00993699777079272
29946,test,0,0,0.0483616719254164
29958,test,0,0,0.054596881604980114
29961,test,0,0,0.11073704884877512
29965,test,0,0,0.058403408012467004
29994,test,0,0,0.06821862683108913
30037,test,0,0,0.023896256021517393
30043,test,0,0,0.06578085686293722
30049,test,0,0,0.011118822471244492
30053,test,0,0,0.08149177799915516
30056,test,0,0,0.02539363219740043
30061,test,0,0,0.13300444068108774
30066,test,0,0,0.04575828381732793
30068,test,0,0,0.02348223276724351
30072,test,0,0,0.10624581172735183
30101,test,0,0,0.42454374600450456
30102,test,0,0,0.02765316635614867
30108,test,0,0,0.027196512474240396
30112,test,0,0,0.007953039268084917
30113,test,0,0,0.02963565061115661
30127,test,0,0,0.2083667224605036
30137,test,0,0,0.011293965408232676
30138,test,0,0,0.07299668686382306
30146,test,0,0,0.006725303481803149
30147,test,0,0,0.037140787892515265
30149,test,0,0,0.007296132699493649
30154,test,0,0,0.00968485933948477
30174,test,0,0,0.13470528361396641
30179,test,0,0,0.011212172443593123
30183,test,0,0,0.009673112957216692
30189,test,0,0,0.013646900242747735
30193,test,0,0,0.03613720222200615
30198,test,0,0,0.07173062940021832
30204,test,0,0,0.009125529196168622
30218,test,0,0,0.008932447261810559
30224,test,0,0,0.009626365734016352
30226,test,0,0,0.05358564910916663
30232,test,0,0,0.00905998151133765
30233,test,0,0,0.09862782757845784
30236,test,0,0,0.012493015834070578
30251,test,0,0,0.023405446196159384
30264,test,0,0,0.06770802557426286
30269,test,0,0,0.026667623322696603
30280,test,0,0,0.03152164408787089
30281,test,0,0,0.023555243431248988
30296,test,0,0,0.1560331888497227
30318,test,0,0,0.010383484419305722
30327,test,0,0,0.019422230692616074
30330,test,0,0,0.02581797258930763
30332,test,0,0,0.045808415093317005
30335,test,0,0,0.018225230892069358
30336,test,0,0,0.04094669732376657
30341,test,0,0,0.011558764171902816
30350,test,0,0,0.013191222444628961
30352,test,0,0,0.23177575856891194
30371,test,0,0,0.01186940079523237
30374,test,0,0,0.019482181683560123
30385,test,0,0,0.02126830362879159
30396,test,0,0,0.07009535066246365
30402,test,0,0,0.031004151846961887
30407,test,0,0,0.12040034048833705
30412,test,0,0,0.015780989783996936
30427,test,0,0,0.014999546105548446
30433,test,0,0,0.02103703877236903
30436,test,0,0,0.05431102307675809
30438,test,0,0,0.10149597145573876
30443,test,0,0,0.05548539365672339
30445,test,0,0,0.03262437195166813
30448,test,0,0,0.02750312265244375
30451,test,0,0,0.007595194275226349
30452,test,0,0,0.01520292114609335
30458,test,0,0,0.01862888425126696
30460,test,0,0,0.007163022397624754
30474,test,0,0,0.019609764025200822
30486,test,0,0,0.014109937003586438
30492,test,0,0,0.006593167152965748
30507,test,0,0,0.016845732795639595
30512,test,0,0,0.10378005219025006
30518,test,0,0,0.02874963820253832
30528,test,0,0,0.006281025436535673
30531,test,0,0,0.025646466687802523
30535,test,0,0,0.0879408231277536
30537,test,0,0,0.05776797044393195
30542,test,0,0,0.037353924906088326
30548,test,0,0,0.021595368048257114
30570,test,0,0,0.04682585847270528
30577,test,0,0,0.06781599400536993
30582,test,0,0,0.003974718813883402
30586,test,0,0,0.05684040383317742
30588,test,0,0,0.04733651323833533
30601,test,0,0,0.05529654812626633
30607,test,0,0,0.03795871751743147
30610,test,0,0,0.0218332278547016
30629,test,0,0,0.0457646818876469
30632,test,0,0,0.251481716375323
30639,test,0,0,0.0500740129138199
30644,test,0,0,0.011730831085895656
30645,test,0,0,0.01840512987499056
30653,test,0,0,0.055444061731569
30661,test,0,0,0.045066561112085304
30677,test,0,0,0.03031699808200814
30682,test,0,0,0.14573479584932458
30685,test,0,0,0.05915172751224341
30687,test,0,0,0.009018832325555967
30691,test,0,0,0.017405918362241476
30695,test,0,0,0.00870223834359996
30700,test,0,0,0.019666485521999462
30706,test,0,0,0.03181874051995027
30719,test,0,0,0.027672491986162673
30722,test,0,1,0.5246457891191847
30730,test,0,0,0.0847710415162579
30740,test,0,0,0.019097335397063042
30742,test,0,0,0.02531698552645716
30744,test,0,0,0.008655284833388822
30745,test,0,0,0.03703735060534361
30757,test,0,0,0.013850548751850838
30780,test,0,0,0.06748901926628777
30784,test,0,0,0.30074589355041065
30785,test,0,0,0.024197379467702947
30792,test,0,0,0.018197647409607987
30794,test,0,0,0.023070134154072733
30802,test,0,0,0.011546774050803649
30811,test,0,0,0.018053543929434125
30825,test,0,0,0.02417012636854726
30829,test,0,0,0.05056445690776117
30841,test,0,0,0.02411569883019877
30847,test,0,0,0.03600971605773771
30853,test,0,0,0.059814441773324796
30856,test,0,0,0.010736962079739983
30860,test,0,0,0.11662233188256116
30864,test,0,0,0.0856312699904686
30868,test,0,0,0.05889119631873535
30870,test,0,0,0.024583501921112746
30872,test,0,0,0.03195684757540484
30878,test,0,0,0.01976329614179411
30889,test,0,0,0.02777870616240143
30890,test,0,0,0.00996635537733268
30907,test,0,0,0.027545221290247224
30917,test,0,0,0.04101047306756386
30928,test,0,0,0.05132338724419061
30933,test,0,0,0.027781884964401767
30940,test,0,0,0.04237578238286795
30942,test,0,0,0.00894191688374157
30950,test,0,0,0.013982986674885714
30951,test,0,0,0.059961860415948184
30954,test,0,0,0.010725440386273212
30961,test,0,0,0.0808571852128174
30964,test,0,0,0.010402006499541675
30968,test,0,0,0.007894648403800485
30979,test,0,0,0.050554371837910915
30982,test,0,0,0.023487057381515207
30988,test,0,0,0.03849995634264309
30998,test,0,0,0.020019978091000982
31006,test,0,0,0.034153803249539275
31008,test,0,0,0.47098747204156644
31011,test,0,0,0.2377594495807326
31025,test,0,0,0.006139893432336254
31026,test,0,0,0.09130237634371252
31029,test,0,0,0.0062711509761439
31036,test,0,0,0.0404589681548064
31045,test,0,0,0.10387438541517777
31059,test,0,0,0.05249307202052192
31066,test,0,0,0.01800201713471673
31073,test,0,0,0.06195553907004944
31076,test,0,0,0.010705607507002543
31082,test,0,0,0.04340903315462899
31084,test,0,0,0.010526490165500235
31090,test,0,0,0.009879269357111867
31096,test,0,0,0.01044472582230047
31106,test,0,0,0.01590907521168662
31115,test,0,0,0.02097151052634722
31120,test,0,0,0.019375322366084354
31130,test,0,0,0.04026043866074931
31134,test,0,0,0.0059932749551352095
31136,test,0,0,0.037252911366591354
31147,test,0,0,0.0046273992356812435
31164,test,0,0,0.014698638363985429
31172,test,0,0,0.1258124462762045
31177,test,0,0,0.03944123369376858
31179,test,0,0,0.017979772035373244
31198,test,0,0,0.22057653246640424
31207,test,0,0,0.01456630662512099
31210,test,0,0,0.012899395024832457
31213,test,0,0,0.033556106386250305
31221,test,0,0,0.031059557328375356
31233,test,0,0,0.02248209908232396
31234,test,0,0,0.014141439012183203
31235,test,0,0,0.04841391033331906
31239,test,0,0,0.03156706640948226
31251,test,0,0,0.03233630518834812
31264,test,0,0,0.022186088912501407
31268,test,0,0,0.04769990466697529
31269,test,0,0,0.008301939508406821
31289,test,0,0,0.01617958124382099
31293,test,0,0,0.004957956255823872
31304,test,0,0,0.0061800947364290485
31310,test,0,0,0.0457163817102345
31312,test,0,0,0.012768715159095098
31320,test,0,0,0.019603009195527467
31321,test,0,0,0.07255553664743153
31326,test,0,0,0.02012748414252073
31338,test,0,0,0.04414630626306366
31352,test,0,0,0.09034851053236959
31354,test,0,0,0.011284299310635888
31371,test,0,0,0.038131679281318366
31374,test,0,0,0.009965097840312884
31378,test,0,0,0.0043529496546999644
31379,test,0,0,0.11142062924652675
31380,test,0,0,0.019108153329535818
31384,test,0,0,0.010914446745504363
31391,test,0,0,0.00808268283308869
31392,test,0,0,0.011804864123351794
31398,test,0,0,0.19514580964958764
31405,test,0,0,0.046906403956186324
31407,test,0,0,0.04632712077222395
31408,test,0,0,0.027993104846310003
31410,test,0,0,0.04172676070429069
31425,test,0,0,0.019699653017283637
31426,test,0,0,0.048723755849785506
31430,test,0,0,0.03186965242805535
31431,test,0,0,0.06269495928741622
31436,test,0,0,0.0742697407713222
31447,test,0,0,0.03711793888735652
31453,test,0,0,0.011573440405259285
31455,test,0,0,0.026338219580304353
31458,test,0,0,0.09200190226234506
31459,test,0,0,0.06798275513679208
31486,test,0,0,0.02970211502080187
31488,test,0,0,0.04224269451190184
31497,test,0,0,0.0632502341840451
31500,test,0,0,0.030418454264381355
31503,test,0,0,0.01736562630586824
31504,test,0,0,0.004798959712559518
31512,test,0,0,0.020898556866971226
31513,test,0,0,0.040751051439121055
31517,test,0,0,0.009439221337303124
31521,test,0,0,0.018161683762235297
31530,test,0,0,0.0068576567832793
31533,test,0,0,0.02507237552999472
31536,test,0,0,0.11008668875507939
31543,test,0,0,0.02530823173863643
31544,test,0,0,0.017802049772559267
31548,test,0,0,0.0707810754798741
31550,test,0,0,0.009578983273593663
31559,test,0,0,0.02710964596604915
31570,test,0,0,0.015844361565332733
31574,test,0,0,0.01795015808237373
31575,test,0,0,0.034490767894892096
31585,test,0,0,0.023400257726000216
31596,test,0,0,0.030418063217177476
31599,test,0,0,0.03172378561304954
31600,test,0,0,0.005072175586739395
31601,test,0,0,0.03278786013343954
31614,test,0,0,0.007308116944935228
31633,test,0,0,0.035422586279951256
31639,test,0,0,0.02734153138229191
31652,test,0,0,0.04303731465263975
31660,test,0,0,0.008403699504491055
31664,test,0,0,0.05168258864035105
31668,test,0,0,0.0074082481095553215
31671,test,0,0,0.01472317086852099
31676,test,0,0,0.009297009542443412
31687,test,0,0,0.025906146007169006
31692,test,0,0,0.06288032772140467
31704,test,0,0,0.08416658816857775
31718,test,0,0,0.0036325346566155113
31723,test,0,0,0.005465000734621751
31730,test,0,0,0.027252564396791835
31738,test,0,0,0.013325937571080474
31747,test,0,0,0.2797998787059192
31748,test,0,0,0.025428004905962885
31749,test,0,0,0.021942058112699118
31750,test,0,0,0.06507267798851524
31752,test,0,0,0.13452069202677017
31756,test,0,0,0.04739013050974515
31757,test,0,0,0.03027027278796578
31769,test,0,0,0.010572067043816608
31770,test,0,0,0.0778054432279965
31786,test,0,0,0.0154714296542064
31818,test,0,0,0.02246695776825991
31830,test,0,0,0.023022153193346717
31834,test,0,0,0.050839079953058815
31837,test,0,0,0.06230326543881247
31843,test,0,0,0.05546433326759767
31849,test,0,0,0.01278090979624089
31858,test,0,0,0.004402296494560837
31875,test,0,0,0.004587751680474915
31883,test,0,0,0.027423709661096966
31884,test,0,0,0.01036617927675984
31885,test,0,0,0.20108898280617418
31891,test,0,0,0.07546886147866269
31895,test,0,0,0.005931303807339166
31898,test,0,0,0.03105799289828135
31912,test,0,0,0.03427648864941763
31933,test,0,0,0.017342451287598783
31934,test,0,0,0.02368500165806072
31939,test,0,0,0.19677454371073308
31943,test,0,0,0.01014784731705609
31945,test,0,0,0.019144986098672448
31947,test,0,0,0.013675577269908198
31950,test,0,0,0.02158580098130388
31963,test,0,0,0.022925035976446795
31973,test,0,0,0.011054474229302442
31988,test,0,0,0.03332254299070848
31992,test,0,0,0.018017646208185762
31997,test,0,0,0.021005699240894772
31998,test,0,0,0.0567952260803409
32002,test,0,0,0.04899598848027316
32012,test,0,0,0.01934588481502191
32013,test,0,0,0.03161239004899594
32016,test,0,0,0.032681401355764784
32020,test,0,0,0.03169700528486563
32022,test,0,0,0.10168146894522027
32023,test,0,0,0.06602243439185339
32026,test,0,0,0.015131509741489609
32027,test,0,0,0.007889921403706741
32028,test,0,0,0.02960279550106742
32032,test,0,0,0.03147551518609675
32050,test,0,0,0.043000140677407206
32055,test,0,0,0.015383250103231053
32057,test,0,0,0.2017132796024153
32060,test,0,0,0.006202963034251406
32070,test,0,0,0.4024493991112891
32107,test,0,0,0.014333490719689935
32124,test,0,0,0.016692338189665146
32144,test,0,0,0.025608706034851995
32147,test,0,0,0.04154088609626643
32149,test,0,0,0.010337758183267706
32177,test,0,0,0.029657134012051275
32182,test,0,0,0.02290931953768858
32191,test,0,0,0.020854890351416234
32204,test,0,0,0.008833030748073956
32210,test,0,0,0.016813227961551002
32216,test,0,0,0.05271886807277469
32249,test,0,0,0.05142444697548025
32279,test,0,0,0.014036253378728476
32281,test,0,0,0.012510076611216416
32284,test,0,0,0.068514303252498
32289,test,0,0,0.017932728181309383
32298,test,0,0,0.03148436045065149
32307,test,0,0,0.012103781507147575
32310,test,0,0,0.03202919145974384
32313,test,0,0,0.04047069183361298
32320,test,0,0,0.02225889107937469
32329,test,0,0,0.1273902858089406
32331,test,0,0,0.04354414806202193
32332,test,0,0,0.04308240579840719
32350,test,0,0,0.025726890646567975
32360,test,0,0,0.018946244712984478
32377,test,0,0,0.028697438739867135
32394,test,0,0,0.004396007111601642
32400,test,0,0,0.08442413575812238
32409,test,0,0,0.010691224026993172
32410,test,0,0,0.20605420389273452
32434,test,0,0,0.011627943819916095
32457,test,0,0,0.074293016660959
32468,test,0,0,0.03589234773273837
32484,test,0,0,0.005956897825172253
32495,test,0,0,0.05672796276756911
32497,test,0,0,0.012078073114047879
32498,test,0,0,0.026251763426522023
32499,test,0,0,0.029039863594682684
32509,test,0,0,0.013406391272047017
32522,test,0,0,0.03626395566793085
32530,test,0,0,0.02948035203732381
32531,test,0,0,0.013589971652246197
32533,test,0,0,0.06627020459540836
32539,test,0,0,0.2299714869300593
32544,test,0,0,0.06640718873090194
32548,test,0,0,0.040510999924468064
32557,test,0,0,0.08121056083465272
32567,test,0,0,0.049449367302087543
32575,test,0,0,0.036187173054647324
32586,test,0,0,0.022451198500414174
32601,test,0,0,0.028378908763501454
32608,test,0,0,0.05568353858536038
32610,test,0,0,0.06327406582072846
32612,test,0,0,0.02343184130309332
32613,test,0,0,0.0300833605445968
32617,test,0,0,0.020868541275085115
32619,test,0,0,0.06310993296147537
32638,test,0,0,0.005798757086058255
32644,test,0,0,0.04969921213330126
32661,test,0,0,0.03838713571931807
32663,test,0,0,0.4698793045567372
32667,test,0,0,0.13426077931897656
32683,test,0,0,0.007995454838471378
32684,test,0,0,0.0621119311115709
32690,test,0,0,0.03395278745243865
32694,test,0,0,0.13134966828135078
32707,test,0,0,0.008474936245047544
32712,test,0,0,0.13188773664322334
32715,test,0,0,0.022320253483451066
32722,test,0,0,0.16045457465996654
32726,test,0,0,0.00972053370553252
32732,test,0,0,0.08259214462124187
32736,test,0,0,0.044959158342638354
32743,test,0,0,0.03915736373710658
32766,test,0,0,0.2674553951394774
32770,test,0,0,0.007737759949253636
32774,test,0,0,0.012274452059982408
32778,test,0,0,0.012604031281841333
32789,test,0,0,0.02461064720021767
32799,test,0,0,0.03216532349120958
32804,test,0,0,0.02252405088159297
32810,test,0,0,0.08610667321734773
32813,test,0,0,0.04425023680164781
32819,test,0,0,0.013408804884551625
32821,test,0,0,0.02068965210974697
32829,test,0,0,0.08201627695367515
32830,test,0,0,0.029772087855677764
32833,test,0,0,0.029979303243071926
32834,test,0,0,0.003690272000353427
32835,test,0,0,0.009374457985181063
32840,test,0,0,0.19664142984846825
32846,test,0,0,0.02008503432209681
32859,test,0,0,0.030617055113595547
32883,test,0,0,0.025179057921246285
32893,test,0,0,0.022718175236322424
32894,test,0,0,0.010495146718237593
32895,test,0,0,0.023243952478291075
32905,test,0,0,0.008160408088145294
32924,test,0,0,0.05601379856423011
32937,test,0,0,0.021890527014152568
32946,test,0,0,0.01687642753958028
32965,test,0,0,0.06458658413150963
32968,test,0,0,0.018938984472667376
32973,test,0,0,0.012579476163346853
32978,test,0,0,0.040950040943658936
32981,test,0,0,0.03962159502359267
32983,test,0,0,0.020217398139088637
32985,test,0,0,0.004421880153329181
32986,test,0,0,0.06282423357800852
32995,test,0,0,0.04470210322185333
33013,test,0,0,0.05064165620439093
33023,test,0,0,0.025740689866542512
33024,test,0,0,0.040133557060360654
33038,test,0,0,0.00800457696059316
33046,test,0,0,0.050323800679956524
33047,test,0,0,0.0206302130986227
33048,test,0,0,0.05724963933068716
33053,test,0,0,0.058155653560653185
33057,test,0,0,0.017286023082460737
33061,test,0,0,0.004946303367554244
33096,test,0,0,0.004011006729739362
33097,test,0,0,0.018352580862387148
33099,test,0,0,0.04133351929129855
33107,test,0,0,0.005865430217132293
33110,test,0,0,0.03449267369320994
33131,test,0,0,0.021513459180757442
33140,test,0,0,0.01799713481464516
33147,test,0,0,0.0214060004724864
33149,test,0,0,0.09200876516964748
33168,test,0,0,0.02042594541455605
33169,test,0,0,0.025837273475216818
33171,test,0,0,0.04299824065368523
33172,test,0,0,0.01684544305103487
33178,test,0,0,0.03346159873167016
33189,test,0,0,0.023036032693941826
33201,test,0,0,0.13553220620260173
33204,test,0,0,0.014417453425859043
33206,test,0,0,0.04170441668098021
33208,test,0,0,0.026033351291743213
33212,test,0,0,0.040074098916397835
33222,test,0,0,0.01618265100484522
33231,test,0,0,0.16392661140763906
33236,test,0,0,0.0058717073597207
33242,test,0,0,0.23425939917376676
33248,test,0,0,0.006865546425014861
33256,test,0,0,0.04757395467501304
33273,test,0,0,0.0028290025722140307
33283,test,0,0,0.006330279193424107
33287,test,0,0,0.023649673563975324
33297,test,0,0,0.00682651689561801
33306,test,0,0,0.07752489529905832
33309,test,0,0,0.012110692749461836
33311,test,0,0,0.02809351687246383
33337,test,0,0,0.0463758675673529
33344,test,0,0,0.006351695921207376
33348,test,0,0,0.13162763227182445
33353,test,0,0,0.0032224295280631273
33357,test,0,0,0.01949326060063141
33362,test,0,0,0.029138628595348565
33367,test,0,0,0.033015337618324966
33374,test,0,0,0.07594734566794646
33381,test,0,0,0.05390045126876993
33382,test,0,0,0.01861430345974984
33388,test,0,0,0.19142500371052437
33395,test,0,0,0.044217290486147094
33402,test,0,0,0.13924667958410913
33406,test,0,0,0.05127857501792433
33440,test,0,0,0.0732127007145905
33449,test,0,0,0.312417107937148
33451,test,0,0,0.019021508128344043
33457,test,0,0,0.04953625292028239
33458,test,0,0,0.022078834412227452
33459,test,0,0,0.14655052425832485
33462,test,0,0,0.02147147105804639
33463,test,0,0,0.019077107225728192
33470,test,0,0,0.0548353545892484
33474,test,0,0,0.09724153612906913
33475,test,0,0,0.02051532122163831
33479,test,0,0,0.017589299346312197
33480,test,0,0,0.012630775593913596
33482,test,0,0,0.007173153823599688
33484,test,0,0,0.004254054892333838
33489,test,0,0,0.006137709651269862
33490,test,0,0,0.00976702265826236
33493,test,0,0,0.057298228548894645
33496,test,0,0,0.08413869518003445
33505,test,0,0,0.01631009106029412
33509,test,0,0,0.013696107202902916
33513,test,0,0,0.007425867151455633
33524,test,0,0,0.09261317150599925
33538,test,0,0,0.10232685575070742
33543,test,0,0,0.007663366579755225
33547,test,0,0,0.011981123100302537
33548,test,0,0,0.07689927833279502
33561,test,0,0,0.07305370112920585
33567,test,0,0,0.04175085093254864
33588,test,0,0,0.023518088327552537
33594,test,0,0,0.021957903445188123
33601,test,0,0,0.012081497624869765
33615,test,0,0,0.022246450395787112
33618,test,0,0,0.09782148546759405
33624,test,0,0,0.3848911175441313
33626,test,0,0,0.03881738026366127
33631,test,0,0,0.037976356640000555
33634,test,0,0,0.02361481835891862
33645,test,0,1,0.550771007389037
33659,test,0,0,0.06871328206405533
33670,test,0,0,0.03549188560829288
33672,test,0,0,0.020678979691734035
33673,test,0,0,0.13072963890353073
33677,test,0,0,0.043116127187483026
33681,test,0,0,0.04476188488684067
33691,test,0,0,0.018582129746841817
33693,test,0,0,0.008022182010955397
33698,test,0,0,0.03825863410444976
33702,test,0,0,0.02142295643397301
33705,test,0,0,0.06616990331103646
33741,test,0,0,0.03525099457973949
33742,test,0,0,0.006459065020266645
33743,test,0,0,0.026510094216108348
33749,test,0,0,0.09471681388199994
33755,test,0,0,0.01901638335140985
33760,test,0,0,0.007003885290788141
33761,test,0,0,0.09385972822187003
33770,test,0,0,0.014488884951195205
33773,test,0,0,0.0028483752190776347
33775,test,0,0,0.018472005611104132
33796,test,0,0,0.024961363136046584
33797,test,0,0,0.11045187181414405
33807,test,0,0,0.03757167977683806
33808,test,0,0,0.1286991039363074
33814,test,0,0,0.05182465381148647
33824,test,0,0,0.03833654323280343
33825,test,0,0,0.09888319276774886
33830,test,0,0,0.022976236975186252
33831,test,0,0,0.013264519914661486
33832,test,0,0,0.04829279458997349
33837,test,0,0,0.0302886139208828
33838,test,0,0,0.02433991094226407
33839,test,0,0,0.05085361905733394
33841,test,0,0,0.0538358741848908
33846,test,0,0,0.022386291328358947
33849,test,0,0,0.06725049102619815
33850,test,0,0,0.014370935070503502
33851,test,0,0,0.0291934231053385
33852,test,0,0,0.031026224072550575
33854,test,0,0,0.0309451542776968
33866,test,0,0,0.017292368848320198
33867,test,0,0,0.02568672577454368
33883,test,0,0,0.013365680646920694
33899,test,0,0,0.05553830565396329
33909,test,0,0,0.014829471530435595
33917,test,0,0,0.018983995858424578
33919,test,0,0,0.04118717856331605
33923,test,0,0,0.01667552436020552
33939,test,0,0,0.06593312762622323
33943,test,0,0,0.0020815555838383146
33950,test,0,0,0.048625131805464974
33960,test,0,0,0.04446650614988668
33961,test,0,0,0.04085063626309552
33970,test,0,0,0.02543245488181503
33975,test,0,0,0.013625900730425113
33978,test,0,0,0.12208347590650828
33982,test,0,0,0.05540493119456574
33985,test,0,0,0.08302936244857548
33992,test,0,0,0.032155382936673124
33999,test,0,0,0.05210781265811404
34003,test,0,0,0.018606037099123566
34027,test,0,0,0.32048519448483864
34046,test,0,0,0.034618689955594695
34069,test,0,0,0.030319905260870514
34070,test,0,0,0.019568205210254045
34071,test,0,0,0.026891178753871172
34077,test,0,0,0.06444971227969604
34094,test,0,0,0.055107915549485964
34100,test,0,0,0.013958947493997774
34105,test,0,0,0.02346792355396275
34107,test,0,0,0.01234638988183377
34109,test,0,0,0.014315606131516126
34114,test,0,0,0.03210660607035705
34122,test,0,0,0.12126201184585952
34130,test,0,0,0.014905573672914462
34151,test,0,0,0.022695626180273678
34162,test,0,0,0.07820914540835032
34174,test,0,0,0.025726061042012187
34176,test,0,0,0.0402786326327638
34185,test,0,0,0.017411909597746147
34186,test,0,0,0.05787690727508569
34190,test,0,0,0.015207425412124647
34204,test,0,0,0.027557068411308887
34209,test,0,0,0.03151252078597015
34210,test,0,0,0.0336971246117466
34227,test,0,0,0.012256580285935912
34235,test,0,0,0.010212217899943943
34240,test,0,0,0.1120218408474554
34250,test,0,0,0.03279644596277521
34268,test,0,0,0.03374668514591073
34293,test,0,0,0.014720502310078333
34299,test,0,0,0.01853086893856858
34304,test,0,0,0.1556295293568207
34311,test,0,0,0.01913544528952418
34320,test,0,0,0.008132855403705288
34327,test,0,0,0.017346941751026808
34357,test,0,0,0.015164632737366346
34359,test,0,0,0.02965794314955487
34366,test,0,0,0.029638264323350615
34368,test,0,0,0.02250164011731513
34371,test,0,0,0.01726701817482594
34381,test,0,0,0.01504435855604027
34382,test,0,0,0.13286475302084688
34384,test,0,0,0.003157924649293349
34401,test,0,0,0.02371459484944291
34404,test,0,0,0.003726079799642607
34416,test,0,0,0.18278857251443403
34419,test,0,0,0.011513848285235984
34420,test,0,0,0.03897077548584753
34425,test,0,0,0.007227818825301696
34426,test,0,0,0.01748940792122814
34428,test,0,0,0.015623091287558193
34438,test,0,0,0.023348060092498422
34445,test,0,0,0.01554402446401631
34451,test,0,0,0.014883737760093612
34455,test,0,0,0.02931099121011042
34475,test,0,0,0.008123384092236945
34476,test,0,0,0.027249815690987784
34479,test,0,0,0.03618418496730494
34480,test,0,0,0.04698844796848232
34483,test,0,0,0.031359428523483834
34490,test,0,0,0.03383064965710431
34491,test,0,0,0.10713992716962062
34504,test,0,1,0.6863898032967957
34505,test,0,0,0.022297704050377412
34508,test,0,1,0.5030370796844905
34514,test,0,0,0.21208634775909546
34516,test,0,0,0.10361211547054473
34530,test,0,0,0.015146312301287495
34531,test,0,0,0.010431677039120629
34532,test,0,0,0.012252799009249901
34533,test,0,0,0.0647101447992646
34534,test,0,0,0.052736823483427946
34540,test,0,0,0.06771948533056957
34542,test,0,0,0.04438265520618663
34543,test,0,0,0.14322850633259857
34548,test,0,0,0.029572667175644808
34552,test,0,0,0.024275215776271376
34561,test,0,0,0.10729830774244466
34562,test,0,0,0.044816139397159276
34572,test,0,0,0.06814901189457503
34605,test,0,0,0.03793965417106158
34614,test,0,0,0.0292298770412155
34615,test,0,0,0.03242438444836586
34620,test,0,0,0.033623107339707685
34623,test,0,0,0.025033485563278623
34636,test,0,0,0.0972227484710019
34669,test,0,0,0.0169173976625681
34670,test,0,0,0.011932878196380989
34675,test,0,0,0.029157100710012235
34677,test,0,0,0.08332643110062053
34708,test,0,0,0.01160211759951526
34712,test,0,0,0.03890362828514498
34719,test,0,0,0.03813550382974025
34721,test,0,0,0.009216261889473928
34723,test,0,0,0.019604455170564857
34736,test,0,0,0.07339579764191026
34750,test,0,0,0.06921071376566673
34755,test,0,0,0.03564145758451979
34758,test,0,0,0.024060248202613353
34762,test,0,0,0.10503187676663296
34763,test,0,0,0.018288350545900563
34765,test,0,0,0.003330707085034647
34769,test,0,0,0.09822133252987386
34773,test,0,0,0.0029462603626352725
34778,test,0,0,0.0856795080980743
34781,test,0,0,0.09260181980634065
34788,test,0,0,0.08563506309093423
34791,test,0,0,0.14817666928710727
34793,test,0,0,0.02281053464068731
34795,test,0,0,0.08354606383804596
34798,test,0,0,0.06892060266276456
34799,test,0,0,0.010634285664205798
34801,test,0,0,0.012221504537292151
34804,test,0,0,0.028701497130934367
34808,test,0,0,0.033076331123243416
34811,test,0,0,0.025657183779203126
34825,test,0,0,0.07670142600522986
34829,test,0,0,0.14356176727492706
34831,test,0,0,0.02481018297642779
34832,test,0,0,0.12589417864949595
34834,test,0,0,0.01130252718416816
34857,test,0,0,0.021148792031069452
34873,test,0,0,0.0029346820343083674
34882,test,0,0,0.0698520816446787
34885,test,0,0,0.0185595404723967
34890,test,0,0,0.011798546624257082
34893,test,0,0,0.02297949956332124
34895,test,0,0,0.009329271427647485
34899,test,0,0,0.02207826410703801
34908,test,0,0,0.007058883932898162
34910,test,0,0,0.0065640742948192615
34911,test,0,0,0.016990139809816493
34914,test,0,0,0.00776654970502189
34917,test,0,0,0.0338868198540203
34922,test,0,0,0.025661644970927735
34943,test,0,0,0.01332821787629302
34945,test,0,0,0.07170937451266234
34967,test,0,0,0.02183722098794657
34969,test,0,0,0.033618391794396116
34975,test,0,0,0.03332069600839431
34981,test,0,0,0.06003996267029602
34983,test,0,0,0.027392377161942247
34993,test,0,0,0.047442510474296526
35004,test,0,0,0.0209996460244848
35024,test,0,0,0.01307963387289179
35029,test,0,0,0.05724990903609775
35030,test,0,0,0.02846760013413119
35036,test,0,0,0.03084767744711837
35043,test,0,0,0.011015580345496332
35047,test,0,0,0.05446240569954545
35050,test,0,0,0.006915862713770481
35063,test,0,0,0.05219616378315081
35072,test,0,0,0.009045795478503335
35083,test,0,0,0.012788020464489399
35086,test,0,0,0.00722377957356653
35091,test,0,0,0.016066378979825855
35094,test,0,0,0.03308159136679253
35101,test,0,0,0.015156673255399968
35110,test,0,0,0.05580726628341249
35111,test,0,0,0.03207711450772221
35119,test,0,0,0.061556313843176946
35121,test,0,0,0.038675843125270254
35135,test,0,0,0.0149089107774631
35136,test,0,0,0.012781608512444864
35141,test,0,0,0.18523150671464664
35146,test,0,0,0.02301757034949063
35153,test,0,0,0.057273060497537755
35170,test,0,0,0.2108734087057354
35176,test,0,0,0.061028539575249556
35178,test,0,0,0.03042865659711274
35188,test,0,0,0.01335680444620405
35193,test,0,0,0.05370309378460142
35201,test,0,0,0.02237927366958257
35210,test,0,0,0.03388270945378965
35222,test,0,0,0.11393403292724111
35225,test,0,0,0.057078311067140085
35231,test,0,0,0.021046308896581396
35232,test,0,0,0.0775274940156023
35233,test,0,0,0.026449469081722406
35234,test,0,0,0.008173438043769724
35235,test,0,0,0.031073960613024715
35239,test,0,0,0.024930161079072213
35276,test,0,0,0.01319410486020941
35284,test,0,0,0.08850314681410125
35285,test,0,0,0.004279780463734786
35287,test,0,0,0.04311147896203607
35294,test,0,0,0.10248808007405984
35300,test,0,0,0.026764580141252874
35305,test,0,0,0.05969946596049516
35306,test,0,0,0.019079974045080696
35311,test,0,0,0.0197084036700028
35319,test,0,0,0.025720250268806373
35323,test,0,0,0.04286122770004528
35329,test,0,0,0.06736598606569152
35340,test,0,0,0.02840811338292729
35342,test,0,0,0.004742636215568005
35362,test,0,0,0.10290521837045714
35366,test,0,0,0.0498725067602541
35370,test,0,0,0.041317603725740226
35373,test,0,0,0.04484316684823929
35376,test,0,0,0.008735754938625781
35382,test,0,0,0.009373296086902301
35385,test,0,0,0.14674597682590262
35393,test,0,0,0.04328947105759784
35400,test,0,0,0.0783725376389329
35416,test,0,0,0.04435812367684657
35422,test,0,0,0.20271026360515573
35433,test,0,0,0.005214594532696656
35449,test,0,0,0.022542614013839946
35478,test,0,0,0.09137911902320808
35480,test,0,0,0.0026469342500798775
35484,test,0,0,0.02966413927547092
35485,test,0,0,0.0067500763798031245
35491,test,0,0,0.01949436585272927
35493,test,0,0,0.007711743750565829
35498,test,0,0,0.06302731216997466
35508,test,0,0,0.003994237615331921
35509,test,0,0,0.009353074398160133
35513,test,0,0,0.07194305013935538
35519,test,0,0,0.02344604644940201
35531,test,0,0,0.0622528044061477
35532,test,0,0,0.050383604103727365
35534,test,0,0,0.024569446638189132
35538,test,0,0,0.02935281771515489
35549,test,0,0,0.005330391455084983
35552,test,0,0,0.05725461819276218
35554,test,0,0,0.01029134823272992
35557,test,0,0,0.008243323085087618
35560,test,0,0,0.006580862837916907
35569,test,0,0,0.04120682393468243
35578,test,0,0,0.021702084984888948
35594,test,0,0,0.028303910845435192
35596,test,0,0,0.0715358409722062
35602,test,0,0,0.02852636773874591
35607,test,0,0,0.013962156298205361
35616,test,0,0,0.08471762747560035
35632,test,0,0,0.030740560841362806
35641,test,0,0,0.024091135032727175
35645,test,0,0,0.010762569696254951
35649,test,0,0,0.062264425422437486
35651,test,0,0,0.007450989281269418
35668,test,0,0,0.3403047303040558
35672,test,0,0,0.038705533136054966
35674,test,0,0,0.01952439088124154
35683,test,0,0,0.003740014799017868
35686,test,0,0,0.023820551631150478
35688,test,0,0,0.047482679385183614
35691,test,0,0,0.007662112500436334
35698,test,0,0,0.028203857267919887
35710,test,0,1,0.6744515364061511
35720,test,0,0,0.03475687283598392
35729,test,0,0,0.010716226702123818
35732,test,0,0,0.11671261823543627
35740,test,0,0,0.0966702931582086
35745,test,0,0,0.04270127952426374
35751,test,0,0,0.018870549891704374
35758,test,0,0,0.007640568375788754
35770,test,0,0,0.03360488115609416
35772,test,0,0,0.10584452513881881
35774,test,0,0,0.013155523772554394
35783,test,0,0,0.014899554504723005
35794,test,0,0,0.018100178413646705
35804,test,0,0,0.03217796495618595
35805,test,0,0,0.02238438269255683
35812,test,0,0,0.036549198251745275
35813,test,0,0,0.0613820901905255
35821,test,0,0,0.05555826924967192
35839,test,0,0,0.027624873811642973
35842,test,0,0,0.17846058357899394
35845,test,0,0,0.029612026107610483
35846,test,0,0,0.058259328562939
35855,test,0,0,0.015153896917254602
35871,test,0,0,0.07205171667207337
35877,test,0,0,0.036003109849374444
35888,test,0,0,0.12591102460875836
35889,test,0,0,0.022404926645876844
35892,test,0,0,0.10579303867693392
35893,test,0,0,0.02114809847056286
35896,test,0,0,0.028475864500945223
35901,test,0,0,0.011948625793196792
35905,test,0,0,0.13239310907633228
35907,test,0,0,0.06483602288084021
35910,test,0,0,0.019737442748467286
35911,test,0,0,0.08079148295310297
35919,test,0,0,0.029014705603238204
35935,test,0,0,0.02512924512004637
35950,test,0,0,0.014758476465305339
35970,test,0,0,0.012590201278805313
35981,test,0,0,0.031985885667141216
35986,test,0,0,0.02591265880310878
36001,test,0,0,0.07305274259225747
36005,test,0,0,0.0023501447890605597
36007,test,0,0,0.028136342616943356
36016,test,0,0,0.017364511811738814
36022,test,0,0,0.010428481123306691
36025,test,0,0,0.01700749938236315
36033,test,0,0,0.024464939735012264
36035,test,0,0,0.03703882176508689
36048,test,0,0,0.041767147632858895
36049,test,0,0,0.013869039690619102
36050,test,0,0,0.0072992145263141885
36054,test,0,0,0.06508010691753656
36066,test,0,0,0.08170778817371063
36067,test,0,0,0.12349256588591198
36073,test,0,0,0.14385641767040283
36092,test,0,0,0.007294674813042821
36095,test,0,0,0.01764430348305573
36100,test,0,0,0.019600813584122048
36110,test,0,0,0.02748930055856211
36115,test,0,0,0.01743094710803644
36119,test,0,0,0.0020140175271083057
36124,test,0,0,0.02717945115833914
36133,test,0,0,0.10695731377500821
36138,test,0,0,0.048578807630997804
36142,test,0,0,0.06917412268342756
36152,test,0,0,0.019510605779643184
36167,test,0,0,0.06642400362150679
36169,test,0,0,0.03305627976605344
36172,test,0,0,0.029956973935703124
36194,test,0,0,0.09401175039343086
36200,test,0,0,0.044644898234258476
36204,test,0,0,0.0052175198655864735
36206,test,0,0,0.026677724464905076
36211,test,0,0,0.006388315939916218
36213,test,0,0,0.037116292235702224
36216,test,0,0,0.05157344104714936
36228,test,0,0,0.07239669428164774
36237,test,0,0,0.049090817185540134
36238,test,0,0,0.027772016700463233
36240,test,0,0,0.03908481782172566
36246,test,0,0,0.07552295391842874
36248,test,0,0,0.07953843435034537
36253,test,0,0,0.038323646120550676
36264,test,0,0,0.035416567885674974
36283,test,0,0,0.01900280584553771
36284,test,0,0,0.017999722169755265
36302,test,0,0,0.019519201936709182
36303,test,0,0,0.0037666439447905696
36305,test,0,0,0.18423699701370155
36311,test,0,0,0.03706245463038325
36325,test,0,0,0.09406781347065331
36333,test,0,0,0.018696136256500767
36338,test,0,0,0.005716374719134787
36341,test,0,0,0.008141163416676384
36349,test,0,0,0.029968918891964347
36356,test,0,0,0.013622528315744536
36365,test,0,0,0.015713710560805713
36370,test,0,0,0.011263228953921853
36374,test,0,0,0.02568349014998958
36383,test,0,0,0.030882258452794156
36386,test,0,0,0.015144620649853028
36396,test,0,0,0.014539062723163578
36403,test,0,0,0.0366654453197668
36405,test,0,0,0.01129590162040239
36438,test,0,0,0.015246345809666204
36449,test,0,0,0.018205765255597018
36456,test,0,0,0.036701796802161096
36469,test,0,0,0.040491890482840756
36480,test,0,0,0.020445698749266595
36490,test,0,0,0.04005206887441151
36506,test,0,0,0.012093316123405418
36514,test,0,0,0.025535077884653586
36524,test,0,0,0.047581533487501694
36526,test,0,0,0.008862512534405871
36548,test,0,0,0.005143656220758726
36551,test,0,0,0.014992819809076472
36552,test,0,0,0.23996868024794463
36553,test,0,0,0.017786042023545563
36557,test,0,0,0.05316137438516678
36558,test,0,0,0.011264773762806596
36564,test,0,0,0.01693264543218886
36566,test,0,0,0.01244635875805157
36576,test,0,0,0.007907124771661004
36578,test,0,0,0.053557202796118905
36579,test,0,0,0.038301118238221014
36581,test,0,0,0.0074838077446966675
36584,test,0,0,0.07010617779328128
36585,test,0,0,0.03499129981099835
36589,test,0,0,0.02525734078024188
36590,test,0,0,0.03736510456606447
36597,test,0,0,0.03356085374715728
36600,test,0,0,0.009045972576465756
36613,test,0,0,0.022534195798994437
36617,test,0,0,0.02669041620534976
36627,test,0,0,0.04483922225762612
36629,test,0,0,0.13268904188517142
36630,test,0,0,0.009026550129932096
36631,test,0,0,0.041324297449624625
36633,test,0,0,0.03290272022047761
36635,test,0,0,0.04138350512553947
36636,test,0,0,0.014112114569150763
36642,test,0,0,0.03813387195159231
36646,test,0,0,0.1329279047229921
36648,test,0,0,0.013490088912900256
36651,test,0,0,0.033215437876758236
36653,test,0,0,0.030677897459604274
36659,test,0,0,0.020944149054731156
36661,test,0,0,0.004478445695611201
36662,test,0,0,0.05493787964480502
36663,test,0,0,0.040727031316864976
36669,test,0,0,0.17455297503244926
36677,test,0,0,0.013505992521348782
36683,test,0,0,0.014176516042709721
36684,test,0,0,0.014484726479902647
36706,test,0,0,0.05912703469653702
36711,test,0,0,0.08151259427510252
36716,test,0,0,0.010445572890522597
36717,test,0,0,0.013969332410042695
36720,test,0,0,0.02921112243408118
36723,test,0,0,0.10841799483374227
36740,test,0,0,0.033662444288290475
36741,test,0,0,0.11374814922393023
36743,test,0,0,0.026175484828753776
36749,test,0,0,0.00866326653443701
36768,test,0,0,0.006660579272424807
36776,test,0,0,0.060961477533905524
36779,test,0,0,0.13303655869702694
36780,test,0,0,0.011593418915084976
36781,test,0,0,0.4396279859374324
36791,test,0,0,0.03821305869561413
36795,test,0,0,0.045126807907189925
36803,test,0,0,0.008448843918641164
36808,test,0,0,0.02287858251682107
36821,test,0,0,0.04769004277373483
36852,test,0,0,0.18318659822297284
36853,test,0,0,0.018583520379173907
36854,test,0,0,0.015011114091245972
36860,test,0,0,0.04182691900084741
36875,test,0,0,0.025120533063796753
36881,test,0,0,0.01709912100791797
36887,test,0,0,0.06696047571151725
36896,test,0,0,0.056649181439735824
36899,test,0,0,0.041344204152984385
36901,test,0,0,0.023055386910821162
36909,test,0,0,0.14524591575021026
36917,test,0,0,0.146864304112095
36918,test,0,0,0.0734442307357438
36926,test,0,0,0.003459427988774184
36944,test,0,0,0.0206969843266819
36949,test,0,0,0.018882045330151923
36951,test,0,0,0.03036614507093672
36952,test,0,0,0.010223982209698916
36953,test,0,0,0.14940723683272403
36955,test,0,0,0.07578204328548242
36956,test,0,0,0.028167273194314564
36962,test,0,0,0.0031018797353273924
36969,test,0,0,0.0032603170320552807
36989,test,0,0,0.004016513418594792
36991,test,0,0,0.12794978386556907
36992,test,0,0,0.004238267915925155
36993,test,0,0,0.008761667288673263
36994,test,0,0,0.005097775075576934
37000,test,0,0,0.10160731593120685
37002,test,0,0,0.12008634617213314
37004,test,0,0,0.04411359680615646
37015,test,0,0,0.12489369541203392
37017,test,0,0,0.036062869185959384
37019,test,0,0,0.02446167731778238
37022,test,0,0,0.022476581716332177
37035,test,0,0,0.03729497238137376
37043,test,0,0,0.03678030721515081
37044,test,0,0,0.01206643320019263
37067,test,0,0,0.12401411350961489
37068,test,0,0,0.017004115228520637
37073,test,0,0,0.006674254762037316
37075,test,0,0,0.012607728952628188
37076,test,0,0,0.012040368086060021
37084,test,0,0,0.008139916920342483
37086,test,0,0,0.035423553624042044
37087,test,0,0,0.005711900990057782
37113,test,0,0,0.012316890760013868
37114,test,0,0,0.00500024663141879
37119,test,0,0,0.13946563234681691
37126,test,0,0,0.0454766676811165
37132,test,0,0,0.05263988372720149
37134,test,0,0,0.11263865021174853
37139,test,0,0,0.01348249460022166
37155,test,0,0,0.021047740187466937
37161,test,0,0,0.0035213113521885184
37163,test,0,0,0.06690556728771951
37169,test,0,0,0.0026732414669306654
37172,test,0,0,0.024777277640777935
37173,test,0,0,0.10741843684624341
37178,test,0,0,0.044982623826507744
37180,test,0,0,0.019029910164315468
37190,test,0,0,0.026290952284344346
37199,test,0,0,0.1418388451127349
37219,test,0,0,0.11998502756612371
37221,test,0,0,0.020483451520142398
37222,test,0,0,0.11327840006569949
37223,test,0,0,0.024646840348174326
37230,test,0,0,0.022505954960720505
37232,test,0,0,0.02091083125786327
37237,test,0,0,0.10604328749010779
37239,test,0,0,0.019021937981607145
37265,test,0,0,0.058803486129507206
37277,test,0,0,0.006170566852026919
37284,test,0,0,0.02385795338257673
37289,test,0,0,0.05156091839760491
37291,test,0,0,0.21472018576334406
37296,test,0,0,0.22826354271938856
37307,test,0,0,0.021921617145238274
37308,test,0,0,0.045804557271250136
37316,test,0,0,0.09423555102244062
37317,test,0,0,0.04092615758856067
37326,test,0,0,0.0352246687055344
37331,test,0,0,0.19526444644744226
37335,test,0,0,0.015883525051692306
37352,test,0,0,0.012897812775601147
37353,test,0,0,0.03529573953076457
37355,test,0,0,0.01095861609956239
37361,test,0,0,0.024700476621205576
37362,test,0,0,0.034237356680820244
37376,test,0,0,0.013590928206166987
37394,test,0,0,0.009254616269992074
37397,test,0,0,0.010833369732413589
37402,test,0,0,0.04113092482389311
37406,test,0,0,0.02566099551943931
37417,test,0,0,0.039634327408649625
37424,test,0,0,0.07830384223327762
37425,test,0,0,0.15720040481395278
37426,test,0,0,0.12640795169707486
37429,test,0,0,0.015085567364157036
37431,test,0,0,0.0246478207215876
37439,test,0,0,0.018816299967163337
37447,test,0,0,0.01299680390352456
37481,test,0,0,0.019957849806639442
37486,test,0,0,0.04955689491702311
37489,test,0,0,0.04088494161304836
37491,test,0,0,0.02665505338384076
37497,test,0,0,0.010097103887074936
37499,test,0,0,0.005967330115267309
37500,test,0,0,0.008799797662422683
37517,test,0,0,0.015408599677714928
37520,test,0,0,0.0881703183185247
37523,test,0,0,0.08533750941947667
37530,test,0,0,0.0308606270849636
37531,test,0,0,0.09905324660757482
37539,test,0,0,0.037035884473163805
37541,test,0,0,0.006384578438006422
37546,test,0,0,0.0829325480146622
37557,test,0,0,0.01728563549446255
37559,test,0,0,0.018123576152855973
37563,test,0,0,0.0924289791255164
37564,test,0,0,0.025548682764716845
37579,test,0,0,0.06827635932764783
37580,test,0,0,0.1297194173220379
37585,test,0,0,0.06565418274425412
37588,test,0,0,0.17806999531964027
37589,test,0,0,0.027833091934755336
37595,test,0,0,0.029007465550632747
37597,test,0,0,0.05423276258121865
37599,test,0,0,0.01578820390885532
37608,test,0,0,0.004585059678820903
37611,test,0,0,0.052755368626630654
37614,test,0,0,0.09188422735782081
37615,test,0,0,0.02424786977860329
37620,test,0,0,0.01087420177315857
37625,test,0,0,0.0050597408512611025
37626,test,0,0,0.025726632993303897
37635,test,0,0,0.16771343236260466
37636,test,0,0,0.028703184383479415
37641,test,0,0,0.013107844701539476
37646,test,0,0,0.023440379262914143
37653,test,0,0,0.07831920135640502
37656,test,0,0,0.030945593808018236
37668,test,0,0,0.01880697472557103
37685,test,0,0,0.008949070673190371
37688,test,0,0,0.017956120557934146
37689,test,0,0,0.020931766212491692
37693,test,0,0,0.04109750226141835
37697,test,0,0,0.03740792964343969
37699,test,0,0,0.012526528814793091
37706,test,0,0,0.051856515768678876
37713,test,0,0,0.22964207411160245
37722,test,0,0,0.020883524157168477
37729,test,0,0,0.13531162940597108
37736,test,0,0,0.03536703137115893
37762,test,0,0,0.4708823995948309
37770,test,0,1,0.5181785340283894
37776,test,0,0,0.02312465677826682
37777,test,0,0,0.33834220695715717
37783,test,0,0,0.005913899290512108
37784,test,0,0,0.012132034607366182
37790,test,0,0,0.027271604701153543
37793,test,0,0,0.03389534211698945
37819,test,0,0,0.00391933515835939
37828,test,0,0,0.11173365225906598
37836,test,0,0,0.008543654938761169
37838,test,0,0,0.032862208333304284
37839,test,0,0,0.031903736305903194
37845,test,0,0,0.023997471754328353
37883,test,0,0,0.014515830888978025
37895,test,0,0,0.019983522955737243
37903,test,0,0,0.08477972304332233
37906,test,0,0,0.07045093869098962
37908,test,0,0,0.0331146138897973
37909,test,0,0,0.018382134417317036
37913,test,0,0,0.1232077800631808
37914,test,0,0,0.0689084888178761
37915,test,0,0,0.013810608549812642
37918,test,0,0,0.010829922142148377
37924,test,0,0,0.010893139310123466
37935,test,0,0,0.04558872763551837
37936,test,0,0,0.014154776233781119
37942,test,0,0,0.03499241354050916
37949,test,0,0,0.032544691479662234
37952,test,0,0,0.036272828418800036
37958,test,0,0,0.01586849911013648
37962,test,0,0,0.10365333337456291
37970,test,0,0,0.014100207276851273
37974,test,0,0,0.12967515102126123
37983,test,0,0,0.005862629649890231
37984,test,0,0,0.007421108861818118
37990,test,0,0,0.15577509803747228
37991,test,0,0,0.02771382994385018
37995,test,0,0,0.1545847202933908
38016,test,0,0,0.0187781582997888
38017,test,0,0,0.05267421700772288
38020,test,0,0,0.013371952029773886
38023,test,0,0,0.01633983220047353
38031,test,0,0,0.03430988666143728
38038,test,0,0,0.0032704049049397574
38039,test,0,0,0.011278917931154132
38043,test,0,0,0.008121078488083546
38044,test,0,0,0.029920771172010734
38047,test,0,0,0.01664550218525988
38048,test,0,0,0.010502813741368333
38058,test,0,0,0.11996286407283466
38063,test,0,0,0.008840908716736096
38071,test,0,0,0.003125940847631188
38075,test,0,0,0.09713959435857226
38080,test,0,0,0.1380004992427135
38086,test,0,0,0.022982102343363075
38093,test,0,0,0.028890256542132377
38094,test,0,0,0.01946087744477749
38095,test,0,0,0.0298560813666022
38105,test,0,0,0.13771766704716715
38106,test,0,0,0.14752237677335064
38113,test,0,0,0.08335251535310376
38116,test,0,0,0.05780394252138441
38126,test,0,0,0.009627464761586739
38127,test,0,0,0.028232872630091766
38130,test,0,0,0.024077890131576313
38134,test,0,0,0.010261087064888492
38142,test,0,0,0.07223544638987248
38145,test,0,0,0.010138469510098764
38148,test,0,0,0.05912496478848504
38150,test,0,0,0.10498153367458736
38160,test,0,0,0.04416702091507309
38168,test,0,0,0.06497965954268166
38173,test,0,0,0.004052285132155228
38180,test,0,0,0.03911934818304505
38193,test,0,0,0.00418703515342868
38202,test,0,0,0.041277018482858446
38224,test,0,0,0.023069464211909686
38230,test,0,0,0.0031674380175205647
38235,test,0,0,0.021381650695515522
38247,test,0,0,0.016679470819644132
38258,test,0,0,0.08327014513676428
38278,test,0,0,0.012643670439917602
38281,test,0,0,0.08208576045977214
38283,test,0,0,0.011430168896400437
38286,test,0,0,0.016421304686934986
38287,test,0,0,0.007320377567288695
38290,test,0,0,0.018868019715107525
38291,test,0,0,0.08914267075972157
38302,test,0,0,0.06430765727948842
38303,test,0,0,0.03198234302269917
38304,test,0,0,0.011213118987528727
38311,test,0,0,0.045321736097118426
38313,test,0,0,0.07186278370174425
38320,test,0,0,0.020959035323639404
38325,test,0,0,0.023749587034574558
38333,test,0,0,0.01604653157654892
38338,test,0,0,0.047178865933753554
38341,test,0,0,0.008186980055886047
38347,test,0,0,0.06545064954159505
38348,test,0,0,0.08038554502946357
38361,test,0,0,0.09945414834392305
38370,test,0,0,0.019989473668489074
38376,test,0,0,0.0914665614234015
38382,test,0,0,0.015606889558006234
38384,test,0,0,0.05592606582395775
38391,test,0,0,0.03888323745925425
38392,test,0,0,0.17748188908271578
38393,test,0,0,0.045671475623391175
38400,test,0,0,0.018699280196337133
38402,test,0,0,0.012861392355914752
38411,test,0,0,0.05947328010904616
38414,test,0,0,0.013830687324024347
38417,test,0,0,0.03953607426421929
38418,test,0,0,0.027842655140499124
38422,test,0,0,0.011110625517249501
38428,test,0,0,0.023575921595217326
38429,test,0,0,0.03141509322167193
38440,test,0,0,0.014711126748321588
38441,test,0,0,0.036903510028029274
38449,test,0,0,0.142017591497087
38455,test,0,0,0.015431800627098995
38456,test,0,0,0.062383084642237095
38466,test,0,0,0.015946041612311147
38467,test,0,0,0.028341131676534456
38476,test,0,0,0.037267630509782386
38481,test,0,0,0.008996528831802734
38498,test,0,0,0.032495189631554025
38503,test,0,0,0.038055471263946254
38514,test,0,0,0.04913849973894983
38521,test,0,0,0.00694715305997791
38522,test,0,0,0.10724291366113481
38537,test,0,0,0.04042144612898214
38542,test,0,0,0.053041630564969966
38555,test,0,0,0.028438550518175277
38559,test,0,0,0.031216047213893667
38569,test,0,0,0.01654970113883969
38577,test,0,0,0.05284596509560622
38586,test,0,0,0.016113600458187622
38590,test,0,0,0.024365928231958683
38594,test,0,0,0.05541904676829763
38597,test,0,0,0.007121057139097046
38598,test,0,0,0.014582900869626348
38599,test,0,0,0.014854148727341301
38608,test,0,0,0.16516754198916708
38612,test,0,0,0.029670834388823914
38628,test,0,0,0.01772001527571532
38633,test,0,0,0.24392374721099858
38635,test,0,0,0.02853399381964102
38637,test,0,0,0.03806846650609383
38639,test,0,0,0.12515603103173548
38641,test,0,0,0.024038519438305598
38642,test,0,0,0.015246088013040776
38653,test,0,0,0.22114176289786358
38655,test,0,0,0.02124874127675342
